<?xml version="1.0"?>
<cena version="0.8.2"><result judgetime="44088.6473005787"><problem title="&#x5B57;&#x7B26;&#x6392;&#x5E8F;" filename="sstr.cpp" status="1" hash="3409592165" detail=""><testcase status="7" exitcode="0" detail="" time="0" memory="240" score="10"/><testcase status="7" exitcode="0" detail="" time="0" memory="240" score="10"/><testcase status="7" exitcode="0" detail="" time="0" memory="244" score="10"/><testcase status="7" exitcode="0" detail="" time="0" memory="240" score="10"/><testcase status="7" exitcode="0" detail="" time="0" memory="244" score="10"/><testcase status="7" exitcode="0" detail="" time="0" memory="240" score="10"/><testcase status="7" exitcode="0" detail="" time="0" memory="244" score="10"/><testcase status="7" exitcode="0" detail="" time="0" memory="240" score="10"/><testcase status="7" exitcode="0" detail="" time="0" memory="240" score="10"/><testcase status="7" exitcode="0" detail="" time="0" memory="240" score="10"/></problem><problem title="&#x7279;&#x6B8A;&#x6392;&#x5E8F;" filename="ssort.cpp" status="1" hash="3128045488" detail=""><testcase status="7" exitcode="0" detail="" time="0" memory="244" score="10"/><testcase status="7" exitcode="0" detail="" time="0" memory="244" score="10"/><testcase status="7" exitcode="0" detail="" time="0" memory="248" score="10"/><testcase status="7" exitcode="0" detail="" time="0" memory="244" score="10"/><testcase status="7" exitcode="0" detail="" time="0" memory="244" score="10"/><testcase status="7" exitcode="0" detail="" time="0" memory="244" score="10"/><testcase status="7" exitcode="0" detail="" time="0" memory="248" score="10"/><testcase status="7" exitcode="0" detail="" time="0.01" memory="248" score="10"/><testcase status="7" exitcode="0" detail="" time="0.01" memory="244" score="10"/><testcase status="7" exitcode="0" detail="" time="0" memory="248" score="10"/></problem><problem title="EXCEL&#x6392;&#x5E8F;" filename="excel.cpp" status="1" hash="2574955568" detail="AHHDEIRU.cpp: In function 'bool cmp3(const pp&amp;, const pp&amp;)':&#10;AHHDEIRU.cpp:23:1: warning: control reaches end of non-void function [-Wreturn-type]&#10; }&#10; ^&#10;"><testcase status="7" exitcode="0" detail="" time="0" memory="3580" score="10"/><testcase status="7" exitcode="0" detail="" time="0" memory="3580" score="10"/><testcase status="7" exitcode="0" detail="" time="0" memory="3584" score="10"/><testcase status="7" exitcode="0" detail="" time="0" memory="3580" score="10"/><testcase status="8" exitcode="0" detail="&#x5728;&#x7B2C; 290 &#x884C;:&#13;&#10;----&#x9009;&#x624B;&#x8F93;&#x51FA;&#x7684;&#x7B2C; 3 &#x5217;----&#13;&#10;&gt;...6763 a...&#13;&#10;----&#x6807;&#x51C6;&#x8F93;&#x51FA;&#x7684;&#x7B2C; 3 &#x5217;----&#13;&#10;&gt;...2183 a..." time="0.45" memory="3584" score="0"/><testcase status="7" exitcode="0" detail="" time="0.01" memory="3584" score="10"/><testcase status="8" exitcode="0" detail="&#x5728;&#x7B2C; 1343 &#x884C;:&#13;&#10;----&#x9009;&#x624B;&#x8F93;&#x51FA;&#x7684;&#x7B2C; 3 &#x5217;----&#13;&#10;&gt;...6763 a...&#13;&#10;----&#x6807;&#x51C6;&#x8F93;&#x51FA;&#x7684;&#x7B2C; 3 &#x5217;----&#13;&#10;&gt;...2183 a..." time="0.04" memory="3580" score="0"/><testcase status="7" exitcode="0" detail="" time="0" memory="3580" score="10"/><testcase status="7" exitcode="0" detail="" time="0" memory="3584" score="10"/><testcase status="8" exitcode="0" detail="&#x5728;&#x7B2C; 1343 &#x884C;:&#13;&#10;----&#x9009;&#x624B;&#x8F93;&#x51FA;&#x7684;&#x7B2C; 3 &#x5217;----&#13;&#10;&gt;...6763 a...&#13;&#10;----&#x6807;&#x51C6;&#x8F93;&#x51FA;&#x7684;&#x7B2C; 3 &#x5217;----&#13;&#10;&gt;...2183 a..." time="0.46" memory="3580" score="0"/></problem><problem title="&#x6251;&#x514B;&#x6392;&#x5E8F;" filename="card.cpp" status="1" hash="1688349384" detail=""><testcase status="7" exitcode="0" detail="" time="0" memory="456" score="10"/><testcase status="8" exitcode="0" detail="&#x5728;&#x7B2C; 1 &#x884C;:&#13;&#10;----&#x9009;&#x624B;&#x8F93;&#x51FA;&#x7684;&#x7B2C; 2 &#x5217;----&#13;&#10;&gt;...h 3d 1...&#13;&#10;----&#x6807;&#x51C6;&#x8F93;&#x51FA;&#x7684;&#x7B2C; 2 &#x5217;----&#13;&#10;&gt;...d 3h 1..." time="0" memory="452" score="0"/><testcase status="7" exitcode="0" detail="" time="0" memory="452" score="10"/><testcase status="8" exitcode="0" detail="&#x5728;&#x7B2C; 1 &#x884C;:&#13;&#10;----&#x9009;&#x624B;&#x8F93;&#x51FA;&#x7684;&#x7B2C; 2 &#x5217;----&#13;&#10;&gt;...s 7d 1...&#13;&#10;----&#x6807;&#x51C6;&#x8F93;&#x51FA;&#x7684;&#x7B2C; 2 &#x5217;----&#13;&#10;&gt;...d 7s 1..." time="0" memory="452" score="0"/><testcase status="8" exitcode="0" detail="&#x5728;&#x7B2C; 1 &#x884C;:&#13;&#10;----&#x9009;&#x624B;&#x8F93;&#x51FA;&#x7684;&#x7B2C; 2 &#x5217;----&#13;&#10;&gt;...s 7d 1...&#13;&#10;----&#x6807;&#x51C6;&#x8F93;&#x51FA;&#x7684;&#x7B2C; 2 &#x5217;----&#13;&#10;&gt;...d 7s 1..." time="0" memory="452" score="0"/><testcase status="8" exitcode="0" detail="&#x5728;&#x7B2C; 1 &#x884C;:&#13;&#10;----&#x9009;&#x624B;&#x8F93;&#x51FA;&#x7684;&#x7B2C; 3 &#x5217;----&#13;&#10;&gt;...s 10s ...&#13;&#10;----&#x6807;&#x51C6;&#x8F93;&#x51FA;&#x7684;&#x7B2C; 3 &#x5217;----&#13;&#10;&gt;...d 10d ..." time="0" memory="452" score="0"/><testcase status="8" exitcode="0" detail="&#x5728;&#x7B2C; 1 &#x884C;:&#13;&#10;----&#x9009;&#x624B;&#x8F93;&#x51FA;&#x7684;&#x7B2C; 3 &#x5217;----&#13;&#10;&gt;...c 10h ...&#13;&#10;----&#x6807;&#x51C6;&#x8F93;&#x51FA;&#x7684;&#x7B2C; 3 &#x5217;----&#13;&#10;&gt;...d 10d ..." time="0" memory="456" score="0"/><testcase status="7" exitcode="0" detail="" time="0" memory="452" score="10"/><testcase status="7" exitcode="0" detail="" time="0.01" memory="448" score="10"/><testcase status="8" exitcode="0" detail="&#x5728;&#x7B2C; 1 &#x884C;:&#13;&#10;----&#x9009;&#x624B;&#x8F93;&#x51FA;&#x7684;&#x7B2C; 9 &#x5217;----&#13;&#10;&gt;...s 10d ...&#13;&#10;----&#x6807;&#x51C6;&#x8F93;&#x51FA;&#x7684;&#x7B2C; 9 &#x5217;----&#13;&#10;&gt;...d 10s ..." time="0" memory="452" score="0"/></problem></result></cena>
