<?xml version="1.0"?>
<cena version="0.8.1"><result judgetime="44081.6657216088"><problem title="&#x6570;&#x5217;&#x6392;&#x5E8F;" filename="grop.cpp" status="1" hash="4281472282" detail=""><testcase status="7" exitcode="0" detail="" time="0" memory="1040" score="10"/><testcase status="7" exitcode="0" detail="" time="0.01" memory="1040" score="10"/><testcase status="7" exitcode="0" detail="" time="0" memory="1040" score="10"/><testcase status="7" exitcode="0" detail="" time="0" memory="1040" score="10"/><testcase status="7" exitcode="0" detail="" time="0.01" memory="1044" score="10"/><testcase status="7" exitcode="0" detail="" time="0.01" memory="1040" score="10"/><testcase status="7" exitcode="0" detail="" time="0" memory="1040" score="10"/><testcase status="7" exitcode="0" detail="" time="0.01" memory="1036" score="10"/><testcase status="7" exitcode="0" detail="" time="0" memory="1044" score="10"/><testcase status="7" exitcode="0" detail="" time="0.01" memory="1040" score="10"/></problem><problem title="&#x65E5;&#x671F;&#x6392;&#x5E8F;" filename="date.cpp" status="1" hash="1457252173" detail=""><testcase status="7" exitcode="0" detail="" time="0" memory="1044" score="10"/><testcase status="7" exitcode="0" detail="" time="0" memory="1044" score="10"/><testcase status="7" exitcode="0" detail="" time="0" memory="1044" score="10"/><testcase status="7" exitcode="0" detail="" time="0" memory="1044" score="10"/><testcase status="7" exitcode="0" detail="" time="0" memory="1044" score="10"/><testcase status="7" exitcode="0" detail="" time="0" memory="1044" score="10"/><testcase status="7" exitcode="0" detail="" time="0" memory="1044" score="10"/><testcase status="7" exitcode="0" detail="" time="0.01" memory="1044" score="10"/><testcase status="7" exitcode="0" detail="" time="0" memory="1044" score="10"/><testcase status="7" exitcode="0" detail="" time="0" memory="1040" score="10"/></problem><problem title="&#x8EAB;&#x4EFD;&#x8BC1;&#x6392;&#x5E8F;" filename="idcard.cpp" status="1" hash="2996960362" detail=""><testcase status="7" exitcode="0" detail="" time="0" memory="4068" score="10"/><testcase status="7" exitcode="0" detail="" time="0.01" memory="4068" score="10"/><testcase status="7" exitcode="0" detail="" time="0" memory="4072" score="10"/><testcase status="7" exitcode="0" detail="" time="0" memory="4068" score="10"/><testcase status="7" exitcode="0" detail="" time="0.01" memory="4068" score="10"/><testcase status="7" exitcode="0" detail="" time="0" memory="4072" score="10"/><testcase status="7" exitcode="0" detail="" time="0.01" memory="4068" score="10"/><testcase status="7" exitcode="0" detail="" time="0.01" memory="4068" score="10"/><testcase status="7" exitcode="0" detail="" time="0" memory="4068" score="10"/><testcase status="7" exitcode="0" detail="" time="0" memory="4072" score="10"/></problem><problem title="&#x6210;&#x7EE9;&#x6392;&#x5E8F;" filename="score.cpp" status="1" hash="3102547767" detail=""><testcase status="7" exitcode="0" detail="" time="0.01" memory="1160" score="10"/><testcase status="7" exitcode="0" detail="" time="0.03" memory="1156" score="10"/><testcase status="7" exitcode="0" detail="" time="0.01" memory="1152" score="10"/><testcase status="7" exitcode="0" detail="" time="0.01" memory="1152" score="10"/><testcase status="7" exitcode="0" detail="" time="0.01" memory="1152" score="10"/><testcase status="7" exitcode="0" detail="" time="0" memory="1152" score="10"/><testcase status="7" exitcode="0" detail="" time="0.01" memory="1136" score="10"/><testcase status="7" exitcode="0" detail="" time="0.03" memory="1136" score="10"/><testcase status="8" exitcode="0" detail="&#x9009;&#x624B;&#x8F93;&#x51FA;&#x6BD4;&#x6807;&#x51C6;&#x8F93;&#x51FA;&#x957F;&#x3002;" time="0" memory="1076" score="0"/><testcase status="8" exitcode="0" detail="&#x9009;&#x624B;&#x8F93;&#x51FA;&#x6BD4;&#x6807;&#x51C6;&#x8F93;&#x51FA;&#x957F;&#x3002;" time="0.01" memory="1076" score="0"/></problem><problem title="&#x6392;&#x5E8F;" filename="ssort.cpp" status="1" hash="199606774" detail=""><testcase status="7" exitcode="0" detail="" time="0" memory="16588" score="10"/><testcase status="7" exitcode="0" detail="" time="0.01" memory="16592" score="10"/><testcase status="7" exitcode="0" detail="" time="0" memory="16592" score="10"/><testcase status="7" exitcode="0" detail="" time="0" memory="16592" score="10"/><testcase status="7" exitcode="0" detail="" time="0" memory="16588" score="10"/><testcase status="7" exitcode="0" detail="" time="0" memory="16588" score="10"/><testcase status="7" exitcode="0" detail="" time="0" memory="16592" score="10"/><testcase status="7" exitcode="0" detail="" time="0" memory="16592" score="10"/><testcase status="7" exitcode="0" detail="" time="0" memory="16588" score="10"/><testcase status="7" exitcode="0" detail="" time="0.01" memory="16588" score="10"/></problem><problem title="&#x7EDD;&#x5BF9;&#x503C;&#x6392;&#x5E8F;" filename="absolute.cpp" status="1" hash="2510847151" detail=""><testcase status="7" exitcode="0" detail="" time="0.01" memory="32256" score="10"/><testcase status="7" exitcode="0" detail="" time="0" memory="32252" score="10"/><testcase status="7" exitcode="0" detail="" time="0" memory="32256" score="10"/><testcase status="7" exitcode="0" detail="" time="0.01" memory="32252" score="10"/><testcase status="7" exitcode="0" detail="" time="0" memory="32252" score="10"/><testcase status="7" exitcode="0" detail="" time="0.01" memory="32252" score="10"/><testcase status="7" exitcode="0" detail="" time="0" memory="32252" score="10"/><testcase status="7" exitcode="0" detail="" time="0" memory="32252" score="10"/><testcase status="7" exitcode="0" detail="" time="0" memory="32252" score="10"/><testcase status="7" exitcode="0" detail="" time="0" memory="32248" score="10"/></problem></result></cena>
