<?xml version="1.0"?>
<cena version="0.8.2"><result judgetime="44116.6563876042"><problem title="&#x5C0F;&#x660E;&#x5206;&#x7CD6;" filename="xiaoming.cpp" status="1" hash="2162919838" detail=""><testcase status="7" exitcode="0" detail="" time="0" memory="316" score="10"/><testcase status="7" exitcode="0" detail="" time="0" memory="312" score="10"/><testcase status="7" exitcode="0" detail="" time="0" memory="312" score="10"/><testcase status="7" exitcode="0" detail="" time="0" memory="312" score="10"/><testcase status="7" exitcode="0" detail="" time="0" memory="316" score="10"/><testcase status="7" exitcode="0" detail="" time="0" memory="320" score="10"/><testcase status="7" exitcode="0" detail="" time="0" memory="320" score="10"/><testcase status="7" exitcode="0" detail="" time="0" memory="316" score="10"/><testcase status="7" exitcode="0" detail="" time="0" memory="312" score="10"/><testcase status="7" exitcode="0" detail="" time="0" memory="316" score="10"/></problem><problem title="&#x6700;&#x5927;&#x5B50;&#x77E9;&#x9635;" filename="matrix.cpp" status="1" hash="3117469729" detail=""><testcase status="7" exitcode="0" detail="" time="0" memory="316" score="10"/><testcase status="7" exitcode="0" detail="" time="0" memory="316" score="10"/><testcase status="7" exitcode="0" detail="" time="0" memory="316" score="10"/><testcase status="7" exitcode="0" detail="" time="0" memory="312" score="10"/><testcase status="7" exitcode="0" detail="" time="0" memory="316" score="10"/><testcase status="7" exitcode="0" detail="" time="0" memory="316" score="10"/><testcase status="7" exitcode="0" detail="" time="0" memory="316" score="10"/><testcase status="7" exitcode="0" detail="" time="0" memory="316" score="10"/><testcase status="7" exitcode="0" detail="" time="0" memory="316" score="10"/><testcase status="7" exitcode="0" detail="" time="0" memory="312" score="10"/></problem><problem title="&#x5403;&#x6843;&#x5B50;" filename="peach.cpp" status="1" hash="1620965771" detail=""><testcase status="7" exitcode="0" detail="" time="0" memory="352" score="10"/><testcase status="7" exitcode="0" detail="" time="0" memory="356" score="10"/><testcase status="7" exitcode="0" detail="" time="0" memory="356" score="10"/><testcase status="7" exitcode="0" detail="" time="0" memory="356" score="10"/><testcase status="7" exitcode="0" detail="" time="0.01" memory="352" score="10"/><testcase status="7" exitcode="0" detail="" time="0.01" memory="352" score="10"/><testcase status="7" exitcode="0" detail="" time="0.03" memory="356" score="10"/><testcase status="7" exitcode="0" detail="" time="0.04" memory="352" score="10"/><testcase status="7" exitcode="0" detail="" time="0.03" memory="356" score="10"/><testcase status="7" exitcode="0" detail="" time="0.01" memory="356" score="10"/></problem><problem title="&#x5B57;&#x7B26;&#x4E32;&#x8DDD;&#x79BB;" filename="zifu.cpp" status="1" hash="2076582038" detail=""><testcase status="7" exitcode="0" detail="" time="0" memory="16136" score="10"/><testcase status="7" exitcode="0" detail="" time="0" memory="16140" score="10"/><testcase status="7" exitcode="0" detail="" time="0.01" memory="16140" score="10"/><testcase status="7" exitcode="0" detail="" time="0.01" memory="16140" score="10"/><testcase status="7" exitcode="0" detail="" time="0.03" memory="16140" score="10"/><testcase status="7" exitcode="0" detail="" time="0.07" memory="16136" score="10"/><testcase status="7" exitcode="0" detail="" time="0.09" memory="16136" score="10"/><testcase status="7" exitcode="0" detail="" time="0.14" memory="16136" score="10"/><testcase status="7" exitcode="0" detail="" time="0.17" memory="16136" score="10"/><testcase status="7" exitcode="0" detail="" time="0.24" memory="16136" score="10"/></problem></result></cena>
