<?xml version="1.0"?>
<cena version="0.8.2"><result judgetime="44116.631445"><problem title="&#x5C0F;&#x660E;&#x5206;&#x7CD6;" filename="xiaoming.cpp" status="1" hash="3818765264" detail="AHQNQKVN.cpp: In function 'int read(int&amp;)':&#10;AHQNQKVN.cpp:15:1: warning: no return statement in function returning non-void [-Wreturn-type]&#10; }&#10; ^&#10;"><testcase status="7" exitcode="0" detail="" time="0" memory="484" score="10"/><testcase status="7" exitcode="0" detail="" time="0" memory="488" score="10"/><testcase status="7" exitcode="0" detail="" time="0" memory="484" score="10"/><testcase status="7" exitcode="0" detail="" time="0" memory="484" score="10"/><testcase status="7" exitcode="0" detail="" time="0" memory="484" score="10"/><testcase status="7" exitcode="0" detail="" time="0" memory="484" score="10"/><testcase status="7" exitcode="0" detail="" time="0" memory="484" score="10"/><testcase status="7" exitcode="0" detail="" time="0" memory="484" score="10"/><testcase status="7" exitcode="0" detail="" time="0" memory="484" score="10"/><testcase status="7" exitcode="0" detail="" time="0" memory="484" score="10"/></problem><problem title="&#x6700;&#x5927;&#x5B50;&#x77E9;&#x9635;" filename="matrix.cpp" status="1" hash="1360832119" detail="HBSSGQJX.cpp: In function 'int read(int&amp;)':&#10;HBSSGQJX.cpp:17:1: warning: no return statement in function returning non-void [-Wreturn-type]&#10; }&#10; ^&#10;"><testcase status="7" exitcode="0" detail="" time="0" memory="528" score="10"/><testcase status="7" exitcode="0" detail="" time="0" memory="528" score="10"/><testcase status="7" exitcode="0" detail="" time="0" memory="528" score="10"/><testcase status="7" exitcode="0" detail="" time="0" memory="528" score="10"/><testcase status="7" exitcode="0" detail="" time="0" memory="528" score="10"/><testcase status="7" exitcode="0" detail="" time="0" memory="528" score="10"/><testcase status="7" exitcode="0" detail="" time="0" memory="528" score="10"/><testcase status="7" exitcode="0" detail="" time="0" memory="528" score="10"/><testcase status="7" exitcode="0" detail="" time="0" memory="528" score="10"/><testcase status="7" exitcode="0" detail="" time="0" memory="528" score="10"/></problem><problem title="&#x5403;&#x6843;&#x5B50;" filename="peach.cpp" status="1" hash="1407045708" detail="MBOZUQJW.cpp: In function 'int read(int&amp;)':&#10;MBOZUQJW.cpp:16:1: warning: no return statement in function returning non-void [-Wreturn-type]&#10; }&#10; ^&#10;"><testcase status="7" exitcode="0" detail="" time="0" memory="528" score="10"/><testcase status="7" exitcode="0" detail="" time="0" memory="528" score="10"/><testcase status="7" exitcode="0" detail="" time="0.01" memory="532" score="10"/><testcase status="7" exitcode="0" detail="" time="0.01" memory="532" score="10"/><testcase status="7" exitcode="0" detail="" time="0.01" memory="528" score="10"/><testcase status="7" exitcode="0" detail="" time="0.03" memory="528" score="10"/><testcase status="7" exitcode="0" detail="" time="0.03" memory="528" score="10"/><testcase status="7" exitcode="0" detail="" time="0.03" memory="532" score="10"/><testcase status="7" exitcode="0" detail="" time="0.01" memory="528" score="10"/><testcase status="7" exitcode="0" detail="" time="0.03" memory="528" score="10"/></problem><problem title="&#x5B57;&#x7B26;&#x4E32;&#x8DDD;&#x79BB;" filename="zifu.cpp" status="1" hash="4293999443" detail="TIZMLBKO.cpp: In function 'int read(int&amp;)':&#10;TIZMLBKO.cpp:16:1: warning: no return statement in function returning non-void [-Wreturn-type]&#10; }&#10; ^&#10;"><testcase status="7" exitcode="0" detail="" time="0" memory="4396" score="10"/><testcase status="7" exitcode="0" detail="" time="0" memory="4396" score="10"/><testcase status="7" exitcode="0" detail="" time="0.01" memory="4396" score="10"/><testcase status="7" exitcode="0" detail="" time="0.03" memory="4396" score="10"/><testcase status="7" exitcode="0" detail="" time="0.03" memory="4392" score="10"/><testcase status="7" exitcode="0" detail="" time="0.1" memory="4400" score="10"/><testcase status="7" exitcode="0" detail="" time="0.14" memory="4396" score="10"/><testcase status="7" exitcode="0" detail="" time="0.2" memory="4396" score="10"/><testcase status="7" exitcode="0" detail="" time="0.28" memory="4396" score="10"/><testcase status="7" exitcode="0" detail="" time="0.37" memory="4396" score="10"/></problem></result></cena>
