<?xml version="1.0"?>
<cena version="0.8.2"><result judgetime="44098.5913764236"><problem title="maths" filename="maths.cpp" status="1" hash="4262405852" detail=""><testcase status="7" exitcode="0" detail="" time="0" memory="372" score="10"/><testcase status="7" exitcode="0" detail="" time="0" memory="376" score="10"/><testcase status="7" exitcode="0" detail="" time="0" memory="376" score="10"/><testcase status="7" exitcode="0" detail="" time="0.01" memory="376" score="10"/><testcase status="7" exitcode="0" detail="" time="0.03" memory="376" score="10"/><testcase status="7" exitcode="0" detail="" time="0.03" memory="376" score="10"/><testcase status="7" exitcode="0" detail="" time="0.03" memory="380" score="10"/><testcase status="7" exitcode="0" detail="" time="0.01" memory="376" score="10"/><testcase status="7" exitcode="0" detail="" time="0.01" memory="376" score="10"/><testcase status="7" exitcode="0" detail="" time="0.01" memory="376" score="10"/></problem><problem title="close" filename="close.cpp" status="1" hash="3508958411" detail=""><testcase status="7" exitcode="0" detail="" time="0" memory="272" score="10"/><testcase status="7" exitcode="0" detail="" time="0" memory="272" score="10"/><testcase status="7" exitcode="0" detail="" time="0" memory="276" score="10"/><testcase status="7" exitcode="0" detail="" time="0" memory="276" score="10"/><testcase status="7" exitcode="0" detail="" time="0" memory="276" score="10"/><testcase status="7" exitcode="0" detail="" time="0" memory="276" score="10"/><testcase status="7" exitcode="0" detail="" time="0" memory="272" score="10"/><testcase status="7" exitcode="0" detail="" time="0" memory="276" score="10"/><testcase status="7" exitcode="0" detail="" time="0" memory="272" score="10"/><testcase status="7" exitcode="0" detail="" time="0" memory="272" score="10"/></problem><problem title="dna" filename="dna.cpp" status="1" hash="14917271" detail=""><testcase status="7" exitcode="0" detail="" time="0" memory="432" score="10"/><testcase status="7" exitcode="0" detail="" time="0" memory="432" score="10"/><testcase status="7" exitcode="0" detail="" time="0" memory="440" score="10"/><testcase status="7" exitcode="0" detail="" time="0" memory="436" score="10"/><testcase status="7" exitcode="0" detail="" time="0" memory="436" score="10"/><testcase status="7" exitcode="0" detail="" time="0" memory="436" score="10"/><testcase status="7" exitcode="0" detail="" time="0" memory="432" score="10"/><testcase status="7" exitcode="0" detail="" time="0" memory="436" score="10"/><testcase status="7" exitcode="0" detail="" time="0" memory="436" score="10"/><testcase status="7" exitcode="0" detail="" time="0" memory="436" score="10"/></problem><problem title="game" filename="game.cpp" status="1" hash="2038452819" detail=""><testcase status="7" exitcode="0" detail="" time="0" memory="1452" score="10"/><testcase status="7" exitcode="0" detail="" time="0.01" memory="1448" score="10"/><testcase status="7" exitcode="0" detail="" time="0.01" memory="1448" score="10"/><testcase status="7" exitcode="0" detail="" time="0.12" memory="1448" score="10"/><testcase status="7" exitcode="0" detail="" time="0.12" memory="1448" score="10"/><testcase status="7" exitcode="0" detail="" time="0.12" memory="1444" score="10"/><testcase status="7" exitcode="0" detail="" time="0.09" memory="1448" score="10"/><testcase status="7" exitcode="0" detail="" time="0.12" memory="1448" score="10"/><testcase status="7" exitcode="0" detail="" time="0.1" memory="1448" score="10"/><testcase status="7" exitcode="0" detail="" time="0.1" memory="1448" score="10"/></problem></result></cena>
