<?xml version="1.0"?>
<cena version="0.8.2"><result judgetime="44098.6573757755"><problem title="maths" filename="maths.cpp" status="1" hash="1174506851" detail=""><testcase status="7" exitcode="0" detail="" time="0" memory="376" score="10"/><testcase status="7" exitcode="0" detail="" time="0" memory="372" score="10"/><testcase status="7" exitcode="0" detail="" time="0" memory="376" score="10"/><testcase status="3" exitcode="1" detail="" time="1.0296066" memory="376" score="0"/><testcase status="3" exitcode="1" detail="" time="1.0140065" memory="376" score="0"/><testcase status="3" exitcode="1" detail="" time="1.0140065" memory="376" score="0"/><testcase status="3" exitcode="1" detail="" time="1.0140065" memory="372" score="0"/><testcase status="3" exitcode="1" detail="" time="1.0140065" memory="372" score="0"/><testcase status="3" exitcode="1" detail="" time="1.0140065" memory="376" score="0"/><testcase status="3" exitcode="1" detail="" time="1.0140065" memory="380" score="0"/></problem><problem title="close" filename="close.cpp" status="1" hash="3681655154" detail=""><testcase status="3" exitcode="1" detail="" time="1.0140065" memory="276" score="0"/><testcase status="3" exitcode="1" detail="" time="1.0140065" memory="272" score="0"/><testcase status="7" exitcode="0" detail="" time="0.79" memory="276" score="10"/><testcase status="3" exitcode="1" detail="" time="1.0140065" memory="272" score="0"/><testcase status="3" exitcode="1" detail="" time="1.2012077" memory="276" score="0"/><testcase status="3" exitcode="1" detail="" time="1.0140065" memory="272" score="0"/><testcase status="3" exitcode="1" detail="" time="1.0140065" memory="276" score="0"/><testcase status="3" exitcode="1" detail="" time="1.0140065" memory="276" score="0"/><testcase status="3" exitcode="1" detail="" time="1.0140065" memory="272" score="0"/><testcase status="3" exitcode="1" detail="" time="1.0140065" memory="272" score="0"/></problem><problem title="dna" filename="dna.cpp" status="1" hash="1858878616" detail=""><testcase status="4" exitcode="0" detail="" time="0" memory="391668" score="0"/><testcase status="4" exitcode="0" detail="" time="0" memory="391664" score="0"/><testcase status="4" exitcode="0" detail="" time="0" memory="391664" score="0"/><testcase status="4" exitcode="1" detail="" time="0.2" memory="391664" score="0"/><testcase status="4" exitcode="1" detail="" time="0" memory="391636" score="0"/><testcase status="4" exitcode="1" detail="" time="0.2" memory="391664" score="0"/><testcase status="4" exitcode="1" detail="" time="0.18" memory="391664" score="0"/><testcase status="4" exitcode="1" detail="" time="0.2" memory="391664" score="0"/><testcase status="4" exitcode="1" detail="" time="0.2" memory="391664" score="0"/><testcase status="4" exitcode="1" detail="" time="0.2" memory="391664" score="0"/></problem><problem title="game" filename="" status="14" hash="0" detail=""><testcase status="14" exitcode="0" detail="" time="0" memory="0" score="0"/><testcase status="14" exitcode="0" detail="" time="0" memory="0" score="0"/><testcase status="14" exitcode="0" detail="" time="0" memory="0" score="0"/><testcase status="14" exitcode="0" detail="" time="0" memory="0" score="0"/><testcase status="14" exitcode="0" detail="" time="0" memory="0" score="0"/><testcase status="14" exitcode="0" detail="" time="0" memory="0" score="0"/><testcase status="14" exitcode="0" detail="" time="0" memory="0" score="0"/><testcase status="14" exitcode="0" detail="" time="0" memory="0" score="0"/><testcase status="14" exitcode="0" detail="" time="0" memory="0" score="0"/><testcase status="14" exitcode="0" detail="" time="0" memory="0" score="0"/></problem></result></cena>
