<?xml version="1.0"?>
<cena version="0.8.2"><result judgetime="44095.7385543982"><problem title="notepad" filename="notepad.cpp" status="1" hash="2102641887" detail=""><testcase status="8" exitcode="0" detail="&#x5728;&#x7B2C; 1 &#x884C;:&#13;&#10;----&#x9009;&#x624B;&#x8F93;&#x51FA;&#x7684;&#x7B2C; 1 &#x5217;----&#13;&#10;&gt;5-9730...&#13;&#10;----&#x6807;&#x51C6;&#x8F93;&#x51FA;&#x7684;&#x7B2C; 1 &#x5217;----&#13;&#10;&gt;005-97..." time="0.03" memory="39632" score="0"/><testcase status="8" exitcode="0" detail="&#x5728;&#x7B2C; 1 &#x884C;:&#13;&#10;----&#x9009;&#x624B;&#x8F93;&#x51FA;&#x7684;&#x7B2C; 2 &#x5217;----&#13;&#10;&gt;...-227 3&#13;&#10;----&#x6807;&#x51C6;&#x8F93;&#x51FA;&#x7684;&#x7B2C; 2 &#x5217;----&#13;&#10;&gt;...00-022..." time="0.39" memory="39632" score="0"/><testcase status="7" exitcode="0" detail="" time="0.35" memory="39636" score="5"/><testcase status="7" exitcode="0" detail="" time="0.37" memory="39632" score="5"/><testcase status="7" exitcode="0" detail="" time="0.01" memory="39632" score="5"/><testcase status="7" exitcode="0" detail="" time="0.03" memory="39632" score="5"/><testcase status="7" exitcode="0" detail="" time="0.03" memory="39632" score="5"/><testcase status="8" exitcode="0" detail="&#x5728;&#x7B2C; 1 &#x884C;:&#13;&#10;----&#x9009;&#x624B;&#x8F93;&#x51FA;&#x7684;&#x7B2C; 2 &#x5217;----&#13;&#10;&gt;...-0 11&#13;&#10;----&#x6807;&#x51C6;&#x8F93;&#x51FA;&#x7684;&#x7B2C; 2 &#x5217;----&#13;&#10;&gt;...00-000..." time="0.37" memory="39632" score="0"/><testcase status="8" exitcode="0" detail="&#x5728;&#x7B2C; 1 &#x884C;:&#13;&#10;----&#x9009;&#x624B;&#x8F93;&#x51FA;&#x7684;&#x7B2C; 2 &#x5217;----&#13;&#10;&gt;...-0 7&#13;&#10;----&#x6807;&#x51C6;&#x8F93;&#x51FA;&#x7684;&#x7B2C; 2 &#x5217;----&#13;&#10;&gt;...00-000..." time="0.24" memory="39632" score="0"/><testcase status="8" exitcode="0" detail="&#x5728;&#x7B2C; 1 &#x884C;:&#13;&#10;----&#x9009;&#x624B;&#x8F93;&#x51FA;&#x7684;&#x7B2C; 2 &#x5217;----&#13;&#10;&gt;...-0 7&#13;&#10;----&#x6807;&#x51C6;&#x8F93;&#x51FA;&#x7684;&#x7B2C; 2 &#x5217;----&#13;&#10;&gt;...00-000..." time="0.24" memory="39632" score="0"/><testcase status="8" exitcode="0" detail="&#x5728;&#x7B2C; 1 &#x884C;:&#13;&#10;----&#x9009;&#x624B;&#x8F93;&#x51FA;&#x7684;&#x7B2C; 2 &#x5217;----&#13;&#10;&gt;...-0 11&#13;&#10;----&#x6807;&#x51C6;&#x8F93;&#x51FA;&#x7684;&#x7B2C; 2 &#x5217;----&#13;&#10;&gt;...00-000..." time="0.35" memory="39632" score="0"/><testcase status="8" exitcode="0" detail="&#x5728;&#x7B2C; 1 &#x884C;:&#13;&#10;----&#x9009;&#x624B;&#x8F93;&#x51FA;&#x7684;&#x7B2C; 2 &#x5217;----&#13;&#10;&gt;...-0 11&#13;&#10;----&#x6807;&#x51C6;&#x8F93;&#x51FA;&#x7684;&#x7B2C; 2 &#x5217;----&#13;&#10;&gt;...00-000..." time="0.37" memory="39632" score="0"/><testcase status="7" exitcode="0" detail="" time="0.03" memory="39636" score="10"/><testcase status="7" exitcode="0" detail="" time="0.01" memory="39632" score="10"/><testcase status="7" exitcode="0" detail="" time="0.15" memory="39632" score="10"/></problem><problem title="window" filename="window.cpp" status="1" hash="1200730598" detail=""><testcase status="7" exitcode="0" detail="" time="0" memory="8116" score="10"/><testcase status="7" exitcode="0" detail="" time="0" memory="8112" score="10"/><testcase status="7" exitcode="0" detail="" time="0.04" memory="8116" score="10"/><testcase status="7" exitcode="0" detail="" time="0.09" memory="8112" score="10"/><testcase status="7" exitcode="0" detail="" time="0.01" memory="8112" score="10"/><testcase status="7" exitcode="0" detail="" time="0.29" memory="8112" score="10"/><testcase status="7" exitcode="0" detail="" time="0.4" memory="8112" score="10"/><testcase status="7" exitcode="0" detail="" time="0.59" memory="8112" score="10"/><testcase status="3" exitcode="1" detail="" time="1.0140065" memory="8112" score="0"/><testcase status="7" exitcode="0" detail="" time="0.54" memory="8112" score="10"/></problem><problem title="apples" filename="" status="14" hash="0" detail=""><testcase status="14" exitcode="0" detail="" time="0" memory="0" score="0"/><testcase status="14" exitcode="0" detail="" time="0" memory="0" score="0"/><testcase status="14" exitcode="0" detail="" time="0" memory="0" score="0"/><testcase status="14" exitcode="0" detail="" time="0" memory="0" score="0"/><testcase status="14" exitcode="0" detail="" time="0" memory="0" score="0"/><testcase status="14" exitcode="0" detail="" time="0" memory="0" score="0"/><testcase status="14" exitcode="0" detail="" time="0" memory="0" score="0"/><testcase status="14" exitcode="0" detail="" time="0" memory="0" score="0"/></problem><problem title="zipper" filename="zipper.cpp" status="1" hash="2020556154" detail=""><testcase status="8" exitcode="0" detail="&#x5728;&#x7B2C; 1 &#x884C;:&#13;&#10;----&#x9009;&#x624B;&#x8F93;&#x51FA;&#x7684;&#x7B2C; 13 &#x5217;----&#13;&#10;&gt;... no&#13;&#10;----&#x6807;&#x51C6;&#x8F93;&#x51FA;&#x7684;&#x7B2C; 13 &#x5217;----&#13;&#10;&gt;... yes" time="0" memory="328" score="0"/><testcase status="8" exitcode="0" detail="&#x5728;&#x7B2C; 1 &#x884C;:&#13;&#10;----&#x9009;&#x624B;&#x8F93;&#x51FA;&#x7684;&#x7B2C; 13 &#x5217;----&#13;&#10;&gt;... no&#13;&#10;----&#x6807;&#x51C6;&#x8F93;&#x51FA;&#x7684;&#x7B2C; 13 &#x5217;----&#13;&#10;&gt;... yes" time="0.01" memory="328" score="0"/><testcase status="8" exitcode="0" detail="&#x5728;&#x7B2C; 1 &#x884C;:&#13;&#10;----&#x9009;&#x624B;&#x8F93;&#x51FA;&#x7684;&#x7B2C; 13 &#x5217;----&#13;&#10;&gt;... no&#13;&#10;----&#x6807;&#x51C6;&#x8F93;&#x51FA;&#x7684;&#x7B2C; 13 &#x5217;----&#13;&#10;&gt;... yes" time="0" memory="328" score="0"/><testcase status="8" exitcode="0" detail="&#x5728;&#x7B2C; 2 &#x884C;:&#13;&#10;----&#x9009;&#x624B;&#x8F93;&#x51FA;&#x7684;&#x7B2C; 13 &#x5217;----&#13;&#10;&gt;... no&#13;&#10;----&#x6807;&#x51C6;&#x8F93;&#x51FA;&#x7684;&#x7B2C; 13 &#x5217;----&#13;&#10;&gt;... yes" time="0" memory="324" score="0"/><testcase status="8" exitcode="0" detail="&#x5728;&#x7B2C; 1 &#x884C;:&#13;&#10;----&#x9009;&#x624B;&#x8F93;&#x51FA;&#x7684;&#x7B2C; 13 &#x5217;----&#13;&#10;&gt;... no&#13;&#10;----&#x6807;&#x51C6;&#x8F93;&#x51FA;&#x7684;&#x7B2C; 13 &#x5217;----&#13;&#10;&gt;... yes" time="0" memory="328" score="0"/><testcase status="8" exitcode="0" detail="&#x5728;&#x7B2C; 2 &#x884C;:&#13;&#10;----&#x9009;&#x624B;&#x8F93;&#x51FA;&#x7684;&#x7B2C; 13 &#x5217;----&#13;&#10;&gt;... no&#13;&#10;----&#x6807;&#x51C6;&#x8F93;&#x51FA;&#x7684;&#x7B2C; 13 &#x5217;----&#13;&#10;&gt;... yes" time="0" memory="324" score="0"/><testcase status="8" exitcode="0" detail="&#x5728;&#x7B2C; 1 &#x884C;:&#13;&#10;----&#x9009;&#x624B;&#x8F93;&#x51FA;&#x7684;&#x7B2C; 13 &#x5217;----&#13;&#10;&gt;... no&#13;&#10;----&#x6807;&#x51C6;&#x8F93;&#x51FA;&#x7684;&#x7B2C; 13 &#x5217;----&#13;&#10;&gt;... yes" time="0" memory="324" score="0"/><testcase status="8" exitcode="0" detail="&#x5728;&#x7B2C; 1 &#x884C;:&#13;&#10;----&#x9009;&#x624B;&#x8F93;&#x51FA;&#x7684;&#x7B2C; 13 &#x5217;----&#13;&#10;&gt;... no&#13;&#10;----&#x6807;&#x51C6;&#x8F93;&#x51FA;&#x7684;&#x7B2C; 13 &#x5217;----&#13;&#10;&gt;... yes" time="0" memory="328" score="0"/><testcase status="8" exitcode="0" detail="&#x5728;&#x7B2C; 1 &#x884C;:&#13;&#10;----&#x9009;&#x624B;&#x8F93;&#x51FA;&#x7684;&#x7B2C; 13 &#x5217;----&#13;&#10;&gt;... no&#13;&#10;----&#x6807;&#x51C6;&#x8F93;&#x51FA;&#x7684;&#x7B2C; 13 &#x5217;----&#13;&#10;&gt;... yes" time="0" memory="324" score="0"/><testcase status="8" exitcode="0" detail="&#x5728;&#x7B2C; 1 &#x884C;:&#13;&#10;----&#x9009;&#x624B;&#x8F93;&#x51FA;&#x7684;&#x7B2C; 13 &#x5217;----&#13;&#10;&gt;... no&#13;&#10;----&#x6807;&#x51C6;&#x8F93;&#x51FA;&#x7684;&#x7B2C; 13 &#x5217;----&#13;&#10;&gt;... yes" time="0" memory="332" score="0"/></problem></result></cena>
