<?xml version="1.0"?>
<cena version="0.8.1"><result judgetime="44081.6639006944"><problem title="&#x6570;&#x5217;&#x6392;&#x5E8F;" filename="grop.cpp" status="1" hash="1549739660" detail=""><testcase status="7" exitcode="0" detail="" time="0" memory="1052" score="10"/><testcase status="7" exitcode="0" detail="" time="0" memory="1052" score="10"/><testcase status="7" exitcode="0" detail="" time="0.01" memory="1052" score="10"/><testcase status="7" exitcode="0" detail="" time="0" memory="1060" score="10"/><testcase status="7" exitcode="0" detail="" time="0" memory="1056" score="10"/><testcase status="7" exitcode="0" detail="" time="0" memory="1052" score="10"/><testcase status="7" exitcode="0" detail="" time="0" memory="1052" score="10"/><testcase status="7" exitcode="0" detail="" time="0" memory="1052" score="10"/><testcase status="7" exitcode="0" detail="" time="0" memory="1052" score="10"/><testcase status="7" exitcode="0" detail="" time="0.01" memory="1056" score="10"/></problem><problem title="&#x65E5;&#x671F;&#x6392;&#x5E8F;" filename="date.cpp" status="1" hash="72241351" detail=""><testcase status="7" exitcode="0" detail="" time="0" memory="3284" score="10"/><testcase status="7" exitcode="0" detail="" time="0" memory="3280" score="10"/><testcase status="7" exitcode="0" detail="" time="0.01" memory="3284" score="10"/><testcase status="7" exitcode="0" detail="" time="0" memory="3280" score="10"/><testcase status="7" exitcode="0" detail="" time="0" memory="3288" score="10"/><testcase status="7" exitcode="0" detail="" time="0.01" memory="3284" score="10"/><testcase status="7" exitcode="0" detail="" time="0.03" memory="3284" score="10"/><testcase status="7" exitcode="0" detail="" time="0" memory="3284" score="10"/><testcase status="7" exitcode="0" detail="" time="0" memory="3280" score="10"/><testcase status="7" exitcode="0" detail="" time="0.01" memory="3280" score="10"/></problem><problem title="&#x8EAB;&#x4EFD;&#x8BC1;&#x6392;&#x5E8F;" filename="idcard.cpp" status="1" hash="4022759340" detail=""><testcase status="7" exitcode="0" detail="" time="0.01" memory="4068" score="10"/><testcase status="7" exitcode="0" detail="" time="0.01" memory="4068" score="10"/><testcase status="7" exitcode="0" detail="" time="0.01" memory="4068" score="10"/><testcase status="7" exitcode="0" detail="" time="0" memory="4068" score="10"/><testcase status="7" exitcode="0" detail="" time="0.01" memory="4068" score="10"/><testcase status="7" exitcode="0" detail="" time="0.01" memory="4072" score="10"/><testcase status="7" exitcode="0" detail="" time="0.01" memory="4068" score="10"/><testcase status="7" exitcode="0" detail="" time="0" memory="4068" score="10"/><testcase status="7" exitcode="0" detail="" time="0" memory="4072" score="10"/><testcase status="7" exitcode="0" detail="" time="0" memory="4064" score="10"/></problem><problem title="&#x6210;&#x7EE9;&#x6392;&#x5E8F;" filename="score.cpp" status="1" hash="718158944" detail=""><testcase status="4" exitcode="0" detail="" time="0.06" memory="991272" score="0"/><testcase status="4" exitcode="0" detail="" time="0.07" memory="991268" score="0"/><testcase status="4" exitcode="0" detail="" time="0.06" memory="991268" score="0"/><testcase status="4" exitcode="0" detail="" time="0.06" memory="991268" score="0"/><testcase status="4" exitcode="0" detail="" time="0.06" memory="991264" score="0"/><testcase status="4" exitcode="1" detail="" time="0" memory="991148" score="0"/><testcase status="4" exitcode="1" detail="" time="0" memory="990904" score="0"/><testcase status="4" exitcode="1" detail="" time="0" memory="991036" score="0"/><testcase status="4" exitcode="0" detail="" time="0" memory="991260" score="0"/><testcase status="4" exitcode="0" detail="" time="0" memory="991256" score="0"/></problem><problem title="&#x6392;&#x5E8F;" filename="ssort.cpp" status="1" hash="408572706" detail=""><testcase status="7" exitcode="0" detail="" time="0" memory="8768" score="10"/><testcase status="7" exitcode="0" detail="" time="0" memory="8768" score="10"/><testcase status="7" exitcode="0" detail="" time="0" memory="8764" score="10"/><testcase status="7" exitcode="0" detail="" time="0" memory="8764" score="10"/><testcase status="7" exitcode="0" detail="" time="0.01" memory="8768" score="10"/><testcase status="7" exitcode="0" detail="" time="0.01" memory="8764" score="10"/><testcase status="7" exitcode="0" detail="" time="0" memory="8768" score="10"/><testcase status="7" exitcode="0" detail="" time="0" memory="8768" score="10"/><testcase status="7" exitcode="0" detail="" time="0" memory="8768" score="10"/><testcase status="7" exitcode="0" detail="" time="0" memory="8768" score="10"/></problem><problem title="&#x7EDD;&#x5BF9;&#x503C;&#x6392;&#x5E8F;" filename="absolute.cpp" status="1" hash="2986424781" detail=""><testcase status="7" exitcode="0" detail="" time="0.01" memory="8764" score="10"/><testcase status="7" exitcode="0" detail="" time="0" memory="8764" score="10"/><testcase status="7" exitcode="0" detail="" time="0" memory="8768" score="10"/><testcase status="7" exitcode="0" detail="" time="0" memory="8768" score="10"/><testcase status="7" exitcode="0" detail="" time="0" memory="8768" score="10"/><testcase status="7" exitcode="0" detail="" time="0.01" memory="8768" score="10"/><testcase status="7" exitcode="0" detail="" time="0" memory="8768" score="10"/><testcase status="7" exitcode="0" detail="" time="0.01" memory="8764" score="10"/><testcase status="7" exitcode="0" detail="" time="0.01" memory="8768" score="10"/><testcase status="7" exitcode="0" detail="" time="0.01" memory="8764" score="10"/></problem></result></cena>
