<?xml version="1.0"?>
<cena version="0.8.2"><result judgetime="44088.6470866204"><problem title="&#x5B57;&#x7B26;&#x6392;&#x5E8F;" filename="sstr.cpp" status="1" hash="3942751566" detail=""><testcase status="7" exitcode="0" detail="" time="0" memory="244" score="10"/><testcase status="7" exitcode="0" detail="" time="0" memory="240" score="10"/><testcase status="7" exitcode="0" detail="" time="0" memory="240" score="10"/><testcase status="7" exitcode="0" detail="" time="0.01" memory="240" score="10"/><testcase status="7" exitcode="0" detail="" time="0" memory="244" score="10"/><testcase status="7" exitcode="0" detail="" time="0" memory="244" score="10"/><testcase status="7" exitcode="0" detail="" time="0" memory="244" score="10"/><testcase status="7" exitcode="0" detail="" time="0" memory="240" score="10"/><testcase status="7" exitcode="0" detail="" time="0" memory="240" score="10"/><testcase status="7" exitcode="0" detail="" time="0" memory="240" score="10"/></problem><problem title="&#x7279;&#x6B8A;&#x6392;&#x5E8F;" filename="ssort.cpp" status="1" hash="965829556" detail=""><testcase status="7" exitcode="0" detail="" time="0" memory="244" score="10"/><testcase status="7" exitcode="0" detail="" time="0" memory="248" score="10"/><testcase status="7" exitcode="0" detail="" time="0" memory="244" score="10"/><testcase status="7" exitcode="0" detail="" time="0.01" memory="248" score="10"/><testcase status="7" exitcode="0" detail="" time="0.01" memory="248" score="10"/><testcase status="7" exitcode="0" detail="" time="0.01" memory="248" score="10"/><testcase status="7" exitcode="0" detail="" time="0" memory="248" score="10"/><testcase status="7" exitcode="0" detail="" time="0" memory="244" score="10"/><testcase status="7" exitcode="0" detail="" time="0" memory="244" score="10"/><testcase status="7" exitcode="0" detail="" time="0" memory="244" score="10"/></problem><problem title="EXCEL&#x6392;&#x5E8F;" filename="excel.cpp" status="1" hash="15328752" detail=""><testcase status="7" exitcode="0" detail="" time="0" memory="2592" score="10"/><testcase status="7" exitcode="0" detail="" time="0" memory="2592" score="10"/><testcase status="7" exitcode="0" detail="" time="0" memory="2588" score="10"/><testcase status="7" exitcode="0" detail="" time="0" memory="2588" score="10"/><testcase status="7" exitcode="0" detail="" time="0.12" memory="2588" score="10"/><testcase status="7" exitcode="0" detail="" time="0" memory="2588" score="10"/><testcase status="7" exitcode="0" detail="" time="0.01" memory="2592" score="10"/><testcase status="7" exitcode="0" detail="" time="0" memory="2592" score="10"/><testcase status="7" exitcode="0" detail="" time="0" memory="2592" score="10"/><testcase status="7" exitcode="0" detail="" time="0.12" memory="2588" score="10"/></problem><problem title="&#x6251;&#x514B;&#x6392;&#x5E8F;" filename="card.cpp" status="1" hash="3647318197" detail=""><testcase status="7" exitcode="0" detail="" time="0" memory="464" score="10"/><testcase status="7" exitcode="0" detail="" time="0" memory="464" score="10"/><testcase status="7" exitcode="0" detail="" time="0" memory="464" score="10"/><testcase status="7" exitcode="0" detail="" time="0" memory="464" score="10"/><testcase status="7" exitcode="0" detail="" time="0" memory="464" score="10"/><testcase status="7" exitcode="0" detail="" time="0.01" memory="464" score="10"/><testcase status="7" exitcode="0" detail="" time="0" memory="464" score="10"/><testcase status="7" exitcode="0" detail="" time="0" memory="464" score="10"/><testcase status="7" exitcode="0" detail="" time="0" memory="464" score="10"/><testcase status="7" exitcode="0" detail="" time="0" memory="464" score="10"/></problem></result></cena>
