<?xml version="1.0"?>
<cena version="0.8.1"><result judgetime="44116.6887373264"><problem title="&#x5C0F;&#x660E;&#x5206;&#x7CD6;" filename="xiaoming.cpp" status="1" hash="772994788" detail=""><testcase status="7" exitcode="0" detail="" time="0" memory="512" score="10"/><testcase status="7" exitcode="0" detail="" time="0" memory="512" score="10"/><testcase status="7" exitcode="0" detail="" time="0" memory="512" score="10"/><testcase status="7" exitcode="0" detail="" time="0" memory="516" score="10"/><testcase status="7" exitcode="0" detail="" time="0" memory="508" score="10"/><testcase status="7" exitcode="0" detail="" time="0.01" memory="512" score="10"/><testcase status="7" exitcode="0" detail="" time="0" memory="508" score="10"/><testcase status="7" exitcode="0" detail="" time="0" memory="512" score="10"/><testcase status="7" exitcode="0" detail="" time="0" memory="516" score="10"/><testcase status="7" exitcode="0" detail="" time="0" memory="512" score="10"/></problem><problem title="&#x6700;&#x5927;&#x5B50;&#x77E9;&#x9635;" filename="matrix.cpp" status="1" hash="2177914415" detail=""><testcase status="7" exitcode="0" detail="" time="0" memory="552" score="10"/><testcase status="7" exitcode="0" detail="" time="0" memory="548" score="10"/><testcase status="7" exitcode="0" detail="" time="0" memory="556" score="10"/><testcase status="7" exitcode="0" detail="" time="0" memory="552" score="10"/><testcase status="7" exitcode="0" detail="" time="0" memory="556" score="10"/><testcase status="7" exitcode="0" detail="" time="0" memory="556" score="10"/><testcase status="7" exitcode="0" detail="" time="0" memory="556" score="10"/><testcase status="7" exitcode="0" detail="" time="0" memory="556" score="10"/><testcase status="7" exitcode="0" detail="" time="0.03" memory="560" score="10"/><testcase status="7" exitcode="0" detail="" time="0.12" memory="548" score="10"/></problem><problem title="&#x5403;&#x6843;&#x5B50;" filename="peach.cpp" status="1" hash="3488353764" detail=""><testcase status="7" exitcode="0" detail="" time="0" memory="556" score="10"/><testcase status="7" exitcode="0" detail="" time="0" memory="560" score="10"/><testcase status="7" exitcode="0" detail="" time="0.01" memory="552" score="10"/><testcase status="7" exitcode="0" detail="" time="0.01" memory="552" score="10"/><testcase status="7" exitcode="0" detail="" time="0" memory="552" score="10"/><testcase status="7" exitcode="0" detail="" time="0" memory="556" score="10"/><testcase status="7" exitcode="0" detail="" time="0" memory="552" score="10"/><testcase status="7" exitcode="0" detail="" time="0.01" memory="556" score="10"/><testcase status="7" exitcode="0" detail="" time="0" memory="556" score="10"/><testcase status="7" exitcode="0" detail="" time="0.01" memory="552" score="10"/></problem><problem title="&#x5B57;&#x7B26;&#x4E32;&#x8DDD;&#x79BB;" filename="zifu.cpp" status="1" hash="1243634891" detail=""><testcase status="3" exitcode="1" detail="" time="1.0140065" memory="472" score="0"/><testcase status="3" exitcode="1" detail="" time="1.0296066" memory="472" score="0"/><testcase status="3" exitcode="1" detail="" time="1.0452067" memory="472" score="0"/><testcase status="3" exitcode="1" detail="" time="1.0140065" memory="468" score="0"/><testcase status="3" exitcode="1" detail="" time="1.0140065" memory="472" score="0"/><testcase status="3" exitcode="1" detail="" time="1.0140065" memory="464" score="0"/><testcase status="3" exitcode="1" detail="" time="1.1856076" memory="468" score="0"/><testcase status="3" exitcode="1" detail="" time="1.2012077" memory="472" score="0"/><testcase status="3" exitcode="1" detail="" time="1.0296066" memory="468" score="0"/><testcase status="3" exitcode="1" detail="" time="1.0140065" memory="472" score="0"/></problem></result></cena>
