<?xml version="1.0"?>
<cena version="0.8.1"><result judgetime="44081.6678476736"><problem title="&#x6570;&#x5217;&#x6392;&#x5E8F;" filename="" status="14" hash="0" detail=""><testcase status="14" exitcode="0" detail="" time="0" memory="0" score="0"/><testcase status="14" exitcode="0" detail="" time="0" memory="0" score="0"/><testcase status="14" exitcode="0" detail="" time="0" memory="0" score="0"/><testcase status="14" exitcode="0" detail="" time="0" memory="0" score="0"/><testcase status="14" exitcode="0" detail="" time="0" memory="0" score="0"/><testcase status="14" exitcode="0" detail="" time="0" memory="0" score="0"/><testcase status="14" exitcode="0" detail="" time="0" memory="0" score="0"/><testcase status="14" exitcode="0" detail="" time="0" memory="0" score="0"/><testcase status="14" exitcode="0" detail="" time="0" memory="0" score="0"/><testcase status="14" exitcode="0" detail="" time="0" memory="0" score="0"/></problem><problem title="&#x65E5;&#x671F;&#x6392;&#x5E8F;" filename="date.cpp" status="1" hash="426516339" detail=""><testcase status="7" exitcode="0" detail="" time="0" memory="1024" score="10"/><testcase status="7" exitcode="0" detail="" time="0" memory="1024" score="10"/><testcase status="7" exitcode="0" detail="" time="0" memory="1024" score="10"/><testcase status="7" exitcode="0" detail="" time="0" memory="1024" score="10"/><testcase status="7" exitcode="0" detail="" time="0.01" memory="1024" score="10"/><testcase status="7" exitcode="0" detail="" time="0.01" memory="1024" score="10"/><testcase status="7" exitcode="0" detail="" time="0" memory="1028" score="10"/><testcase status="7" exitcode="0" detail="" time="0.01" memory="1020" score="10"/><testcase status="7" exitcode="0" detail="" time="0" memory="1024" score="10"/><testcase status="7" exitcode="0" detail="" time="0" memory="1028" score="10"/></problem><problem title="&#x8EAB;&#x4EFD;&#x8BC1;&#x6392;&#x5E8F;" filename="" status="14" hash="0" detail=""><testcase status="14" exitcode="0" detail="" time="0" memory="0" score="0"/><testcase status="14" exitcode="0" detail="" time="0" memory="0" score="0"/><testcase status="14" exitcode="0" detail="" time="0" memory="0" score="0"/><testcase status="14" exitcode="0" detail="" time="0" memory="0" score="0"/><testcase status="14" exitcode="0" detail="" time="0" memory="0" score="0"/><testcase status="14" exitcode="0" detail="" time="0" memory="0" score="0"/><testcase status="14" exitcode="0" detail="" time="0" memory="0" score="0"/><testcase status="14" exitcode="0" detail="" time="0" memory="0" score="0"/><testcase status="14" exitcode="0" detail="" time="0" memory="0" score="0"/><testcase status="14" exitcode="0" detail="" time="0" memory="0" score="0"/></problem><problem title="&#x6210;&#x7EE9;&#x6392;&#x5E8F;" filename="" status="14" hash="0" detail=""><testcase status="14" exitcode="0" detail="" time="0" memory="0" score="0"/><testcase status="14" exitcode="0" detail="" time="0" memory="0" score="0"/><testcase status="14" exitcode="0" detail="" time="0" memory="0" score="0"/><testcase status="14" exitcode="0" detail="" time="0" memory="0" score="0"/><testcase status="14" exitcode="0" detail="" time="0" memory="0" score="0"/><testcase status="14" exitcode="0" detail="" time="0" memory="0" score="0"/><testcase status="14" exitcode="0" detail="" time="0" memory="0" score="0"/><testcase status="14" exitcode="0" detail="" time="0" memory="0" score="0"/><testcase status="14" exitcode="0" detail="" time="0" memory="0" score="0"/><testcase status="14" exitcode="0" detail="" time="0" memory="0" score="0"/></problem><problem title="&#x6392;&#x5E8F;" filename="ssort.cpp" status="1" hash="3410099947" detail=""><testcase status="7" exitcode="0" detail="" time="0" memory="1020" score="10"/><testcase status="7" exitcode="0" detail="" time="0.01" memory="1024" score="10"/><testcase status="7" exitcode="0" detail="" time="0.01" memory="1024" score="10"/><testcase status="7" exitcode="0" detail="" time="0.01" memory="1020" score="10"/><testcase status="7" exitcode="0" detail="" time="0" memory="1024" score="10"/><testcase status="7" exitcode="0" detail="" time="0.01" memory="1028" score="10"/><testcase status="7" exitcode="0" detail="" time="0" memory="1024" score="10"/><testcase status="7" exitcode="0" detail="" time="0.01" memory="1028" score="10"/><testcase status="7" exitcode="0" detail="" time="0.03" memory="1028" score="10"/><testcase status="7" exitcode="0" detail="" time="0" memory="1024" score="10"/></problem><problem title="&#x7EDD;&#x5BF9;&#x503C;&#x6392;&#x5E8F;" filename="absolute.cpp" status="1" hash="4193851441" detail=""><testcase status="7" exitcode="0" detail="" time="0" memory="1024" score="10"/><testcase status="7" exitcode="0" detail="" time="0" memory="1024" score="10"/><testcase status="7" exitcode="0" detail="" time="0.01" memory="1024" score="10"/><testcase status="7" exitcode="0" detail="" time="0.01" memory="1024" score="10"/><testcase status="7" exitcode="0" detail="" time="0" memory="1024" score="10"/><testcase status="7" exitcode="0" detail="" time="0" memory="1024" score="10"/><testcase status="7" exitcode="0" detail="" time="0" memory="1024" score="10"/><testcase status="7" exitcode="0" detail="" time="0" memory="1024" score="10"/><testcase status="7" exitcode="0" detail="" time="0" memory="1024" score="10"/><testcase status="7" exitcode="0" detail="" time="0" memory="1024" score="10"/></problem></result></cena>
