<?xml version="1.0"?>
<cena version="0.8.1"><result judgetime="44116.6975508102"><problem title="&#x5C0F;&#x660E;&#x5206;&#x7CD6;" filename="xiaoming.cpp" status="1" hash="158226135" detail=""><testcase status="7" exitcode="0" detail="" time="0" memory="492" score="10"/><testcase status="7" exitcode="0" detail="" time="0" memory="492" score="10"/><testcase status="7" exitcode="0" detail="" time="0" memory="496" score="10"/><testcase status="7" exitcode="0" detail="" time="0.01" memory="492" score="10"/><testcase status="7" exitcode="0" detail="" time="0" memory="492" score="10"/><testcase status="7" exitcode="0" detail="" time="0" memory="496" score="10"/><testcase status="7" exitcode="0" detail="" time="0" memory="492" score="10"/><testcase status="7" exitcode="0" detail="" time="0.01" memory="492" score="10"/><testcase status="7" exitcode="0" detail="" time="0" memory="496" score="10"/><testcase status="7" exitcode="0" detail="" time="0" memory="496" score="10"/></problem><problem title="&#x6700;&#x5927;&#x5B50;&#x77E9;&#x9635;" filename="" status="14" hash="0" detail=""><testcase status="14" exitcode="0" detail="" time="0" memory="0" score="0"/><testcase status="14" exitcode="0" detail="" time="0" memory="0" score="0"/><testcase status="14" exitcode="0" detail="" time="0" memory="0" score="0"/><testcase status="14" exitcode="0" detail="" time="0" memory="0" score="0"/><testcase status="14" exitcode="0" detail="" time="0" memory="0" score="0"/><testcase status="14" exitcode="0" detail="" time="0" memory="0" score="0"/><testcase status="14" exitcode="0" detail="" time="0" memory="0" score="0"/><testcase status="14" exitcode="0" detail="" time="0" memory="0" score="0"/><testcase status="14" exitcode="0" detail="" time="0" memory="0" score="0"/><testcase status="14" exitcode="0" detail="" time="0" memory="0" score="0"/></problem><problem title="&#x5403;&#x6843;&#x5B50;" filename="peach.cpp" status="1" hash="984935073" detail=""><testcase status="7" exitcode="0" detail="" time="0" memory="492" score="10"/><testcase status="7" exitcode="0" detail="" time="0" memory="488" score="10"/><testcase status="7" exitcode="0" detail="" time="0" memory="488" score="10"/><testcase status="7" exitcode="0" detail="" time="0" memory="492" score="10"/><testcase status="7" exitcode="0" detail="" time="0.03" memory="492" score="10"/><testcase status="7" exitcode="0" detail="" time="0.01" memory="492" score="10"/><testcase status="7" exitcode="0" detail="" time="0.03" memory="492" score="10"/><testcase status="7" exitcode="0" detail="" time="0.03" memory="492" score="10"/><testcase status="7" exitcode="0" detail="" time="0.01" memory="484" score="10"/><testcase status="7" exitcode="0" detail="" time="0.03" memory="492" score="10"/></problem><problem title="&#x5B57;&#x7B26;&#x4E32;&#x8DDD;&#x79BB;" filename="" status="14" hash="0" detail=""><testcase status="14" exitcode="0" detail="" time="0" memory="0" score="0"/><testcase status="14" exitcode="0" detail="" time="0" memory="0" score="0"/><testcase status="14" exitcode="0" detail="" time="0" memory="0" score="0"/><testcase status="14" exitcode="0" detail="" time="0" memory="0" score="0"/><testcase status="14" exitcode="0" detail="" time="0" memory="0" score="0"/><testcase status="14" exitcode="0" detail="" time="0" memory="0" score="0"/><testcase status="14" exitcode="0" detail="" time="0" memory="0" score="0"/><testcase status="14" exitcode="0" detail="" time="0" memory="0" score="0"/><testcase status="14" exitcode="0" detail="" time="0" memory="0" score="0"/><testcase status="14" exitcode="0" detail="" time="0" memory="0" score="0"/></problem></result></cena>
