<?xml version="1.0"?>
<cena version="0.8.2"><result judgetime="44095.73785375"><problem title="notepad" filename="notepad.cpp" status="1" hash="3388128533" detail=""><testcase status="7" exitcode="0" detail="" time="0.01" memory="2900" score="5"/><testcase status="3" exitcode="1" detail="" time="1.1856076" memory="12140" score="0"/><testcase status="7" exitcode="0" detail="" time="0.45" memory="2860" score="5"/><testcase status="3" exitcode="1" detail="" time="1.0140065" memory="13292" score="0"/><testcase status="7" exitcode="0" detail="" time="0" memory="2864" score="5"/><testcase status="7" exitcode="0" detail="" time="0" memory="2860" score="5"/><testcase status="7" exitcode="0" detail="" time="0" memory="2860" score="5"/><testcase status="3" exitcode="0" detail="" time="1.07" memory="4008" score="0"/><testcase status="3" exitcode="0" detail="" time="1.02" memory="4004" score="0"/><testcase status="3" exitcode="0" detail="" time="1.02" memory="4008" score="0"/><testcase status="3" exitcode="0" detail="" time="1.09" memory="4004" score="0"/><testcase status="3" exitcode="0" detail="" time="1.09" memory="4008" score="0"/><testcase status="7" exitcode="0" detail="" time="0" memory="2860" score="10"/><testcase status="7" exitcode="0" detail="" time="0" memory="2860" score="10"/><testcase status="7" exitcode="0" detail="" time="0.34" memory="2860" score="10"/></problem><problem title="window" filename="window.cpp" status="16" hash="1102037047" detail="ZTDLELBD.cpp:12:8: error: expected unqualified-id before 'int'&#10;  int d,int num;&#10;        ^~~&#10;ZTDLELBD.cpp: In function 'int main()':&#10;ZTDLELBD.cpp:16:22: error: 'scnaf' was not declared in this scope&#10;  for(ll i=1;i&lt;=n;i++)scnaf(&quot;%d&quot;,&amp;a[i]);&#10;                      ^~~~~&#10;ZTDLELBD.cpp:16:22: note: suggested alternative: 'scanf'&#10;  for(ll i=1;i&lt;=n;i++)scnaf(&quot;%d&quot;,&amp;a[i]);&#10;                      ^~~~~&#10;                      scanf&#10;ZTDLELBD.cpp:18:17: error: no match for 'operator=' (operand types are 'node' and 'int')&#10;  aa[front++]=a[1];&#10;                 ^&#10;ZTDLELBD.cpp:11:8: note: candidate: 'constexpr node&amp; node::operator=(const node&amp;)'&#10; struct node{&#10;        ^~~~&#10;ZTDLELBD.cpp:11:8: note:   no known conversion for argument 1 from 'int' to 'const node&amp;'&#10;ZTDLELBD.cpp:11:8: note: candidate: 'constexpr node&amp; node::operator=(node&amp;&amp;)'&#10;ZTDLELBD.cpp:11:8: note:   no known conversion for argument 1 from 'int' to 'node&amp;&amp;'&#10;ZTDLELBD.cpp:20:38: error: 'struct node' has no member named 'num'&#10;   while(front!=rear&amp;&amp;a[i]&lt;=aa[front].num)front--;&#10;                                      ^~~&#10;ZTDLELBD.cpp:21:15: error: 'struct node' has no member named 'num'&#10;   aa[front++].num=a[i],aa[front-1].d=i;&#10;               ^~~&#10;ZTDLELBD.cpp:22:16: error: 'top' was not declared in this scope&#10;   while(front!=top&amp;&amp;aa[rear].d&lt;i-k+1)rear++;&#10;                ^~~&#10;ZTDLELBD.cpp:22:16: note: suggested alternative: 'ltoa'&#10;   while(front!=top&amp;&amp;aa[rear].d&lt;i-k+1)rear++;&#10;                ^~~&#10;                ltoa&#10;ZTDLELBD.cpp:23:26: error: 'struct node' has no member named 'num'&#10;   printf(&quot;%d &quot;,&amp;aa[rear].num);&#10;                          ^~~&#10;"><testcase status="16" exitcode="1" detail="" time="0" memory="0" score="0"/><testcase status="16" exitcode="1" detail="" time="0" memory="0" score="0"/><testcase status="16" exitcode="1" detail="" time="0" memory="0" score="0"/><testcase status="16" exitcode="1" detail="" time="0" memory="0" score="0"/><testcase status="16" exitcode="1" detail="" time="0" memory="0" score="0"/><testcase status="16" exitcode="1" detail="" time="0" memory="0" score="0"/><testcase status="16" exitcode="1" detail="" time="0" memory="0" score="0"/><testcase status="16" exitcode="1" detail="" time="0" memory="0" score="0"/><testcase status="16" exitcode="1" detail="" time="0" memory="0" score="0"/><testcase status="16" exitcode="1" detail="" time="0" memory="0" score="0"/></problem><problem title="apples" filename="" status="14" hash="0" detail=""><testcase status="14" exitcode="0" detail="" time="0" memory="0" score="0"/><testcase status="14" exitcode="0" detail="" time="0" memory="0" score="0"/><testcase status="14" exitcode="0" detail="" time="0" memory="0" score="0"/><testcase status="14" exitcode="0" detail="" time="0" memory="0" score="0"/><testcase status="14" exitcode="0" detail="" time="0" memory="0" score="0"/><testcase status="14" exitcode="0" detail="" time="0" memory="0" score="0"/><testcase status="14" exitcode="0" detail="" time="0" memory="0" score="0"/><testcase status="14" exitcode="0" detail="" time="0" memory="0" score="0"/></problem><problem title="zipper" filename="" status="14" hash="0" detail=""><testcase status="14" exitcode="0" detail="" time="0" memory="0" score="0"/><testcase status="14" exitcode="0" detail="" time="0" memory="0" score="0"/><testcase status="14" exitcode="0" detail="" time="0" memory="0" score="0"/><testcase status="14" exitcode="0" detail="" time="0" memory="0" score="0"/><testcase status="14" exitcode="0" detail="" time="0" memory="0" score="0"/><testcase status="14" exitcode="0" detail="" time="0" memory="0" score="0"/><testcase status="14" exitcode="0" detail="" time="0" memory="0" score="0"/><testcase status="14" exitcode="0" detail="" time="0" memory="0" score="0"/><testcase status="14" exitcode="0" detail="" time="0" memory="0" score="0"/><testcase status="14" exitcode="0" detail="" time="0" memory="0" score="0"/></problem></result></cena>
