<?xml version="1.0"?>
<cena version="0.8.2"><result judgetime="44106.6403558796"><problem title="square" filename="square.cpp" status="1" hash="3736957177" detail=""><testcase status="7" exitcode="0" detail="" time="0" memory="696" score="10"/><testcase status="7" exitcode="0" detail="" time="0" memory="628" score="10"/><testcase status="7" exitcode="0" detail="" time="0" memory="628" score="10"/><testcase status="7" exitcode="0" detail="" time="0.01" memory="628" score="10"/><testcase status="7" exitcode="0" detail="" time="0" memory="628" score="10"/><testcase status="7" exitcode="0" detail="" time="0" memory="628" score="10"/><testcase status="7" exitcode="0" detail="" time="0" memory="628" score="10"/><testcase status="7" exitcode="0" detail="" time="0" memory="628" score="10"/><testcase status="7" exitcode="0" detail="" time="0" memory="628" score="10"/><testcase status="7" exitcode="0" detail="" time="0" memory="628" score="10"/></problem><problem title="pairs" filename="pairs.cpp" status="1" hash="2970223202" detail=""><testcase status="7" exitcode="0" detail="" time="0" memory="904" score="10"/><testcase status="7" exitcode="0" detail="" time="0" memory="836" score="10"/><testcase status="7" exitcode="0" detail="" time="0" memory="836" score="10"/><testcase status="7" exitcode="0" detail="" time="0" memory="836" score="10"/><testcase status="7" exitcode="0" detail="" time="0" memory="836" score="10"/><testcase status="7" exitcode="0" detail="" time="0" memory="832" score="10"/><testcase status="7" exitcode="0" detail="" time="0" memory="832" score="10"/><testcase status="7" exitcode="0" detail="" time="0" memory="836" score="10"/><testcase status="7" exitcode="0" detail="" time="0" memory="840" score="10"/><testcase status="7" exitcode="0" detail="" time="0" memory="836" score="10"/></problem><problem title="qbin" filename="qbin.cpp" status="1" hash="4042536429" detail=""><testcase status="7" exitcode="0" detail="" time="0" memory="692" score="10"/><testcase status="7" exitcode="0" detail="" time="0" memory="624" score="10"/><testcase status="7" exitcode="0" detail="" time="0" memory="624" score="10"/><testcase status="7" exitcode="0" detail="" time="0" memory="628" score="10"/><testcase status="7" exitcode="0" detail="" time="0" memory="624" score="10"/><testcase status="7" exitcode="0" detail="" time="0" memory="628" score="10"/><testcase status="7" exitcode="0" detail="" time="0" memory="628" score="10"/><testcase status="7" exitcode="0" detail="" time="0" memory="624" score="10"/><testcase status="7" exitcode="0" detail="" time="0" memory="624" score="10"/><testcase status="7" exitcode="0" detail="" time="0" memory="624" score="10"/></problem><problem title="statistic" filename="statistic.cpp" status="1" hash="3448621284" detail=""><testcase status="7" exitcode="0" detail="" time="0" memory="12428" score="10"/><testcase status="7" exitcode="0" detail="" time="0" memory="12368" score="10"/><testcase status="7" exitcode="0" detail="" time="0" memory="12368" score="10"/><testcase status="7" exitcode="0" detail="" time="0.35" memory="12364" score="10"/><testcase status="7" exitcode="0" detail="" time="0.37" memory="12368" score="10"/><testcase status="7" exitcode="0" detail="" time="0.39" memory="12368" score="10"/><testcase status="7" exitcode="0" detail="" time="1.42" memory="12364" score="10"/><testcase status="7" exitcode="0" detail="" time="1.39" memory="12368" score="10"/><testcase status="7" exitcode="0" detail="" time="1.43" memory="12368" score="10"/><testcase status="7" exitcode="0" detail="" time="1.42" memory="12368" score="10"/></problem><problem title="cut" filename="" status="14" hash="0" detail=""><testcase status="14" exitcode="0" detail="" time="0" memory="0" score="0"/><testcase status="14" exitcode="0" detail="" time="0" memory="0" score="0"/><testcase status="14" exitcode="0" detail="" time="0" memory="0" score="0"/><testcase status="14" exitcode="0" detail="" time="0" memory="0" score="0"/><testcase status="14" exitcode="0" detail="" time="0" memory="0" score="0"/><testcase status="14" exitcode="0" detail="" time="0" memory="0" score="0"/><testcase status="14" exitcode="0" detail="" time="0" memory="0" score="0"/><testcase status="14" exitcode="0" detail="" time="0" memory="0" score="0"/><testcase status="14" exitcode="0" detail="" time="0" memory="0" score="0"/><testcase status="14" exitcode="0" detail="" time="0" memory="0" score="0"/></problem><problem title="diff" filename="diff.cpp" status="1" hash="3754824819" detail=""><testcase status="3" exitcode="1" detail="" time="1.015625" memory="688" score="0"/><testcase status="3" exitcode="1" detail="" time="1.03125" memory="628" score="0"/><testcase status="3" exitcode="1" detail="" time="1.203125" memory="628" score="0"/><testcase status="3" exitcode="1" detail="" time="1.015625" memory="628" score="0"/><testcase status="3" exitcode="1" detail="" time="1.1189745" memory="628" score="0"/><testcase status="3" exitcode="1" detail="" time="1.03125" memory="628" score="0"/><testcase status="3" exitcode="1" detail="" time="1.015625" memory="624" score="0"/><testcase status="3" exitcode="1" detail="" time="1.0370138" memory="628" score="0"/><testcase status="3" exitcode="1" detail="" time="1.0142335" memory="624" score="0"/><testcase status="3" exitcode="1" detail="" time="1.0588119" memory="624" score="0"/></problem></result></cena>
