<?xml version="1.0"?>
<cena version="0.8.2"><result judgetime="44106.6463374074"><problem title="square" filename="square.cpp" status="1" hash="587404000" detail=""><testcase status="7" exitcode="0" detail="" time="0.03" memory="1140" score="10"/><testcase status="7" exitcode="0" detail="" time="0" memory="1076" score="10"/><testcase status="7" exitcode="0" detail="" time="0" memory="1088" score="10"/><testcase status="7" exitcode="0" detail="" time="0.01" memory="1076" score="10"/><testcase status="7" exitcode="0" detail="" time="0.01" memory="1080" score="10"/><testcase status="7" exitcode="0" detail="" time="0" memory="1076" score="10"/><testcase status="7" exitcode="0" detail="" time="0.01" memory="1080" score="10"/><testcase status="7" exitcode="0" detail="" time="0" memory="1084" score="10"/><testcase status="7" exitcode="0" detail="" time="0.01" memory="1076" score="10"/><testcase status="7" exitcode="0" detail="" time="0.01" memory="1088" score="10"/></problem><problem title="pairs" filename="pairs.cpp" status="1" hash="1981994240" detail=""><testcase status="8" exitcode="0" detail="&#x5728;&#x7B2C; 2 &#x884C;:&#13;&#10;----&#x9009;&#x624B;&#x8F93;&#x51FA;&#x7684;&#x7B2C; 10 &#x5217;----&#13;&#10;&gt;...7&#13;&#10;----&#x6807;&#x51C6;&#x8F93;&#x51FA;&#x7684;&#x7B2C; 10 &#x5217;----&#13;&#10;&gt;...5" time="0" memory="1144" score="0"/><testcase status="8" exitcode="0" detail="&#x5728;&#x7B2C; 1 &#x884C;:&#13;&#10;----&#x9009;&#x624B;&#x8F93;&#x51FA;&#x7684;&#x7B2C; 9 &#x5217;----&#13;&#10;&gt;...80&#13;&#10;----&#x6807;&#x51C6;&#x8F93;&#x51FA;&#x7684;&#x7B2C; 9 &#x5217;----&#13;&#10;&gt;...77" time="0" memory="1084" score="0"/><testcase status="8" exitcode="0" detail="&#x5728;&#x7B2C; 7 &#x884C;:&#13;&#10;----&#x9009;&#x624B;&#x8F93;&#x51FA;&#x7684;&#x7B2C; 10 &#x5217;----&#13;&#10;&gt;...1&#13;&#10;----&#x6807;&#x51C6;&#x8F93;&#x51FA;&#x7684;&#x7B2C; 10 &#x5217;----&#13;&#10;&gt;...3" time="0" memory="1084" score="0"/><testcase status="8" exitcode="0" detail="&#x5728;&#x7B2C; 16 &#x884C;:&#13;&#10;----&#x9009;&#x624B;&#x8F93;&#x51FA;&#x7684;&#x7B2C; 16 &#x5217;----&#13;&#10;&gt;...3&#13;&#10;----&#x6807;&#x51C6;&#x8F93;&#x51FA;&#x7684;&#x7B2C; 16 &#x5217;----&#13;&#10;&gt;...2" time="0" memory="1084" score="0"/><testcase status="8" exitcode="0" detail="&#x5728;&#x7B2C; 3 &#x884C;:&#13;&#10;----&#x9009;&#x624B;&#x8F93;&#x51FA;&#x7684;&#x7B2C; 13 &#x5217;----&#13;&#10;&gt;...400&#13;&#10;----&#x6807;&#x51C6;&#x8F93;&#x51FA;&#x7684;&#x7B2C; 13 &#x5217;----&#13;&#10;&gt;...398" time="0" memory="1088" score="0"/><testcase status="8" exitcode="0" detail="&#x5728;&#x7B2C; 8 &#x884C;:&#13;&#10;----&#x9009;&#x624B;&#x8F93;&#x51FA;&#x7684;&#x7B2C; 16 &#x5217;----&#13;&#10;&gt;...3&#13;&#10;----&#x6807;&#x51C6;&#x8F93;&#x51FA;&#x7684;&#x7B2C; 16 &#x5217;----&#13;&#10;&gt;...1" time="0" memory="1092" score="0"/><testcase status="8" exitcode="0" detail="&#x5728;&#x7B2C; 1 &#x884C;:&#13;&#10;----&#x9009;&#x624B;&#x8F93;&#x51FA;&#x7684;&#x7B2C; 13 &#x5217;----&#13;&#10;&gt;...297&#13;&#10;----&#x6807;&#x51C6;&#x8F93;&#x51FA;&#x7684;&#x7B2C; 13 &#x5217;----&#13;&#10;&gt;...300" time="0.01" memory="1080" score="0"/><testcase status="8" exitcode="0" detail="&#x5728;&#x7B2C; 3 &#x884C;:&#13;&#10;----&#x9009;&#x624B;&#x8F93;&#x51FA;&#x7684;&#x7B2C; 16 &#x5217;----&#13;&#10;&gt;...2&#13;&#10;----&#x6807;&#x51C6;&#x8F93;&#x51FA;&#x7684;&#x7B2C; 16 &#x5217;----&#13;&#10;&gt;...5" time="0" memory="1076" score="0"/><testcase status="8" exitcode="0" detail="&#x5728;&#x7B2C; 2 &#x884C;:&#13;&#10;----&#x9009;&#x624B;&#x8F93;&#x51FA;&#x7684;&#x7B2C; 16 &#x5217;----&#13;&#10;&gt;...3&#13;&#10;----&#x6807;&#x51C6;&#x8F93;&#x51FA;&#x7684;&#x7B2C; 16 &#x5217;----&#13;&#10;&gt;...4" time="0" memory="1084" score="0"/><testcase status="8" exitcode="0" detail="&#x5728;&#x7B2C; 2 &#x884C;:&#13;&#10;----&#x9009;&#x624B;&#x8F93;&#x51FA;&#x7684;&#x7B2C; 16 &#x5217;----&#13;&#10;&gt;...7&#13;&#10;----&#x6807;&#x51C6;&#x8F93;&#x51FA;&#x7684;&#x7B2C; 16 &#x5217;----&#13;&#10;&gt;...9" time="0" memory="1084" score="0"/></problem><problem title="qbin" filename="" status="14" hash="0" detail=""><testcase status="14" exitcode="0" detail="" time="0" memory="0" score="0"/><testcase status="14" exitcode="0" detail="" time="0" memory="0" score="0"/><testcase status="14" exitcode="0" detail="" time="0" memory="0" score="0"/><testcase status="14" exitcode="0" detail="" time="0" memory="0" score="0"/><testcase status="14" exitcode="0" detail="" time="0" memory="0" score="0"/><testcase status="14" exitcode="0" detail="" time="0" memory="0" score="0"/><testcase status="14" exitcode="0" detail="" time="0" memory="0" score="0"/><testcase status="14" exitcode="0" detail="" time="0" memory="0" score="0"/><testcase status="14" exitcode="0" detail="" time="0" memory="0" score="0"/><testcase status="14" exitcode="0" detail="" time="0" memory="0" score="0"/></problem><problem title="statistic" filename="statistic.cpp" status="1" hash="4258417305" detail="OSWQIEUF.cpp: In function 'int read(int&amp;)':&#10;OSWQIEUF.cpp:24:1: warning: no return statement in function returning non-void [-Wreturn-type]&#10; }&#10; ^&#10;"><testcase status="7" exitcode="0" detail="" time="0.01" memory="14928" score="10"/><testcase status="7" exitcode="0" detail="" time="0" memory="14868" score="10"/><testcase status="7" exitcode="0" detail="" time="0" memory="14876" score="10"/><testcase status="7" exitcode="0" detail="" time="0.2" memory="14880" score="10"/><testcase status="7" exitcode="0" detail="" time="0.2" memory="14868" score="10"/><testcase status="7" exitcode="0" detail="" time="0.23" memory="14872" score="10"/><testcase status="7" exitcode="0" detail="" time="0.73" memory="14868" score="10"/><testcase status="7" exitcode="0" detail="" time="0.71" memory="14864" score="10"/><testcase status="7" exitcode="0" detail="" time="0.7" memory="14868" score="10"/><testcase status="7" exitcode="0" detail="" time="0.71" memory="14876" score="10"/></problem><problem title="cut" filename="" status="14" hash="0" detail=""><testcase status="14" exitcode="0" detail="" time="0" memory="0" score="0"/><testcase status="14" exitcode="0" detail="" time="0" memory="0" score="0"/><testcase status="14" exitcode="0" detail="" time="0" memory="0" score="0"/><testcase status="14" exitcode="0" detail="" time="0" memory="0" score="0"/><testcase status="14" exitcode="0" detail="" time="0" memory="0" score="0"/><testcase status="14" exitcode="0" detail="" time="0" memory="0" score="0"/><testcase status="14" exitcode="0" detail="" time="0" memory="0" score="0"/><testcase status="14" exitcode="0" detail="" time="0" memory="0" score="0"/><testcase status="14" exitcode="0" detail="" time="0" memory="0" score="0"/><testcase status="14" exitcode="0" detail="" time="0" memory="0" score="0"/></problem><problem title="diff" filename="diff.cpp" status="1" hash="1832261658" detail=""><testcase status="3" exitcode="1" detail="" time="1.0416011" memory="1136" score="0"/><testcase status="3" exitcode="1" detail="" time="1.03125" memory="1076" score="0"/><testcase status="3" exitcode="1" detail="" time="1.03125" memory="1084" score="0"/><testcase status="3" exitcode="1" detail="" time="1.0925857" memory="1076" score="0"/><testcase status="3" exitcode="1" detail="" time="1.015625" memory="1084" score="0"/><testcase status="3" exitcode="1" detail="" time="1.0629346" memory="1076" score="0"/><testcase status="3" exitcode="1" detail="" time="1.0625" memory="1084" score="0"/><testcase status="3" exitcode="1" detail="" time="1.0170245" memory="1076" score="0"/><testcase status="3" exitcode="1" detail="" time="1.03125" memory="1088" score="0"/><testcase status="3" exitcode="1" detail="" time="1.03125" memory="1080" score="0"/></problem></result></cena>
