<?xml version="1.0"?>
<cena version="0.8.2"><result judgetime="44123.6321075579"><problem title="&#x6C42;&#x6700;&#x957F;&#x516C;&#x5171;&#x5B50;&#x5E8F;&#x5217;LCS" filename="public.cpp" status="1" hash="952448422" detail=""><testcase status="7" exitcode="0" detail="" time="0" memory="4236" score="10"/><testcase status="7" exitcode="0" detail="" time="0" memory="4232" score="10"/><testcase status="7" exitcode="0" detail="" time="0" memory="4236" score="10"/><testcase status="7" exitcode="0" detail="" time="0.01" memory="4236" score="10"/><testcase status="7" exitcode="0" detail="" time="0.01" memory="4236" score="10"/><testcase status="7" exitcode="0" detail="" time="0" memory="4236" score="10"/><testcase status="7" exitcode="0" detail="" time="0" memory="4236" score="10"/><testcase status="7" exitcode="0" detail="" time="0.01" memory="4232" score="10"/><testcase status="7" exitcode="0" detail="" time="0" memory="4236" score="10"/><testcase status="7" exitcode="0" detail="" time="0" memory="4236" score="10"/></problem><problem title="&#x6700;&#x957F;&#x4E0A;&#x5347;&#x5B50;&#x5E8F;&#x5217;" filename="longrise.cpp" status="1" hash="312192873" detail=""><testcase status="7" exitcode="0" detail="" time="0" memory="284" score="10"/><testcase status="7" exitcode="0" detail="" time="0" memory="284" score="10"/><testcase status="7" exitcode="0" detail="" time="0.01" memory="284" score="10"/><testcase status="7" exitcode="0" detail="" time="0" memory="280" score="10"/><testcase status="7" exitcode="0" detail="" time="0" memory="280" score="10"/><testcase status="7" exitcode="0" detail="" time="0" memory="284" score="10"/><testcase status="7" exitcode="0" detail="" time="0" memory="284" score="10"/><testcase status="7" exitcode="0" detail="" time="0" memory="284" score="10"/><testcase status="7" exitcode="0" detail="" time="0" memory="284" score="10"/><testcase status="7" exitcode="0" detail="" time="0" memory="284" score="10"/></problem><problem title="&#x548C;&#x6700;&#x5927;&#x5B50;&#x5E8F;&#x5217;" filename="mlong.cpp" status="1" hash="694974026" detail=""><testcase status="7" exitcode="0" detail="" time="0" memory="672" score="10"/><testcase status="7" exitcode="0" detail="" time="0" memory="672" score="10"/><testcase status="7" exitcode="0" detail="" time="0" memory="672" score="10"/><testcase status="7" exitcode="0" detail="" time="0" memory="672" score="10"/><testcase status="7" exitcode="0" detail="" time="0" memory="672" score="10"/><testcase status="7" exitcode="0" detail="" time="0" memory="676" score="10"/><testcase status="7" exitcode="0" detail="" time="0" memory="672" score="10"/><testcase status="7" exitcode="0" detail="" time="0" memory="676" score="10"/><testcase status="7" exitcode="0" detail="" time="0.01" memory="668" score="10"/><testcase status="7" exitcode="0" detail="" time="0.1" memory="672" score="10"/></problem><problem title="01&#x80CC;&#x5305;" filename="bag.cpp" status="1" hash="2298352047" detail=""><testcase status="7" exitcode="0" detail="" time="0" memory="300" score="10"/><testcase status="7" exitcode="0" detail="" time="0" memory="300" score="10"/><testcase status="7" exitcode="0" detail="" time="0" memory="300" score="10"/><testcase status="7" exitcode="0" detail="" time="0" memory="296" score="10"/><testcase status="7" exitcode="0" detail="" time="0" memory="300" score="10"/><testcase status="7" exitcode="0" detail="" time="0.01" memory="296" score="10"/><testcase status="7" exitcode="0" detail="" time="0" memory="300" score="10"/><testcase status="7" exitcode="0" detail="" time="0" memory="300" score="10"/><testcase status="7" exitcode="0" detail="" time="0" memory="296" score="10"/><testcase status="7" exitcode="0" detail="" time="0" memory="300" score="10"/></problem><problem title="&#x6446;&#x52A8;&#x5E8F;&#x5217;" filename="list.cpp" status="1" hash="1474109052" detail=""><testcase status="7" exitcode="0" detail="" time="0" memory="280" score="10"/><testcase status="7" exitcode="0" detail="" time="0" memory="276" score="10"/><testcase status="7" exitcode="0" detail="" time="0" memory="280" score="10"/><testcase status="7" exitcode="0" detail="" time="0" memory="284" score="10"/><testcase status="7" exitcode="0" detail="" time="0" memory="276" score="10"/><testcase status="7" exitcode="0" detail="" time="0.01" memory="284" score="10"/><testcase status="7" exitcode="0" detail="" time="0" memory="284" score="10"/><testcase status="7" exitcode="0" detail="" time="0" memory="276" score="10"/><testcase status="7" exitcode="0" detail="" time="0.01" memory="280" score="10"/><testcase status="7" exitcode="0" detail="" time="0" memory="280" score="10"/></problem><problem title="&#x6446;&#x52A8;&#x5E8F;&#x5217;2" filename="listwo.cpp" status="1" hash="1741845231" detail=""><testcase status="7" exitcode="0" detail="" time="0" memory="2432" score="10"/><testcase status="7" exitcode="0" detail="" time="0" memory="2432" score="10"/><testcase status="7" exitcode="0" detail="" time="0" memory="2432" score="10"/><testcase status="7" exitcode="0" detail="" time="0" memory="2432" score="10"/><testcase status="7" exitcode="0" detail="" time="0" memory="2432" score="10"/><testcase status="7" exitcode="0" detail="" time="0" memory="2432" score="10"/><testcase status="7" exitcode="0" detail="" time="0" memory="2432" score="10"/><testcase status="7" exitcode="0" detail="" time="0.01" memory="2428" score="10"/><testcase status="7" exitcode="0" detail="" time="0" memory="2432" score="10"/><testcase status="7" exitcode="0" detail="" time="0.01" memory="2432" score="10"/></problem></result></cena>
