<?xml version="1.0"?>
<cena version="0.8.2"><result judgetime="44102.6495248032"><problem title="1&#x3001;&#x6570;&#x5B57;&#x4E09;&#x89D2;&#x5F62;" filename="triangle.cpp" status="1" hash="2048440056" detail=""><testcase status="7" exitcode="0" detail="" time="0" memory="484" score="10"/><testcase status="3" exitcode="1" detail="" time="1.0140065" memory="476" score="0"/><testcase status="3" exitcode="1" detail="" time="1.0140065" memory="480" score="0"/><testcase status="3" exitcode="1" detail="" time="1.0140065" memory="488" score="0"/><testcase status="3" exitcode="1" detail="" time="1.0140065" memory="484" score="0"/><testcase status="3" exitcode="1" detail="" time="1.0140065" memory="484" score="0"/><testcase status="3" exitcode="1" detail="" time="1.0140065" memory="484" score="0"/><testcase status="3" exitcode="1" detail="" time="1.0140065" memory="484" score="0"/><testcase status="3" exitcode="1" detail="" time="1.2012077" memory="484" score="0"/><testcase status="3" exitcode="1" detail="" time="1.0296066" memory="484" score="0"/></problem><problem title="2&#x3001;&#x6700;&#x957F;&#x4E0A;&#x5347;&#x5B50;&#x5E8F;&#x5217;" filename="long.cpp" status="1" hash="3962312459" detail=""><testcase status="7" exitcode="0" detail="" time="0" memory="448" score="10"/><testcase status="7" exitcode="0" detail="" time="0" memory="448" score="10"/><testcase status="3" exitcode="1" detail="" time="1.2012077" memory="440" score="0"/><testcase status="3" exitcode="1" detail="" time="1.0140065" memory="448" score="0"/><testcase status="3" exitcode="1" detail="" time="1.2012077" memory="452" score="0"/><testcase status="3" exitcode="1" detail="" time="1.0140065" memory="452" score="0"/><testcase status="3" exitcode="1" detail="" time="1.0140065" memory="468" score="0"/><testcase status="3" exitcode="1" detail="" time="1.0140065" memory="468" score="0"/><testcase status="3" exitcode="1" detail="" time="1.0296066" memory="472" score="0"/><testcase status="3" exitcode="1" detail="" time="1.0296066" memory="480" score="0"/></problem><problem title="3&#x3001;&#x6700;&#x957F;&#x516C;&#x5171;&#x5B50;&#x5E8F;&#x5217;" filename="gong.cpp" status="1" hash="1778005486" detail=""><testcase status="7" exitcode="0" detail="" time="0" memory="4400" score="10"/><testcase status="7" exitcode="0" detail="" time="0" memory="4400" score="10"/><testcase status="7" exitcode="0" detail="" time="0" memory="4400" score="10"/><testcase status="7" exitcode="0" detail="" time="0" memory="4400" score="10"/><testcase status="7" exitcode="0" detail="" time="0" memory="4400" score="10"/><testcase status="7" exitcode="0" detail="" time="0" memory="4400" score="10"/><testcase status="7" exitcode="0" detail="" time="0" memory="4400" score="10"/><testcase status="7" exitcode="0" detail="" time="0" memory="4400" score="10"/><testcase status="7" exitcode="0" detail="" time="0" memory="4400" score="10"/><testcase status="7" exitcode="0" detail="" time="0.01" memory="4400" score="10"/></problem><problem title="4&#x3001;&#x6570;&#x7684;&#x8BA1;&#x6570;" filename="count.cpp" status="1" hash="2481557175" detail=""><testcase status="7" exitcode="0" detail="" time="0" memory="444" score="10"/><testcase status="7" exitcode="0" detail="" time="0" memory="444" score="10"/><testcase status="7" exitcode="0" detail="" time="0" memory="444" score="10"/><testcase status="7" exitcode="0" detail="" time="0" memory="444" score="10"/><testcase status="7" exitcode="0" detail="" time="0" memory="444" score="10"/><testcase status="7" exitcode="0" detail="" time="0" memory="444" score="10"/><testcase status="7" exitcode="0" detail="" time="0" memory="444" score="10"/><testcase status="7" exitcode="0" detail="" time="0" memory="444" score="10"/><testcase status="7" exitcode="0" detail="" time="0" memory="444" score="10"/><testcase status="7" exitcode="0" detail="" time="0" memory="444" score="10"/></problem></result></cena>
