<?xml version="1.0"?>
<cena version="0.8.1"><result judgetime="44081.6658452894"><problem title="&#x6570;&#x5217;&#x6392;&#x5E8F;" filename="grop.cpp" status="1" hash="2958270391" detail=""><testcase status="7" exitcode="0" detail="" time="0.01" memory="1040" score="10"/><testcase status="7" exitcode="0" detail="" time="0" memory="1040" score="10"/><testcase status="7" exitcode="0" detail="" time="0" memory="1040" score="10"/><testcase status="7" exitcode="0" detail="" time="0.01" memory="1040" score="10"/><testcase status="7" exitcode="0" detail="" time="0" memory="1040" score="10"/><testcase status="7" exitcode="0" detail="" time="0.01" memory="1040" score="10"/><testcase status="7" exitcode="0" detail="" time="0" memory="1040" score="10"/><testcase status="7" exitcode="0" detail="" time="0" memory="1036" score="10"/><testcase status="7" exitcode="0" detail="" time="0" memory="1044" score="10"/><testcase status="7" exitcode="0" detail="" time="0" memory="1040" score="10"/></problem><problem title="&#x65E5;&#x671F;&#x6392;&#x5E8F;" filename="date.cpp" status="1" hash="2400944316" detail=""><testcase status="7" exitcode="0" detail="" time="0" memory="1020" score="10"/><testcase status="7" exitcode="0" detail="" time="0" memory="1024" score="10"/><testcase status="7" exitcode="0" detail="" time="0" memory="1024" score="10"/><testcase status="7" exitcode="0" detail="" time="0.01" memory="1028" score="10"/><testcase status="7" exitcode="0" detail="" time="0" memory="1024" score="10"/><testcase status="7" exitcode="0" detail="" time="0.01" memory="1024" score="10"/><testcase status="7" exitcode="0" detail="" time="0" memory="1024" score="10"/><testcase status="7" exitcode="0" detail="" time="0" memory="1024" score="10"/><testcase status="7" exitcode="0" detail="" time="0.01" memory="1024" score="10"/><testcase status="7" exitcode="0" detail="" time="0.01" memory="1024" score="10"/></problem><problem title="&#x8EAB;&#x4EFD;&#x8BC1;&#x6392;&#x5E8F;" filename="idcard.cpp" status="1" hash="1889262955" detail=""><testcase status="10" exitcode="0" detail="" time="0" memory="1012" score="0"/><testcase status="10" exitcode="0" detail="" time="0" memory="1020" score="0"/><testcase status="10" exitcode="0" detail="" time="0" memory="1016" score="0"/><testcase status="10" exitcode="0" detail="" time="0" memory="1016" score="0"/><testcase status="10" exitcode="0" detail="" time="0" memory="1016" score="0"/><testcase status="10" exitcode="0" detail="" time="0.01" memory="1016" score="0"/><testcase status="10" exitcode="0" detail="" time="0" memory="1016" score="0"/><testcase status="10" exitcode="0" detail="" time="0" memory="1016" score="0"/><testcase status="10" exitcode="0" detail="" time="0.01" memory="1016" score="0"/><testcase status="10" exitcode="0" detail="" time="0" memory="1016" score="0"/></problem><problem title="&#x6210;&#x7EE9;&#x6392;&#x5E8F;" filename="" status="14" hash="0" detail=""><testcase status="14" exitcode="0" detail="" time="0" memory="0" score="0"/><testcase status="14" exitcode="0" detail="" time="0" memory="0" score="0"/><testcase status="14" exitcode="0" detail="" time="0" memory="0" score="0"/><testcase status="14" exitcode="0" detail="" time="0" memory="0" score="0"/><testcase status="14" exitcode="0" detail="" time="0" memory="0" score="0"/><testcase status="14" exitcode="0" detail="" time="0" memory="0" score="0"/><testcase status="14" exitcode="0" detail="" time="0" memory="0" score="0"/><testcase status="14" exitcode="0" detail="" time="0" memory="0" score="0"/><testcase status="14" exitcode="0" detail="" time="0" memory="0" score="0"/><testcase status="14" exitcode="0" detail="" time="0" memory="0" score="0"/></problem><problem title="&#x6392;&#x5E8F;" filename="ssort.cpp" status="1" hash="511797735" detail=""><testcase status="7" exitcode="0" detail="" time="0.01" memory="1036" score="10"/><testcase status="7" exitcode="0" detail="" time="0" memory="1036" score="10"/><testcase status="7" exitcode="0" detail="" time="0" memory="1040" score="10"/><testcase status="7" exitcode="0" detail="" time="0.01" memory="1040" score="10"/><testcase status="7" exitcode="0" detail="" time="0" memory="1036" score="10"/><testcase status="7" exitcode="0" detail="" time="0" memory="1044" score="10"/><testcase status="7" exitcode="0" detail="" time="0" memory="1044" score="10"/><testcase status="7" exitcode="0" detail="" time="0.01" memory="1040" score="10"/><testcase status="7" exitcode="0" detail="" time="0" memory="1044" score="10"/><testcase status="7" exitcode="0" detail="" time="0" memory="1040" score="10"/></problem><problem title="&#x7EDD;&#x5BF9;&#x503C;&#x6392;&#x5E8F;" filename="absolute.cpp" status="1" hash="389613149" detail=""><testcase status="7" exitcode="0" detail="" time="0" memory="1024" score="10"/><testcase status="7" exitcode="0" detail="" time="0.01" memory="1020" score="10"/><testcase status="7" exitcode="0" detail="" time="0" memory="1024" score="10"/><testcase status="7" exitcode="0" detail="" time="0" memory="1024" score="10"/><testcase status="7" exitcode="0" detail="" time="0.01" memory="1024" score="10"/><testcase status="7" exitcode="0" detail="" time="0.01" memory="1024" score="10"/><testcase status="7" exitcode="0" detail="" time="0" memory="1028" score="10"/><testcase status="7" exitcode="0" detail="" time="0" memory="1020" score="10"/><testcase status="7" exitcode="0" detail="" time="0.01" memory="1024" score="10"/><testcase status="7" exitcode="0" detail="" time="0.03" memory="1024" score="10"/></problem></result></cena>
