<?xml version="1.0"?>
<cena version="0.8.2"><result judgetime="44106.6435981944"><problem title="square" filename="square.cpp" status="1" hash="116874425" detail=""><testcase status="7" exitcode="0" detail="" time="0.04" memory="1140" score="10"/><testcase status="7" exitcode="0" detail="" time="0.01" memory="1092" score="10"/><testcase status="7" exitcode="0" detail="" time="0.01" memory="1080" score="10"/><testcase status="7" exitcode="0" detail="" time="0.01" memory="1084" score="10"/><testcase status="7" exitcode="0" detail="" time="0.03" memory="1080" score="10"/><testcase status="7" exitcode="0" detail="" time="0.01" memory="1080" score="10"/><testcase status="7" exitcode="0" detail="" time="0.01" memory="1080" score="10"/><testcase status="7" exitcode="0" detail="" time="0.03" memory="1088" score="10"/><testcase status="7" exitcode="0" detail="" time="0.03" memory="1084" score="10"/><testcase status="7" exitcode="0" detail="" time="0.03" memory="1088" score="10"/></problem><problem title="pairs" filename="pairs.cpp" status="1" hash="266295273" detail=""><testcase status="7" exitcode="0" detail="" time="0" memory="1148" score="10"/><testcase status="7" exitcode="0" detail="" time="0" memory="1080" score="10"/><testcase status="7" exitcode="0" detail="" time="0" memory="1084" score="10"/><testcase status="7" exitcode="0" detail="" time="0" memory="1088" score="10"/><testcase status="7" exitcode="0" detail="" time="0" memory="1088" score="10"/><testcase status="7" exitcode="0" detail="" time="0" memory="1092" score="10"/><testcase status="7" exitcode="0" detail="" time="0" memory="1080" score="10"/><testcase status="7" exitcode="0" detail="" time="0" memory="1088" score="10"/><testcase status="7" exitcode="0" detail="" time="0" memory="1088" score="10"/><testcase status="7" exitcode="0" detail="" time="0" memory="1088" score="10"/></problem><problem title="qbin" filename="qbin.cpp" status="1" hash="3109635001" detail=""><testcase status="7" exitcode="0" detail="" time="0" memory="1180" score="10"/><testcase status="7" exitcode="0" detail="" time="0" memory="1128" score="10"/><testcase status="7" exitcode="0" detail="" time="0.01" memory="1120" score="10"/><testcase status="7" exitcode="0" detail="" time="0" memory="1120" score="10"/><testcase status="7" exitcode="0" detail="" time="0" memory="1120" score="10"/><testcase status="7" exitcode="0" detail="" time="0.01" memory="1124" score="10"/><testcase status="7" exitcode="0" detail="" time="0" memory="1120" score="10"/><testcase status="7" exitcode="0" detail="" time="0" memory="1128" score="10"/><testcase status="7" exitcode="0" detail="" time="0" memory="1120" score="10"/><testcase status="7" exitcode="0" detail="" time="0.04" memory="1120" score="10"/></problem><problem title="statistic" filename="statistic.cpp" status="1" hash="2760530577" detail=""><testcase status="8" exitcode="0" detail="&#x5728;&#x7B2C; 1 &#x884C;:&#13;&#10;----&#x9009;&#x624B;&#x8F93;&#x51FA;&#x7684;&#x7B2C; 4 &#x5217;----&#13;&#10;&gt;...6.000&#13;&#10;----&#x6807;&#x51C6;&#x8F93;&#x51FA;&#x7684;&#x7B2C; 4 &#x5217;----&#13;&#10;&gt;...5.449" time="0.03" memory="12880" score="0"/><testcase status="8" exitcode="0" detail="&#x5728;&#x7B2C; 1 &#x884C;:&#13;&#10;----&#x9009;&#x624B;&#x8F93;&#x51FA;&#x7684;&#x7B2C; 4 &#x5217;----&#13;&#10;&gt;...1.000&#13;&#10;----&#x6807;&#x51C6;&#x8F93;&#x51FA;&#x7684;&#x7B2C; 4 &#x5217;----&#13;&#10;&gt;...0.512" time="0.03" memory="12824" score="0"/><testcase status="8" exitcode="0" detail="&#x5728;&#x7B2C; 1 &#x884C;:&#13;&#10;----&#x9009;&#x624B;&#x8F93;&#x51FA;&#x7684;&#x7B2C; 4 &#x5217;----&#13;&#10;&gt;...1.000&#13;&#10;----&#x6807;&#x51C6;&#x8F93;&#x51FA;&#x7684;&#x7B2C; 4 &#x5217;----&#13;&#10;&gt;...0.800" time="0.03" memory="12832" score="0"/><testcase status="3" exitcode="1" detail="" time="1.0314262" memory="12824" score="0"/><testcase status="3" exitcode="1" detail="" time="1.1059118" memory="12824" score="0"/><testcase status="3" exitcode="1" detail="" time="1.03125" memory="12832" score="0"/><testcase status="3" exitcode="1" detail="" time="1.6499103" memory="12832" score="0"/><testcase status="3" exitcode="1" detail="" time="1.640625" memory="12824" score="0"/><testcase status="3" exitcode="1" detail="" time="1.625" memory="12832" score="0"/><testcase status="3" exitcode="1" detail="" time="1.640625" memory="12824" score="0"/></problem><problem title="cut" filename="cut.cpp" status="1" hash="5175742" detail=""><testcase status="8" exitcode="0" detail="&#x5728;&#x7B2C; 1 &#x884C;:&#13;&#10;----&#x9009;&#x624B;&#x8F93;&#x51FA;&#x7684;&#x7B2C; 1 &#x5217;----&#13;&#10;&gt;None&#13;&#10;----&#x6807;&#x51C6;&#x8F93;&#x51FA;&#x7684;&#x7B2C; 1 &#x5217;----&#13;&#10;&gt;426 " time="0" memory="1140" score="0"/><testcase status="8" exitcode="0" detail="&#x5728;&#x7B2C; 1 &#x884C;:&#13;&#10;----&#x9009;&#x624B;&#x8F93;&#x51FA;&#x7684;&#x7B2C; 1 &#x5217;----&#13;&#10;&gt;None&#13;&#10;----&#x6807;&#x51C6;&#x8F93;&#x51FA;&#x7684;&#x7B2C; 1 &#x5217;----&#13;&#10;&gt;587 " time="0.01" memory="1080" score="0"/><testcase status="8" exitcode="0" detail="&#x5728;&#x7B2C; 1 &#x884C;:&#13;&#10;----&#x9009;&#x624B;&#x8F93;&#x51FA;&#x7684;&#x7B2C; 1 &#x5217;----&#13;&#10;&gt;None&#13;&#10;----&#x6807;&#x51C6;&#x8F93;&#x51FA;&#x7684;&#x7B2C; 1 &#x5217;----&#13;&#10;&gt;67 " time="0.01" memory="1080" score="0"/><testcase status="8" exitcode="0" detail="&#x5728;&#x7B2C; 1 &#x884C;:&#13;&#10;----&#x9009;&#x624B;&#x8F93;&#x51FA;&#x7684;&#x7B2C; 1 &#x5217;----&#13;&#10;&gt;None&#13;&#10;----&#x6807;&#x51C6;&#x8F93;&#x51FA;&#x7684;&#x7B2C; 1 &#x5217;----&#13;&#10;&gt;1709 " time="0.1" memory="1080" score="0"/><testcase status="8" exitcode="0" detail="&#x5728;&#x7B2C; 1 &#x884C;:&#13;&#10;----&#x9009;&#x624B;&#x8F93;&#x51FA;&#x7684;&#x7B2C; 1 &#x5217;----&#13;&#10;&gt;None&#13;&#10;----&#x6807;&#x51C6;&#x8F93;&#x51FA;&#x7684;&#x7B2C; 1 &#x5217;----&#13;&#10;&gt;8800 " time="0.04" memory="1092" score="0"/><testcase status="8" exitcode="0" detail="&#x5728;&#x7B2C; 1 &#x884C;:&#13;&#10;----&#x9009;&#x624B;&#x8F93;&#x51FA;&#x7684;&#x7B2C; 1 &#x5217;----&#13;&#10;&gt;None&#13;&#10;----&#x6807;&#x51C6;&#x8F93;&#x51FA;&#x7684;&#x7B2C; 1 &#x5217;----&#13;&#10;&gt;5357 " time="0.04" memory="1080" score="0"/><testcase status="8" exitcode="0" detail="&#x5728;&#x7B2C; 1 &#x884C;:&#13;&#10;----&#x9009;&#x624B;&#x8F93;&#x51FA;&#x7684;&#x7B2C; 1 &#x5217;----&#13;&#10;&gt;None&#13;&#10;----&#x6807;&#x51C6;&#x8F93;&#x51FA;&#x7684;&#x7B2C; 1 &#x5217;----&#13;&#10;&gt;2808 " time="0.06" memory="1080" score="0"/><testcase status="3" exitcode="1" detail="" time="1.015625" memory="1084" score="0"/><testcase status="8" exitcode="0" detail="&#x5728;&#x7B2C; 1 &#x884C;:&#13;&#10;----&#x9009;&#x624B;&#x8F93;&#x51FA;&#x7684;&#x7B2C; 1 &#x5217;----&#13;&#10;&gt;None&#13;&#10;----&#x6807;&#x51C6;&#x8F93;&#x51FA;&#x7684;&#x7B2C; 1 &#x5217;----&#13;&#10;&gt;78398 " time="0.54" memory="1084" score="0"/><testcase status="8" exitcode="0" detail="&#x5728;&#x7B2C; 1 &#x884C;:&#13;&#10;----&#x9009;&#x624B;&#x8F93;&#x51FA;&#x7684;&#x7B2C; 1 &#x5217;----&#13;&#10;&gt;None&#13;&#10;----&#x6807;&#x51C6;&#x8F93;&#x51FA;&#x7684;&#x7B2C; 1 &#x5217;----&#13;&#10;&gt;77150 " time="0.89" memory="1084" score="0"/></problem><problem title="diff" filename="diff.cpp" status="1" hash="1670627413" detail=""><testcase status="6" exitcode="3221225477" detail="" time="0" memory="1140" score="0"/><testcase status="6" exitcode="3221225477" detail="" time="0.01" memory="1092" score="0"/><testcase status="6" exitcode="3221225477" detail="" time="0" memory="1088" score="0"/><testcase status="6" exitcode="3221225477" detail="" time="0" memory="1080" score="0"/><testcase status="6" exitcode="3221225477" detail="" time="0" memory="1080" score="0"/><testcase status="6" exitcode="3221225477" detail="" time="0" memory="1084" score="0"/><testcase status="6" exitcode="3221225477" detail="" time="0" memory="1080" score="0"/><testcase status="6" exitcode="3221225477" detail="" time="0" memory="1084" score="0"/><testcase status="6" exitcode="3221225477" detail="" time="0" memory="1084" score="0"/><testcase status="6" exitcode="3221225477" detail="" time="0" memory="1088" score="0"/></problem></result></cena>
