<?xml version="1.0"?>
<cena version="0.8.1"><result judgetime="44123.6825629167"><problem title="&#x6C42;&#x6700;&#x957F;&#x516C;&#x5171;&#x5B50;&#x5E8F;&#x5217;LCS" filename="public.cpp" status="1" hash="1296479235" detail=""><testcase status="7" exitcode="0" detail="" time="0" memory="4412" score="10"/><testcase status="7" exitcode="0" detail="" time="0" memory="4412" score="10"/><testcase status="7" exitcode="0" detail="" time="0" memory="4412" score="10"/><testcase status="7" exitcode="0" detail="" time="0.03" memory="4448" score="10"/><testcase status="7" exitcode="0" detail="" time="0.03" memory="4448" score="10"/><testcase status="7" exitcode="0" detail="" time="0.03" memory="4456" score="10"/><testcase status="7" exitcode="0" detail="" time="0.01" memory="4452" score="10"/><testcase status="7" exitcode="0" detail="" time="0.03" memory="4448" score="10"/><testcase status="7" exitcode="0" detail="" time="0.01" memory="4448" score="10"/><testcase status="7" exitcode="0" detail="" time="0.03" memory="4448" score="10"/></problem><problem title="&#x6700;&#x957F;&#x4E0A;&#x5347;&#x5B50;&#x5E8F;&#x5217;" filename="longrise.cpp" status="1" hash="3253654830" detail=""><testcase status="7" exitcode="0" detail="" time="0" memory="4420" score="10"/><testcase status="7" exitcode="0" detail="" time="0" memory="4412" score="10"/><testcase status="7" exitcode="0" detail="" time="0" memory="4416" score="10"/><testcase status="7" exitcode="0" detail="" time="0.03" memory="4424" score="10"/><testcase status="7" exitcode="0" detail="" time="0.07" memory="4420" score="10"/><testcase status="7" exitcode="0" detail="" time="0.14" memory="4420" score="10"/><testcase status="7" exitcode="0" detail="" time="0.37" memory="4424" score="10"/><testcase status="7" exitcode="0" detail="" time="0.4" memory="4424" score="10"/><testcase status="7" exitcode="0" detail="" time="0.62" memory="4424" score="10"/><testcase status="3" exitcode="1" detail="" time="1.0140065" memory="4440" score="0"/></problem><problem title="&#x548C;&#x6700;&#x5927;&#x5B50;&#x5E8F;&#x5217;" filename="mlong.cpp" status="1" hash="803562392" detail=""><testcase status="7" exitcode="0" detail="" time="0" memory="872" score="10"/><testcase status="7" exitcode="0" detail="" time="0" memory="864" score="10"/><testcase status="7" exitcode="0" detail="" time="0" memory="868" score="10"/><testcase status="7" exitcode="0" detail="" time="0.01" memory="864" score="10"/><testcase status="7" exitcode="0" detail="" time="0" memory="868" score="10"/><testcase status="7" exitcode="0" detail="" time="0" memory="864" score="10"/><testcase status="7" exitcode="0" detail="" time="0" memory="868" score="10"/><testcase status="7" exitcode="0" detail="" time="0" memory="868" score="10"/><testcase status="7" exitcode="0" detail="" time="0.01" memory="860" score="10"/><testcase status="7" exitcode="0" detail="" time="0.03" memory="868" score="10"/></problem><problem title="01&#x80CC;&#x5305;" filename="bag.cpp" status="1" hash="2579286214" detail=""><testcase status="7" exitcode="0" detail="" time="0" memory="4496" score="10"/><testcase status="7" exitcode="0" detail="" time="0" memory="4496" score="10"/><testcase status="7" exitcode="0" detail="" time="0.01" memory="4496" score="10"/><testcase status="7" exitcode="0" detail="" time="0.03" memory="4492" score="10"/><testcase status="7" exitcode="0" detail="" time="0.01" memory="4488" score="10"/><testcase status="7" exitcode="0" detail="" time="0.01" memory="4496" score="10"/><testcase status="7" exitcode="0" detail="" time="0" memory="4496" score="10"/><testcase status="7" exitcode="0" detail="" time="0.01" memory="4492" score="10"/><testcase status="7" exitcode="0" detail="" time="0" memory="4492" score="10"/><testcase status="7" exitcode="0" detail="" time="0.01" memory="4492" score="10"/></problem><problem title="&#x6446;&#x52A8;&#x5E8F;&#x5217;" filename="list.cpp" status="1" hash="4103209251" detail=""><testcase status="7" exitcode="0" detail="" time="0" memory="476" score="10"/><testcase status="7" exitcode="0" detail="" time="0.01" memory="476" score="10"/><testcase status="7" exitcode="0" detail="" time="0.01" memory="472" score="10"/><testcase status="7" exitcode="0" detail="" time="0" memory="476" score="10"/><testcase status="7" exitcode="0" detail="" time="0" memory="472" score="10"/><testcase status="7" exitcode="0" detail="" time="0" memory="472" score="10"/><testcase status="7" exitcode="0" detail="" time="0" memory="472" score="10"/><testcase status="7" exitcode="0" detail="" time="0" memory="476" score="10"/><testcase status="7" exitcode="0" detail="" time="0.01" memory="476" score="10"/><testcase status="7" exitcode="0" detail="" time="0.01" memory="476" score="10"/></problem><problem title="&#x6446;&#x52A8;&#x5E8F;&#x5217;2" filename="listwo.cpp" status="1" hash="3757355109" detail=""><testcase status="7" exitcode="0" detail="" time="0.04" memory="468" score="10"/><testcase status="7" exitcode="0" detail="" time="0.45" memory="472" score="10"/><testcase status="3" exitcode="1" detail="" time="1.2012077" memory="476" score="0"/><testcase status="3" exitcode="1" detail="" time="1.0140065" memory="476" score="0"/><testcase status="3" exitcode="1" detail="" time="1.0140065" memory="476" score="0"/><testcase status="3" exitcode="1" detail="" time="1.0140065" memory="472" score="0"/><testcase status="3" exitcode="1" detail="" time="1.0296066" memory="472" score="0"/><testcase status="3" exitcode="1" detail="" time="1.0140065" memory="476" score="0"/><testcase status="3" exitcode="1" detail="" time="1.2012077" memory="476" score="0"/><testcase status="3" exitcode="1" detail="" time="1.0140065" memory="476" score="0"/></problem></result></cena>
