<?xml version="1.0"?>
<cena version="0.8.2"><result judgetime="44102.6583589352"><problem title="1&#x3001;&#x6570;&#x5B57;&#x4E09;&#x89D2;&#x5F62;" filename="triangle.cpp" status="1" hash="2214176923" detail=""><testcase status="7" exitcode="0" detail="" time="0" memory="4388" score="10"/><testcase status="7" exitcode="0" detail="" time="0" memory="4388" score="10"/><testcase status="7" exitcode="0" detail="" time="0.01" memory="4388" score="10"/><testcase status="7" exitcode="0" detail="" time="0" memory="4388" score="10"/><testcase status="7" exitcode="0" detail="" time="0.01" memory="4388" score="10"/><testcase status="7" exitcode="0" detail="" time="0.01" memory="4388" score="10"/><testcase status="7" exitcode="0" detail="" time="0.01" memory="4388" score="10"/><testcase status="7" exitcode="0" detail="" time="0" memory="4388" score="10"/><testcase status="7" exitcode="0" detail="" time="0" memory="4388" score="10"/><testcase status="7" exitcode="0" detail="" time="0" memory="4388" score="10"/></problem><problem title="2&#x3001;&#x6700;&#x957F;&#x4E0A;&#x5347;&#x5B50;&#x5E8F;&#x5217;" filename="long.cpp" status="1" hash="2066946706" detail=""><testcase status="7" exitcode="0" detail="" time="0" memory="432" score="10"/><testcase status="7" exitcode="0" detail="" time="0" memory="432" score="10"/><testcase status="7" exitcode="0" detail="" time="0" memory="432" score="10"/><testcase status="7" exitcode="0" detail="" time="0" memory="432" score="10"/><testcase status="7" exitcode="0" detail="" time="0" memory="432" score="10"/><testcase status="7" exitcode="0" detail="" time="0" memory="432" score="10"/><testcase status="7" exitcode="0" detail="" time="0" memory="432" score="10"/><testcase status="7" exitcode="0" detail="" time="0" memory="432" score="10"/><testcase status="7" exitcode="0" detail="" time="0.01" memory="432" score="10"/><testcase status="7" exitcode="0" detail="" time="0" memory="432" score="10"/></problem><problem title="3&#x3001;&#x6700;&#x957F;&#x516C;&#x5171;&#x5B50;&#x5E8F;&#x5217;" filename="gong.cpp" status="1" hash="4244814498" detail=""><testcase status="8" exitcode="0" detail="&#x5728;&#x7B2C; 1 &#x884C;:&#13;&#10;----&#x9009;&#x624B;&#x8F93;&#x51FA;&#x7684;&#x7B2C; 1 &#x5217;----&#13;&#10;&gt;3&#13;&#10;----&#x6807;&#x51C6;&#x8F93;&#x51FA;&#x7684;&#x7B2C; 1 &#x5217;----&#13;&#10;&gt;5" time="0" memory="4392" score="0"/><testcase status="7" exitcode="0" detail="" time="0.01" memory="4392" score="10"/><testcase status="7" exitcode="0" detail="" time="0" memory="4392" score="10"/><testcase status="7" exitcode="0" detail="" time="0" memory="4392" score="10"/><testcase status="7" exitcode="0" detail="" time="0" memory="4392" score="10"/><testcase status="7" exitcode="0" detail="" time="0" memory="4392" score="10"/><testcase status="7" exitcode="0" detail="" time="0" memory="4396" score="10"/><testcase status="7" exitcode="0" detail="" time="0.01" memory="4392" score="10"/><testcase status="7" exitcode="0" detail="" time="0" memory="4392" score="10"/><testcase status="7" exitcode="0" detail="" time="0.01" memory="4392" score="10"/></problem><problem title="4&#x3001;&#x6570;&#x7684;&#x8BA1;&#x6570;" filename="count.cpp" status="1" hash="1317796299" detail=""><testcase status="7" exitcode="0" detail="" time="0" memory="4344" score="10"/><testcase status="7" exitcode="0" detail="" time="0" memory="4344" score="10"/><testcase status="7" exitcode="0" detail="" time="0" memory="4344" score="10"/><testcase status="7" exitcode="0" detail="" time="0" memory="4344" score="10"/><testcase status="7" exitcode="0" detail="" time="0" memory="4340" score="10"/><testcase status="7" exitcode="0" detail="" time="0.01" memory="4344" score="10"/><testcase status="7" exitcode="0" detail="" time="0.01" memory="4344" score="10"/><testcase status="7" exitcode="0" detail="" time="0" memory="4344" score="10"/><testcase status="7" exitcode="0" detail="" time="0.01" memory="4344" score="10"/><testcase status="7" exitcode="0" detail="" time="0" memory="4344" score="10"/></problem></result></cena>
