<?xml version="1.0"?>
<cena version="0.8.1"><result judgetime="44116.6874536574"><problem title="&#x5C0F;&#x660E;&#x5206;&#x7CD6;" filename="xiaoming.cpp" status="1" hash="1115676809" detail=""><testcase status="7" exitcode="0" detail="" time="0" memory="488" score="10"/><testcase status="7" exitcode="0" detail="" time="0" memory="492" score="10"/><testcase status="8" exitcode="0" detail="&#x5728;&#x7B2C; 1 &#x884C;:&#13;&#10;----&#x9009;&#x624B;&#x8F93;&#x51FA;&#x7684;&#x7B2C; 1 &#x5217;----&#13;&#10;&gt;198603&#13;&#10;----&#x6807;&#x51C6;&#x8F93;&#x51FA;&#x7684;&#x7B2C; 1 &#x5217;----&#13;&#10;&gt;200445" time="0" memory="488" score="0"/><testcase status="8" exitcode="0" detail="&#x5728;&#x7B2C; 1 &#x884C;:&#13;&#10;----&#x9009;&#x624B;&#x8F93;&#x51FA;&#x7684;&#x7B2C; 3 &#x5217;----&#13;&#10;&gt;...2972&#13;&#10;----&#x6807;&#x51C6;&#x8F93;&#x51FA;&#x7684;&#x7B2C; 3 &#x5217;----&#13;&#10;&gt;...4051" time="0" memory="492" score="0"/><testcase status="8" exitcode="0" detail="&#x5728;&#x7B2C; 1 &#x884C;:&#13;&#10;----&#x9009;&#x624B;&#x8F93;&#x51FA;&#x7684;&#x7B2C; 4 &#x5217;----&#13;&#10;&gt;...540&#13;&#10;----&#x6807;&#x51C6;&#x8F93;&#x51FA;&#x7684;&#x7B2C; 4 &#x5217;----&#13;&#10;&gt;...670" time="0.01" memory="492" score="0"/><testcase status="8" exitcode="0" detail="&#x5728;&#x7B2C; 1 &#x884C;:&#13;&#10;----&#x9009;&#x624B;&#x8F93;&#x51FA;&#x7684;&#x7B2C; 2 &#x5217;----&#13;&#10;&gt;...55304&#13;&#10;----&#x6807;&#x51C6;&#x8F93;&#x51FA;&#x7684;&#x7B2C; 2 &#x5217;----&#13;&#10;&gt;...69612" time="0" memory="488" score="0"/><testcase status="8" exitcode="0" detail="&#x5728;&#x7B2C; 1 &#x884C;:&#13;&#10;----&#x9009;&#x624B;&#x8F93;&#x51FA;&#x7684;&#x7B2C; 1 &#x5217;----&#13;&#10;&gt;899296&#13;&#10;----&#x6807;&#x51C6;&#x8F93;&#x51FA;&#x7684;&#x7B2C; 1 &#x5217;----&#13;&#10;&gt;908824" time="0" memory="488" score="0"/><testcase status="8" exitcode="0" detail="&#x5728;&#x7B2C; 1 &#x884C;:&#13;&#10;----&#x9009;&#x624B;&#x8F93;&#x51FA;&#x7684;&#x7B2C; 4 &#x5217;----&#13;&#10;&gt;...2060&#13;&#10;----&#x6807;&#x51C6;&#x8F93;&#x51FA;&#x7684;&#x7B2C; 4 &#x5217;----&#13;&#10;&gt;...8240" time="0" memory="492" score="0"/><testcase status="8" exitcode="0" detail="&#x5728;&#x7B2C; 1 &#x884C;:&#13;&#10;----&#x9009;&#x624B;&#x8F93;&#x51FA;&#x7684;&#x7B2C; 3 &#x5217;----&#13;&#10;&gt;...6028&#13;&#10;----&#x6807;&#x51C6;&#x8F93;&#x51FA;&#x7684;&#x7B2C; 3 &#x5217;----&#13;&#10;&gt;...7100" time="0" memory="492" score="0"/><testcase status="8" exitcode="0" detail="&#x5728;&#x7B2C; 1 &#x884C;:&#13;&#10;----&#x9009;&#x624B;&#x8F93;&#x51FA;&#x7684;&#x7B2C; 5 &#x5217;----&#13;&#10;&gt;...375&#13;&#10;----&#x6807;&#x51C6;&#x8F93;&#x51FA;&#x7684;&#x7B2C; 5 &#x5217;----&#13;&#10;&gt;...528" time="0" memory="492" score="0"/></problem><problem title="&#x6700;&#x5927;&#x5B50;&#x77E9;&#x9635;" filename="matrix.cpp" status="1" hash="71019403" detail=""><testcase status="7" exitcode="0" detail="" time="0" memory="528" score="10"/><testcase status="7" exitcode="0" detail="" time="0" memory="536" score="10"/><testcase status="7" exitcode="0" detail="" time="0" memory="540" score="10"/><testcase status="7" exitcode="0" detail="" time="0" memory="532" score="10"/><testcase status="7" exitcode="0" detail="" time="0.01" memory="536" score="10"/><testcase status="7" exitcode="0" detail="" time="0" memory="532" score="10"/><testcase status="7" exitcode="0" detail="" time="0" memory="536" score="10"/><testcase status="7" exitcode="0" detail="" time="0" memory="536" score="10"/><testcase status="7" exitcode="0" detail="" time="0.01" memory="536" score="10"/><testcase status="7" exitcode="0" detail="" time="0.01" memory="528" score="10"/></problem><problem title="&#x5403;&#x6843;&#x5B50;" filename="peach.cpp" status="1" hash="155637461" detail=""><testcase status="7" exitcode="0" detail="" time="0" memory="536" score="10"/><testcase status="7" exitcode="0" detail="" time="0" memory="528" score="10"/><testcase status="10" exitcode="0" detail="" time="0" memory="532" score="0"/><testcase status="7" exitcode="0" detail="" time="0" memory="532" score="10"/><testcase status="7" exitcode="0" detail="" time="0" memory="532" score="10"/><testcase status="7" exitcode="0" detail="" time="0" memory="532" score="10"/><testcase status="7" exitcode="0" detail="" time="0.01" memory="532" score="10"/><testcase status="7" exitcode="0" detail="" time="0.01" memory="532" score="10"/><testcase status="7" exitcode="0" detail="" time="0" memory="540" score="10"/><testcase status="7" exitcode="0" detail="" time="0.01" memory="540" score="10"/></problem><problem title="&#x5B57;&#x7B26;&#x4E32;&#x8DDD;&#x79BB;" filename="zifu.cpp" status="1" hash="3315757793" detail=""><testcase status="7" exitcode="0" detail="" time="0.01" memory="4400" score="10"/><testcase status="7" exitcode="0" detail="" time="0.01" memory="4400" score="10"/><testcase status="7" exitcode="0" detail="" time="0.01" memory="4400" score="10"/><testcase status="7" exitcode="0" detail="" time="0.03" memory="4404" score="10"/><testcase status="7" exitcode="0" detail="" time="0.04" memory="4408" score="10"/><testcase status="7" exitcode="0" detail="" time="0.14" memory="4400" score="10"/><testcase status="7" exitcode="0" detail="" time="0.14" memory="4400" score="10"/><testcase status="7" exitcode="0" detail="" time="0.23" memory="4400" score="10"/><testcase status="7" exitcode="0" detail="" time="0.32" memory="4400" score="10"/><testcase status="7" exitcode="0" detail="" time="0.43" memory="4404" score="10"/></problem></result></cena>
