<?xml version="1.0"?>
<cena version="0.8.2"><result judgetime="44116.6291062384"><problem title="&#x5C0F;&#x660E;&#x5206;&#x7CD6;" filename="xiaoming.cpp" status="1" hash="1059141439" detail=""><testcase status="7" exitcode="0" detail="" time="0.01" memory="488" score="10"/><testcase status="7" exitcode="0" detail="" time="0" memory="488" score="10"/><testcase status="7" exitcode="0" detail="" time="0" memory="488" score="10"/><testcase status="7" exitcode="0" detail="" time="0" memory="488" score="10"/><testcase status="7" exitcode="0" detail="" time="0" memory="484" score="10"/><testcase status="7" exitcode="0" detail="" time="0" memory="488" score="10"/><testcase status="7" exitcode="0" detail="" time="0" memory="488" score="10"/><testcase status="7" exitcode="0" detail="" time="0" memory="492" score="10"/><testcase status="7" exitcode="0" detail="" time="0" memory="488" score="10"/><testcase status="7" exitcode="0" detail="" time="0" memory="488" score="10"/></problem><problem title="&#x6700;&#x5927;&#x5B50;&#x77E9;&#x9635;" filename="matrix.cpp" status="1" hash="983230220" detail=""><testcase status="7" exitcode="0" detail="" time="0" memory="488" score="10"/><testcase status="7" exitcode="0" detail="" time="0" memory="488" score="10"/><testcase status="7" exitcode="0" detail="" time="0" memory="488" score="10"/><testcase status="7" exitcode="0" detail="" time="0" memory="488" score="10"/><testcase status="7" exitcode="0" detail="" time="0" memory="488" score="10"/><testcase status="7" exitcode="0" detail="" time="0" memory="488" score="10"/><testcase status="7" exitcode="0" detail="" time="0" memory="488" score="10"/><testcase status="7" exitcode="0" detail="" time="0.01" memory="488" score="10"/><testcase status="7" exitcode="0" detail="" time="0.03" memory="488" score="10"/><testcase status="7" exitcode="0" detail="" time="0.12" memory="488" score="10"/></problem><problem title="&#x5403;&#x6843;&#x5B50;" filename="peach.cpp" status="1" hash="2302847123" detail=""><testcase status="7" exitcode="0" detail="" time="0" memory="532" score="10"/><testcase status="7" exitcode="0" detail="" time="0" memory="532" score="10"/><testcase status="7" exitcode="0" detail="" time="0" memory="532" score="10"/><testcase status="7" exitcode="0" detail="" time="0" memory="532" score="10"/><testcase status="7" exitcode="0" detail="" time="0.03" memory="532" score="10"/><testcase status="7" exitcode="0" detail="" time="0.01" memory="532" score="10"/><testcase status="7" exitcode="0" detail="" time="0.03" memory="532" score="10"/><testcase status="7" exitcode="0" detail="" time="0.04" memory="532" score="10"/><testcase status="7" exitcode="0" detail="" time="0.03" memory="532" score="10"/><testcase status="7" exitcode="0" detail="" time="0.03" memory="532" score="10"/></problem><problem title="&#x5B57;&#x7B26;&#x4E32;&#x8DDD;&#x79BB;" filename="zifu.cpp" status="1" hash="2099908529" detail=""><testcase status="7" exitcode="0" detail="" time="0.01" memory="4436" score="10"/><testcase status="7" exitcode="0" detail="" time="0" memory="4436" score="10"/><testcase status="7" exitcode="0" detail="" time="0.01" memory="4436" score="10"/><testcase status="7" exitcode="0" detail="" time="0.01" memory="4436" score="10"/><testcase status="7" exitcode="0" detail="" time="0.03" memory="4436" score="10"/><testcase status="7" exitcode="0" detail="" time="0.1" memory="4436" score="10"/><testcase status="7" exitcode="0" detail="" time="0.09" memory="4440" score="10"/><testcase status="7" exitcode="0" detail="" time="0.18" memory="4432" score="10"/><testcase status="7" exitcode="0" detail="" time="0.24" memory="4436" score="10"/><testcase status="7" exitcode="0" detail="" time="0.32" memory="4432" score="10"/></problem></result></cena>
