<?xml version="1.0"?>
<cena version="0.8.1"><result judgetime="44081.6667049074"><problem title="&#x6570;&#x5217;&#x6392;&#x5E8F;" filename="grop.cpp" status="1" hash="873948373" detail=""><testcase status="7" exitcode="0" detail="" time="0" memory="1040" score="10"/><testcase status="7" exitcode="0" detail="" time="0" memory="1040" score="10"/><testcase status="7" exitcode="0" detail="" time="0" memory="1040" score="10"/><testcase status="7" exitcode="0" detail="" time="0" memory="1044" score="10"/><testcase status="7" exitcode="0" detail="" time="0.03" memory="1036" score="10"/><testcase status="7" exitcode="0" detail="" time="0" memory="1040" score="10"/><testcase status="7" exitcode="0" detail="" time="0" memory="1040" score="10"/><testcase status="7" exitcode="0" detail="" time="0.01" memory="1040" score="10"/><testcase status="7" exitcode="0" detail="" time="0" memory="1040" score="10"/><testcase status="7" exitcode="0" detail="" time="0" memory="1040" score="10"/></problem><problem title="&#x65E5;&#x671F;&#x6392;&#x5E8F;" filename="date.cpp" status="1" hash="2208755639" detail="RCQVBABQ.cpp:10: warning: converting to `int' from `double'&#13;&#10;"><testcase status="3" exitcode="1" detail="" time="1.0764069" memory="1048" score="0"/><testcase status="3" exitcode="1" detail="" time="1.0452067" memory="1052" score="0"/><testcase status="3" exitcode="1" detail="" time="1.0063482" memory="1052" score="0"/><testcase status="3" exitcode="1" detail="" time="1.0452067" memory="1056" score="0"/><testcase status="3" exitcode="1" detail="" time="1.0008218" memory="1056" score="0"/><testcase status="3" exitcode="1" detail="" time="1.0140065" memory="1056" score="0"/><testcase status="3" exitcode="1" detail="" time="1.0452067" memory="1056" score="0"/><testcase status="3" exitcode="1" detail="" time="1.0296066" memory="1052" score="0"/><testcase status="3" exitcode="1" detail="" time="1.0608068" memory="1052" score="0"/><testcase status="3" exitcode="1" detail="" time="1.0296066" memory="1056" score="0"/></problem><problem title="&#x8EAB;&#x4EFD;&#x8BC1;&#x6392;&#x5E8F;" filename="idcard.cpp" status="1" hash="3541453723" detail="EVATSFGY.cpp:10: warning: converting to `int' from `double'&#13;&#10;"><testcase status="7" exitcode="0" detail="" time="0" memory="4068" score="10"/><testcase status="7" exitcode="0" detail="" time="0" memory="4068" score="10"/><testcase status="7" exitcode="0" detail="" time="0.01" memory="4068" score="10"/><testcase status="7" exitcode="0" detail="" time="0" memory="4068" score="10"/><testcase status="7" exitcode="0" detail="" time="0" memory="4072" score="10"/><testcase status="7" exitcode="0" detail="" time="0" memory="4068" score="10"/><testcase status="7" exitcode="0" detail="" time="0" memory="4068" score="10"/><testcase status="7" exitcode="0" detail="" time="0" memory="4068" score="10"/><testcase status="7" exitcode="0" detail="" time="0.01" memory="4068" score="10"/><testcase status="7" exitcode="0" detail="" time="0.01" memory="4072" score="10"/></problem><problem title="&#x6210;&#x7EE9;&#x6392;&#x5E8F;" filename="score.cpp" status="1" hash="1256520557" detail="QESUBWWT.cpp:10: warning: converting to `int' from `double'&#13;&#10;"><testcase status="3" exitcode="1" detail="" time="1.1388073" memory="1144" score="0"/><testcase status="3" exitcode="1" detail="" time="1.1700075" memory="1144" score="0"/><testcase status="3" exitcode="1" detail="" time="1.0140065" memory="1140" score="0"/><testcase status="3" exitcode="1" detail="" time="1.0976687" memory="1140" score="0"/><testcase status="3" exitcode="1" detail="" time="1.1076071" memory="1136" score="0"/><testcase status="3" exitcode="1" detail="" time="1.0764069" memory="1136" score="0"/><testcase status="3" exitcode="1" detail="" time="1.1076071" memory="1124" score="0"/><testcase status="3" exitcode="1" detail="" time="1.0608068" memory="1128" score="0"/><testcase status="7" exitcode="0" detail="" time="0.01" memory="1060" score="10"/><testcase status="7" exitcode="0" detail="" time="0.01" memory="1060" score="10"/></problem><problem title="&#x6392;&#x5E8F;" filename="ssort.cpp" status="1" hash="3199170280" detail="MQJZWSKO.cpp:10: warning: converting to `int' from `double'&#13;&#10;"><testcase status="7" exitcode="0" detail="" time="0" memory="1044" score="10"/><testcase status="7" exitcode="0" detail="" time="0" memory="1040" score="10"/><testcase status="7" exitcode="0" detail="" time="0" memory="1044" score="10"/><testcase status="7" exitcode="0" detail="" time="0" memory="1044" score="10"/><testcase status="7" exitcode="0" detail="" time="0.01" memory="1044" score="10"/><testcase status="7" exitcode="0" detail="" time="0" memory="1048" score="10"/><testcase status="7" exitcode="0" detail="" time="0.03" memory="1044" score="10"/><testcase status="7" exitcode="0" detail="" time="0" memory="1044" score="10"/><testcase status="7" exitcode="0" detail="" time="0" memory="1044" score="10"/><testcase status="7" exitcode="0" detail="" time="0" memory="1044" score="10"/></problem><problem title="&#x7EDD;&#x5BF9;&#x503C;&#x6392;&#x5E8F;" filename="absolute.cpp" status="1" hash="62754895" detail="XRBBQPLQ.cpp:10: warning: converting to `int' from `double'&#13;&#10;"><testcase status="7" exitcode="0" detail="" time="0.01" memory="1044" score="10"/><testcase status="7" exitcode="0" detail="" time="0.01" memory="1044" score="10"/><testcase status="7" exitcode="0" detail="" time="0" memory="1044" score="10"/><testcase status="7" exitcode="0" detail="" time="0.01" memory="1044" score="10"/><testcase status="7" exitcode="0" detail="" time="0.01" memory="1044" score="10"/><testcase status="7" exitcode="0" detail="" time="0" memory="1044" score="10"/><testcase status="7" exitcode="0" detail="" time="0.01" memory="1048" score="10"/><testcase status="7" exitcode="0" detail="" time="0" memory="1048" score="10"/><testcase status="7" exitcode="0" detail="" time="0" memory="1044" score="10"/><testcase status="7" exitcode="0" detail="" time="0" memory="1044" score="10"/></problem></result></cena>
