<?xml version="1.0"?>
<cena version="0.8.2"><result judgetime="44102.6590233912"><problem title="1&#x3001;&#x6570;&#x5B57;&#x4E09;&#x89D2;&#x5F62;" filename="triangle.cpp" status="1" hash="1671287334" detail=""><testcase status="7" exitcode="0" detail="" time="0.01" memory="8176" score="10"/><testcase status="7" exitcode="0" detail="" time="0" memory="8180" score="10"/><testcase status="7" exitcode="0" detail="" time="0" memory="8180" score="10"/><testcase status="7" exitcode="0" detail="" time="0" memory="8176" score="10"/><testcase status="7" exitcode="0" detail="" time="0.01" memory="8176" score="10"/><testcase status="7" exitcode="0" detail="" time="0.01" memory="8180" score="10"/><testcase status="7" exitcode="0" detail="" time="0" memory="8180" score="10"/><testcase status="7" exitcode="0" detail="" time="0.01" memory="8176" score="10"/><testcase status="7" exitcode="0" detail="" time="0.01" memory="8180" score="10"/><testcase status="7" exitcode="0" detail="" time="0.03" memory="8176" score="10"/></problem><problem title="2&#x3001;&#x6700;&#x957F;&#x4E0A;&#x5347;&#x5B50;&#x5E8F;&#x5217;" filename="long.cpp" status="1" hash="2728106515" detail=""><testcase status="10" exitcode="0" detail="" time="0" memory="352" score="0"/><testcase status="10" exitcode="0" detail="" time="0" memory="348" score="0"/><testcase status="10" exitcode="0" detail="" time="0" memory="352" score="0"/><testcase status="10" exitcode="0" detail="" time="0" memory="352" score="0"/><testcase status="10" exitcode="0" detail="" time="0" memory="348" score="0"/><testcase status="10" exitcode="0" detail="" time="0" memory="352" score="0"/><testcase status="10" exitcode="0" detail="" time="0" memory="348" score="0"/><testcase status="10" exitcode="0" detail="" time="0" memory="352" score="0"/><testcase status="10" exitcode="0" detail="" time="0" memory="348" score="0"/><testcase status="10" exitcode="0" detail="" time="0" memory="352" score="0"/></problem><problem title="3&#x3001;&#x6700;&#x957F;&#x516C;&#x5171;&#x5B50;&#x5E8F;&#x5217;" filename="gong.cpp" status="1" hash="1452635739" detail=""><testcase status="7" exitcode="0" detail="" time="0" memory="4304" score="10"/><testcase status="7" exitcode="0" detail="" time="0" memory="4300" score="10"/><testcase status="7" exitcode="0" detail="" time="0" memory="4300" score="10"/><testcase status="7" exitcode="0" detail="" time="0" memory="4308" score="10"/><testcase status="7" exitcode="0" detail="" time="0" memory="4300" score="10"/><testcase status="7" exitcode="0" detail="" time="0" memory="4300" score="10"/><testcase status="7" exitcode="0" detail="" time="0" memory="4304" score="10"/><testcase status="7" exitcode="0" detail="" time="0" memory="4304" score="10"/><testcase status="7" exitcode="0" detail="" time="0" memory="4304" score="10"/><testcase status="7" exitcode="0" detail="" time="0.01" memory="4300" score="10"/></problem><problem title="4&#x3001;&#x6570;&#x7684;&#x8BA1;&#x6570;" filename="count.cpp" status="1" hash="2728106515" detail=""><testcase status="8" exitcode="0" detail="&#x5728;&#x7B2C; 1 &#x884C;:&#13;&#10;----&#x9009;&#x624B;&#x8F93;&#x51FA;&#x7684;&#x7B2C; 1 &#x5217;----&#13;&#10;&gt;4&#13;&#10;----&#x6807;&#x51C6;&#x8F93;&#x51FA;&#x7684;&#x7B2C; 1 &#x5217;----&#13;&#10;&gt;1 3" time="0" memory="348" score="0"/><testcase status="8" exitcode="0" detail="&#x5728;&#x7B2C; 1 &#x884C;:&#13;&#10;----&#x9009;&#x624B;&#x8F93;&#x51FA;&#x7684;&#x7B2C; 1 &#x5217;----&#13;&#10;&gt;19&#13;&#10;----&#x6807;&#x51C6;&#x8F93;&#x51FA;&#x7684;&#x7B2C; 1 &#x5217;----&#13;&#10;&gt;42 1" time="0" memory="352" score="0"/><testcase status="8" exitcode="0" detail="&#x5728;&#x7B2C; 1 &#x884C;:&#13;&#10;----&#x9009;&#x624B;&#x8F93;&#x51FA;&#x7684;&#x7B2C; 1 &#x5217;----&#13;&#10;&gt;28&#13;&#10;----&#x6807;&#x51C6;&#x8F93;&#x51FA;&#x7684;&#x7B2C; 1 &#x5217;----&#13;&#10;&gt;42 2" time="0" memory="352" score="0"/><testcase status="8" exitcode="0" detail="&#x5728;&#x7B2C; 1 &#x884C;:&#13;&#10;----&#x9009;&#x624B;&#x8F93;&#x51FA;&#x7684;&#x7B2C; 2 &#x5217;----&#13;&#10;&gt;...0&#13;&#10;----&#x6807;&#x51C6;&#x8F93;&#x51FA;&#x7684;&#x7B2C; 2 &#x5217;----&#13;&#10;&gt;...2 3" time="0" memory="352" score="0"/><testcase status="8" exitcode="0" detail="&#x5728;&#x7B2C; 1 &#x884C;:&#13;&#10;----&#x9009;&#x624B;&#x8F93;&#x51FA;&#x7684;&#x7B2C; 2 &#x5217;----&#13;&#10;&gt;...3&#13;&#10;----&#x6807;&#x51C6;&#x8F93;&#x51FA;&#x7684;&#x7B2C; 2 &#x5217;----&#13;&#10;&gt;...2 3" time="0" memory="348" score="0"/><testcase status="8" exitcode="0" detail="&#x5728;&#x7B2C; 1 &#x884C;:&#13;&#10;----&#x9009;&#x624B;&#x8F93;&#x51FA;&#x7684;&#x7B2C; 2 &#x5217;----&#13;&#10;&gt;...7&#13;&#10;----&#x6807;&#x51C6;&#x8F93;&#x51FA;&#x7684;&#x7B2C; 2 &#x5217;----&#13;&#10;&gt;...2 5" time="0" memory="348" score="0"/><testcase status="8" exitcode="0" detail="&#x5728;&#x7B2C; 1 &#x884C;:&#13;&#10;----&#x9009;&#x624B;&#x8F93;&#x51FA;&#x7684;&#x7B2C; 2 &#x5217;----&#13;&#10;&gt;...0&#13;&#10;----&#x6807;&#x51C6;&#x8F93;&#x51FA;&#x7684;&#x7B2C; 3 &#x5217;----&#13;&#10;&gt;... 68" time="0" memory="352" score="0"/><testcase status="8" exitcode="0" detail="&#x5728;&#x7B2C; 1 &#x884C;:&#13;&#10;----&#x9009;&#x624B;&#x8F93;&#x51FA;&#x7684;&#x7B2C; 2 &#x5217;----&#13;&#10;&gt;...6&#13;&#10;----&#x6807;&#x51C6;&#x8F93;&#x51FA;&#x7684;&#x7B2C; 2 &#x5217;----&#13;&#10;&gt;...2 4" time="0.01" memory="352" score="0"/><testcase status="8" exitcode="0" detail="&#x5728;&#x7B2C; 1 &#x884C;:&#13;&#10;----&#x9009;&#x624B;&#x8F93;&#x51FA;&#x7684;&#x7B2C; 1 &#x5217;----&#13;&#10;&gt;59&#13;&#10;----&#x6807;&#x51C6;&#x8F93;&#x51FA;&#x7684;&#x7B2C; 1 &#x5217;----&#13;&#10;&gt;29 2" time="0.01" memory="352" score="0"/><testcase status="8" exitcode="0" detail="&#x5728;&#x7B2C; 1 &#x884C;:&#13;&#10;----&#x9009;&#x624B;&#x8F93;&#x51FA;&#x7684;&#x7B2C; 1 &#x5217;----&#13;&#10;&gt;5&#13;&#10;----&#x6807;&#x51C6;&#x8F93;&#x51FA;&#x7684;&#x7B2C; 1 &#x5217;----&#13;&#10;&gt;3 2" time="0" memory="352" score="0"/></problem></result></cena>
