<?xml version="1.0"?>
<cena version="0.8.2"><result judgetime="44088.7227965625"><problem title="correlate" filename="correlate.cpp" status="1" hash="335941585" detail=""><testcase status="7" exitcode="0" detail="" time="0" memory="240" score="10"/><testcase status="7" exitcode="0" detail="" time="0" memory="240" score="10"/><testcase status="7" exitcode="0" detail="" time="0" memory="240" score="10"/><testcase status="7" exitcode="0" detail="" time="0" memory="244" score="10"/><testcase status="7" exitcode="0" detail="" time="0" memory="240" score="10"/><testcase status="7" exitcode="0" detail="" time="0" memory="240" score="10"/><testcase status="7" exitcode="0" detail="" time="0" memory="244" score="10"/><testcase status="7" exitcode="0" detail="" time="0" memory="244" score="10"/><testcase status="7" exitcode="0" detail="" time="0" memory="240" score="10"/><testcase status="7" exitcode="0" detail="" time="0" memory="244" score="10"/></problem><problem title="happy" filename="happy.cpp" status="1" hash="1654511656" detail=""><testcase status="7" exitcode="0" detail="" time="0" memory="244" score="10"/><testcase status="7" exitcode="0" detail="" time="0" memory="240" score="10"/><testcase status="7" exitcode="0" detail="" time="0" memory="240" score="10"/><testcase status="7" exitcode="0" detail="" time="0" memory="244" score="10"/><testcase status="7" exitcode="0" detail="" time="0" memory="244" score="10"/><testcase status="7" exitcode="0" detail="" time="0" memory="244" score="10"/><testcase status="7" exitcode="0" detail="" time="0" memory="244" score="10"/><testcase status="7" exitcode="0" detail="" time="0" memory="240" score="10"/><testcase status="7" exitcode="0" detail="" time="0" memory="240" score="10"/><testcase status="7" exitcode="0" detail="" time="0" memory="244" score="10"/></problem><problem title="gene" filename="gene.cpp" status="1" hash="2187223941" detail="PYWVKJSO.cpp: In function 'int get(const char&amp;, const char&amp;)':&#10;PYWVKJSO.cpp:44:1: warning: control reaches end of non-void function [-Wreturn-type]&#10; }&#10; ^&#10;"><testcase status="7" exitcode="0" detail="" time="0.01" memory="292" score="10"/><testcase status="7" exitcode="0" detail="" time="0" memory="292" score="10"/><testcase status="7" exitcode="0" detail="" time="0" memory="292" score="10"/><testcase status="7" exitcode="0" detail="" time="0" memory="292" score="10"/><testcase status="7" exitcode="0" detail="" time="0" memory="292" score="10"/><testcase status="7" exitcode="0" detail="" time="0" memory="288" score="10"/><testcase status="7" exitcode="0" detail="" time="0" memory="288" score="10"/><testcase status="7" exitcode="0" detail="" time="0" memory="292" score="10"/><testcase status="7" exitcode="0" detail="" time="0" memory="292" score="10"/><testcase status="7" exitcode="0" detail="" time="0" memory="292" score="10"/></problem><problem title="shopping" filename="shopping.cpp" status="1" hash="1145366563" detail=""><testcase status="7" exitcode="0" detail="" time="0" memory="472" score="10"/><testcase status="7" exitcode="0" detail="" time="0" memory="484" score="10"/><testcase status="7" exitcode="0" detail="" time="0" memory="480" score="10"/><testcase status="7" exitcode="0" detail="" time="0" memory="480" score="10"/><testcase status="7" exitcode="0" detail="" time="0" memory="512" score="20"/><testcase status="7" exitcode="0" detail="" time="0" memory="504" score="20"/><testcase status="7" exitcode="0" detail="" time="0" memory="504" score="20"/></problem></result></cena>
