<?xml version="1.0"?>
<cena version="0.8.1"><result judgetime="44116.45052125"><problem title="&#x5C0F;&#x660E;&#x5206;&#x7CD6;" filename="xiaoming.cpp" status="1" hash="2421569834" detail=""><testcase status="7" exitcode="0" detail="" time="0" memory="508" score="10"/><testcase status="7" exitcode="0" detail="" time="0" memory="504" score="10"/><testcase status="7" exitcode="0" detail="" time="0.01" memory="512" score="10"/><testcase status="7" exitcode="0" detail="" time="0" memory="504" score="10"/><testcase status="7" exitcode="0" detail="" time="0" memory="508" score="10"/><testcase status="7" exitcode="0" detail="" time="0" memory="512" score="10"/><testcase status="7" exitcode="0" detail="" time="0" memory="508" score="10"/><testcase status="7" exitcode="0" detail="" time="0" memory="508" score="10"/><testcase status="7" exitcode="0" detail="" time="0" memory="512" score="10"/><testcase status="7" exitcode="0" detail="" time="0" memory="508" score="10"/></problem><problem title="&#x6700;&#x5927;&#x5B50;&#x77E9;&#x9635;" filename="matrix.cpp" status="1" hash="3388628259" detail=""><testcase status="7" exitcode="0" detail="" time="0" memory="544" score="10"/><testcase status="7" exitcode="0" detail="" time="0" memory="552" score="10"/><testcase status="7" exitcode="0" detail="" time="0" memory="544" score="10"/><testcase status="7" exitcode="0" detail="" time="0" memory="552" score="10"/><testcase status="7" exitcode="0" detail="" time="0" memory="548" score="10"/><testcase status="7" exitcode="0" detail="" time="0.01" memory="544" score="10"/><testcase status="7" exitcode="0" detail="" time="0" memory="544" score="10"/><testcase status="7" exitcode="0" detail="" time="0.01" memory="544" score="10"/><testcase status="7" exitcode="0" detail="" time="0.01" memory="544" score="10"/><testcase status="7" exitcode="0" detail="" time="0.03" memory="552" score="10"/></problem><problem title="&#x5403;&#x6843;&#x5B50;" filename="peach.cpp" status="1" hash="2305089209" detail=""><testcase status="7" exitcode="0" detail="" time="0.01" memory="508" score="10"/><testcase status="7" exitcode="0" detail="" time="0" memory="512" score="10"/><testcase status="7" exitcode="0" detail="" time="0.03" memory="512" score="10"/><testcase status="7" exitcode="0" detail="" time="0.03" memory="508" score="10"/><testcase status="7" exitcode="0" detail="" time="0.17" memory="516" score="10"/><testcase status="7" exitcode="0" detail="" time="0.24" memory="508" score="10"/><testcase status="7" exitcode="0" detail="" time="0.42" memory="512" score="10"/><testcase status="7" exitcode="0" detail="" time="0.4" memory="512" score="10"/><testcase status="7" exitcode="0" detail="" time="0.23" memory="508" score="10"/><testcase status="7" exitcode="0" detail="" time="0.26" memory="508" score="10"/></problem><problem title="&#x5B57;&#x7B26;&#x4E32;&#x8DDD;&#x79BB;" filename="zifu.cpp" status="1" hash="1197905480" detail=""><testcase status="7" exitcode="0" detail="" time="0" memory="4420" score="10"/><testcase status="7" exitcode="0" detail="" time="0" memory="4416" score="10"/><testcase status="7" exitcode="0" detail="" time="0.03" memory="4420" score="10"/><testcase status="7" exitcode="0" detail="" time="0.01" memory="4424" score="10"/><testcase status="7" exitcode="0" detail="" time="0.03" memory="4420" score="10"/><testcase status="7" exitcode="0" detail="" time="0.12" memory="4420" score="10"/><testcase status="7" exitcode="0" detail="" time="0.14" memory="4416" score="10"/><testcase status="7" exitcode="0" detail="" time="0.21" memory="4424" score="10"/><testcase status="7" exitcode="0" detail="" time="0.31" memory="4424" score="10"/><testcase status="7" exitcode="0" detail="" time="0.4" memory="4424" score="10"/></problem></result></cena>
