<?xml version="1.0"?>
<cena version="0.8.2"><result judgetime="44098.6537202431"><problem title="maths" filename="maths.cpp" status="1" hash="1955079128" detail=""><testcase status="7" exitcode="0" detail="" time="0" memory="376" score="10"/><testcase status="7" exitcode="0" detail="" time="0" memory="376" score="10"/><testcase status="7" exitcode="0" detail="" time="0" memory="372" score="10"/><testcase status="7" exitcode="0" detail="" time="0.03" memory="376" score="10"/><testcase status="7" exitcode="0" detail="" time="0.01" memory="376" score="10"/><testcase status="7" exitcode="0" detail="" time="0.01" memory="376" score="10"/><testcase status="7" exitcode="0" detail="" time="0.01" memory="372" score="10"/><testcase status="7" exitcode="0" detail="" time="0.01" memory="376" score="10"/><testcase status="7" exitcode="0" detail="" time="0.01" memory="372" score="10"/><testcase status="7" exitcode="0" detail="" time="0.01" memory="372" score="10"/></problem><problem title="close" filename="close.cpp" status="1" hash="886680353" detail=""><testcase status="3" exitcode="1" detail="" time="1.1388073" memory="5336" score="0"/><testcase status="3" exitcode="1" detail="" time="1.0140065" memory="5336" score="0"/><testcase status="3" exitcode="1" detail="" time="1.0140065" memory="5340" score="0"/><testcase status="3" exitcode="1" detail="" time="1.0140065" memory="5336" score="0"/><testcase status="3" exitcode="1" detail="" time="1.0140065" memory="5332" score="0"/><testcase status="3" exitcode="1" detail="" time="1.0140065" memory="5336" score="0"/><testcase status="3" exitcode="1" detail="" time="1.1856076" memory="5332" score="0"/><testcase status="3" exitcode="1" detail="" time="1.0140065" memory="5332" score="0"/><testcase status="3" exitcode="1" detail="" time="1.2012077" memory="5332" score="0"/><testcase status="3" exitcode="1" detail="" time="1.0140065" memory="5332" score="0"/></problem><problem title="dna" filename="dna.cpp" status="1" hash="3380947110" detail=""><testcase status="7" exitcode="0" detail="" time="0" memory="272" score="10"/><testcase status="7" exitcode="0" detail="" time="0.01" memory="276" score="10"/><testcase status="7" exitcode="0" detail="" time="0" memory="276" score="10"/><testcase status="3" exitcode="1" detail="" time="1.0578704" memory="272" score="0"/><testcase status="3" exitcode="1" detail="" time="1.0140065" memory="276" score="0"/><testcase status="3" exitcode="1" detail="" time="1.0140065" memory="272" score="0"/><testcase status="3" exitcode="1" detail="" time="1.0140065" memory="276" score="0"/><testcase status="3" exitcode="1" detail="" time="1.0140065" memory="276" score="0"/><testcase status="3" exitcode="1" detail="" time="1.0140065" memory="276" score="0"/><testcase status="3" exitcode="1" detail="" time="1.0140065" memory="276" score="0"/></problem><problem title="game" filename="game.cpp" status="1" hash="23062038" detail=""><testcase status="7" exitcode="0" detail="" time="0" memory="1452" score="10"/><testcase status="7" exitcode="0" detail="" time="0" memory="1456" score="10"/><testcase status="7" exitcode="0" detail="" time="0.01" memory="1448" score="10"/><testcase status="7" exitcode="0" detail="" time="0.46" memory="1448" score="10"/><testcase status="7" exitcode="0" detail="" time="0.46" memory="1452" score="10"/><testcase status="7" exitcode="0" detail="" time="0.48" memory="1444" score="10"/><testcase status="7" exitcode="0" detail="" time="0.39" memory="1452" score="10"/><testcase status="7" exitcode="0" detail="" time="0.46" memory="1448" score="10"/><testcase status="7" exitcode="0" detail="" time="0.39" memory="1452" score="10"/><testcase status="7" exitcode="0" detail="" time="0.4" memory="1448" score="10"/></problem></result></cena>
