<?xml version="1.0"?>
<cena version="0.8.2"><result judgetime="44098.6555752778"><problem title="maths" filename="maths.cpp" status="1" hash="3864463782" detail=""><testcase status="7" exitcode="0" detail="" time="0" memory="936" score="10"/><testcase status="7" exitcode="0" detail="" time="0.01" memory="936" score="10"/><testcase status="7" exitcode="0" detail="" time="0" memory="936" score="10"/><testcase status="7" exitcode="0" detail="" time="0.04" memory="936" score="10"/><testcase status="7" exitcode="0" detail="" time="0.04" memory="936" score="10"/><testcase status="7" exitcode="0" detail="" time="0.01" memory="940" score="10"/><testcase status="7" exitcode="0" detail="" time="0.03" memory="936" score="10"/><testcase status="7" exitcode="0" detail="" time="0.03" memory="940" score="10"/><testcase status="7" exitcode="0" detail="" time="0.03" memory="940" score="10"/><testcase status="7" exitcode="0" detail="" time="0.03" memory="936" score="10"/></problem><problem title="close" filename="close.cpp" status="1" hash="3976123441" detail=""><testcase status="7" exitcode="0" detail="" time="0" memory="444" score="10"/><testcase status="7" exitcode="0" detail="" time="0" memory="444" score="10"/><testcase status="7" exitcode="0" detail="" time="0" memory="444" score="10"/><testcase status="7" exitcode="0" detail="" time="0" memory="444" score="10"/><testcase status="7" exitcode="0" detail="" time="0" memory="444" score="10"/><testcase status="7" exitcode="0" detail="" time="0" memory="444" score="10"/><testcase status="7" exitcode="0" detail="" time="0" memory="444" score="10"/><testcase status="7" exitcode="0" detail="" time="0" memory="444" score="10"/><testcase status="7" exitcode="0" detail="" time="0" memory="444" score="10"/><testcase status="7" exitcode="0" detail="" time="0" memory="444" score="10"/></problem><problem title="dna" filename="dna.cpp" status="1" hash="2052450188" detail="ZOXIKJLX.cpp: In function 'int read(int&amp;)':&#10;ZOXIKJLX.cpp:16:1: warning: no return statement in function returning non-void [-Wreturn-type]&#10; }&#10; ^&#10;"><testcase status="7" exitcode="0" detail="" time="0.03" memory="82636" score="10"/><testcase status="7" exitcode="0" detail="" time="0.03" memory="82636" score="10"/><testcase status="7" exitcode="0" detail="" time="0.03" memory="82636" score="10"/><testcase status="6" exitcode="3221225477" detail="" time="0.03" memory="82628" score="0"/><testcase status="6" exitcode="3221225477" detail="" time="0.03" memory="82628" score="0"/><testcase status="6" exitcode="3221225477" detail="" time="0.03" memory="82628" score="0"/><testcase status="6" exitcode="3221225477" detail="" time="0.04" memory="82628" score="0"/><testcase status="6" exitcode="3221225477" detail="" time="0.03" memory="82628" score="0"/><testcase status="6" exitcode="3221225477" detail="" time="0.01" memory="82632" score="0"/><testcase status="6" exitcode="3221225477" detail="" time="0.03" memory="82628" score="0"/></problem><problem title="game" filename="" status="14" hash="0" detail=""><testcase status="14" exitcode="0" detail="" time="0" memory="0" score="0"/><testcase status="14" exitcode="0" detail="" time="0" memory="0" score="0"/><testcase status="14" exitcode="0" detail="" time="0" memory="0" score="0"/><testcase status="14" exitcode="0" detail="" time="0" memory="0" score="0"/><testcase status="14" exitcode="0" detail="" time="0" memory="0" score="0"/><testcase status="14" exitcode="0" detail="" time="0" memory="0" score="0"/><testcase status="14" exitcode="0" detail="" time="0" memory="0" score="0"/><testcase status="14" exitcode="0" detail="" time="0" memory="0" score="0"/><testcase status="14" exitcode="0" detail="" time="0" memory="0" score="0"/><testcase status="14" exitcode="0" detail="" time="0" memory="0" score="0"/></problem></result></cena>
