<?xml version="1.0"?>
<cena version="0.8.2"><result judgetime="44123.6351189583"><problem title="&#x6C42;&#x6700;&#x957F;&#x516C;&#x5171;&#x5B50;&#x5E8F;&#x5217;LCS" filename="public.cpp" status="1" hash="1827243841" detail=""><testcase status="7" exitcode="0" detail="" time="0" memory="4420" score="10"/><testcase status="7" exitcode="0" detail="" time="0" memory="4420" score="10"/><testcase status="7" exitcode="0" detail="" time="0" memory="4420" score="10"/><testcase status="7" exitcode="0" detail="" time="0.01" memory="4420" score="10"/><testcase status="7" exitcode="0" detail="" time="0.01" memory="4424" score="10"/><testcase status="7" exitcode="0" detail="" time="0.01" memory="4420" score="10"/><testcase status="7" exitcode="0" detail="" time="0.01" memory="4424" score="10"/><testcase status="7" exitcode="0" detail="" time="0.01" memory="4416" score="10"/><testcase status="7" exitcode="0" detail="" time="0.01" memory="4420" score="10"/><testcase status="7" exitcode="0" detail="" time="0.01" memory="4420" score="10"/></problem><problem title="&#x6700;&#x957F;&#x4E0A;&#x5347;&#x5B50;&#x5E8F;&#x5217;" filename="longrise.cpp" status="1" hash="2517774496" detail=""><testcase status="7" exitcode="0" detail="" time="0" memory="520" score="10"/><testcase status="7" exitcode="0" detail="" time="0" memory="520" score="10"/><testcase status="7" exitcode="0" detail="" time="0" memory="520" score="10"/><testcase status="7" exitcode="0" detail="" time="0.01" memory="520" score="10"/><testcase status="7" exitcode="0" detail="" time="0" memory="520" score="10"/><testcase status="7" exitcode="0" detail="" time="0" memory="520" score="10"/><testcase status="7" exitcode="0" detail="" time="0" memory="520" score="10"/><testcase status="7" exitcode="0" detail="" time="0" memory="520" score="10"/><testcase status="7" exitcode="0" detail="" time="0.01" memory="520" score="10"/><testcase status="7" exitcode="0" detail="" time="0" memory="520" score="10"/></problem><problem title="&#x548C;&#x6700;&#x5927;&#x5B50;&#x5E8F;&#x5217;" filename="mlong.cpp" status="1" hash="1557850666" detail=""><testcase status="7" exitcode="0" detail="" time="0" memory="2004" score="10"/><testcase status="7" exitcode="0" detail="" time="0" memory="2008" score="10"/><testcase status="7" exitcode="0" detail="" time="0" memory="2008" score="10"/><testcase status="7" exitcode="0" detail="" time="0" memory="2004" score="10"/><testcase status="7" exitcode="0" detail="" time="0" memory="2008" score="10"/><testcase status="7" exitcode="0" detail="" time="0" memory="2012" score="10"/><testcase status="7" exitcode="0" detail="" time="0" memory="2008" score="10"/><testcase status="7" exitcode="0" detail="" time="0" memory="2008" score="10"/><testcase status="7" exitcode="0" detail="" time="0" memory="2008" score="10"/><testcase status="7" exitcode="0" detail="" time="0.21" memory="2008" score="10"/></problem><problem title="01&#x80CC;&#x5305;" filename="bag.cpp" status="1" hash="3023485740" detail=""><testcase status="7" exitcode="0" detail="" time="0.01" memory="1616" score="10"/><testcase status="7" exitcode="0" detail="" time="0" memory="1612" score="10"/><testcase status="7" exitcode="0" detail="" time="0" memory="1616" score="10"/><testcase status="7" exitcode="0" detail="" time="0" memory="1616" score="10"/><testcase status="7" exitcode="0" detail="" time="0.01" memory="1616" score="10"/><testcase status="7" exitcode="0" detail="" time="0.01" memory="1612" score="10"/><testcase status="7" exitcode="0" detail="" time="0" memory="1616" score="10"/><testcase status="7" exitcode="0" detail="" time="0" memory="1616" score="10"/><testcase status="7" exitcode="0" detail="" time="0" memory="1616" score="10"/><testcase status="7" exitcode="0" detail="" time="0" memory="1616" score="10"/></problem><problem title="&#x6446;&#x52A8;&#x5E8F;&#x5217;" filename="list.cpp" status="1" hash="566773303" detail=""><testcase status="7" exitcode="0" detail="" time="0" memory="448" score="10"/><testcase status="7" exitcode="0" detail="" time="0" memory="448" score="10"/><testcase status="7" exitcode="0" detail="" time="0" memory="452" score="10"/><testcase status="7" exitcode="0" detail="" time="0" memory="448" score="10"/><testcase status="7" exitcode="0" detail="" time="0" memory="448" score="10"/><testcase status="7" exitcode="0" detail="" time="0.01" memory="448" score="10"/><testcase status="7" exitcode="0" detail="" time="0" memory="448" score="10"/><testcase status="7" exitcode="0" detail="" time="0" memory="448" score="10"/><testcase status="7" exitcode="0" detail="" time="0.01" memory="448" score="10"/><testcase status="7" exitcode="0" detail="" time="0" memory="452" score="10"/></problem><problem title="&#x6446;&#x52A8;&#x5E8F;&#x5217;2" filename="listwo.cpp" status="1" hash="3271935381" detail=""><testcase status="7" exitcode="0" detail="" time="0" memory="448" score="10"/><testcase status="7" exitcode="0" detail="" time="0" memory="448" score="10"/><testcase status="7" exitcode="0" detail="" time="0" memory="448" score="10"/><testcase status="7" exitcode="0" detail="" time="0" memory="448" score="10"/><testcase status="7" exitcode="0" detail="" time="0" memory="448" score="10"/><testcase status="7" exitcode="0" detail="" time="0" memory="448" score="10"/><testcase status="7" exitcode="0" detail="" time="0" memory="448" score="10"/><testcase status="7" exitcode="0" detail="" time="0" memory="448" score="10"/><testcase status="7" exitcode="0" detail="" time="0" memory="448" score="10"/><testcase status="7" exitcode="0" detail="" time="0" memory="448" score="10"/></problem></result></cena>
