<?xml version="1.0"?>
<cena version="0.8.1"><result judgetime="44081.6746391667"><problem title="&#x6570;&#x5217;&#x6392;&#x5E8F;" filename="grop.cpp" status="1" hash="18563683" detail=""><testcase status="7" exitcode="0" detail="" time="0" memory="236" score="10"/><testcase status="7" exitcode="0" detail="" time="0" memory="232" score="10"/><testcase status="7" exitcode="0" detail="" time="0" memory="232" score="10"/><testcase status="7" exitcode="0" detail="" time="0" memory="232" score="10"/><testcase status="7" exitcode="0" detail="" time="0" memory="236" score="10"/><testcase status="7" exitcode="0" detail="" time="0.01" memory="232" score="10"/><testcase status="7" exitcode="0" detail="" time="0" memory="236" score="10"/><testcase status="7" exitcode="0" detail="" time="0" memory="232" score="10"/><testcase status="7" exitcode="0" detail="" time="0" memory="236" score="10"/><testcase status="7" exitcode="0" detail="" time="0.01" memory="232" score="10"/></problem><problem title="&#x65E5;&#x671F;&#x6392;&#x5E8F;" filename="date.cpp" status="1" hash="1312084152" detail=""><testcase status="7" exitcode="0" detail="" time="0" memory="236" score="10"/><testcase status="7" exitcode="0" detail="" time="0" memory="236" score="10"/><testcase status="7" exitcode="0" detail="" time="0" memory="236" score="10"/><testcase status="7" exitcode="0" detail="" time="0.01" memory="232" score="10"/><testcase status="7" exitcode="0" detail="" time="0" memory="236" score="10"/><testcase status="7" exitcode="0" detail="" time="0" memory="236" score="10"/><testcase status="7" exitcode="0" detail="" time="0" memory="236" score="10"/><testcase status="7" exitcode="0" detail="" time="0" memory="232" score="10"/><testcase status="7" exitcode="0" detail="" time="0" memory="236" score="10"/><testcase status="7" exitcode="0" detail="" time="0" memory="236" score="10"/></problem><problem title="&#x8EAB;&#x4EFD;&#x8BC1;&#x6392;&#x5E8F;" filename="idcard.cpp" status="1" hash="4101622186" detail=""><testcase status="7" exitcode="0" detail="" time="0" memory="8056" score="10"/><testcase status="7" exitcode="0" detail="" time="0" memory="8056" score="10"/><testcase status="7" exitcode="0" detail="" time="0" memory="8060" score="10"/><testcase status="7" exitcode="0" detail="" time="0" memory="8056" score="10"/><testcase status="7" exitcode="0" detail="" time="0" memory="8056" score="10"/><testcase status="7" exitcode="0" detail="" time="0" memory="8060" score="10"/><testcase status="7" exitcode="0" detail="" time="0" memory="8056" score="10"/><testcase status="7" exitcode="0" detail="" time="0" memory="8064" score="10"/><testcase status="7" exitcode="0" detail="" time="0.01" memory="8064" score="10"/><testcase status="7" exitcode="0" detail="" time="0" memory="8056" score="10"/></problem><problem title="&#x6210;&#x7EE9;&#x6392;&#x5E8F;" filename="score.cpp" status="1" hash="2947707832" detail=""><testcase status="7" exitcode="0" detail="" time="0" memory="1404" score="10"/><testcase status="7" exitcode="0" detail="" time="0.01" memory="1404" score="10"/><testcase status="7" exitcode="0" detail="" time="0.03" memory="1408" score="10"/><testcase status="7" exitcode="0" detail="" time="0.01" memory="1408" score="10"/><testcase status="7" exitcode="0" detail="" time="0.03" memory="1408" score="10"/><testcase status="7" exitcode="0" detail="" time="0.03" memory="1408" score="10"/><testcase status="7" exitcode="0" detail="" time="0.03" memory="1408" score="10"/><testcase status="7" exitcode="0" detail="" time="0.03" memory="1404" score="10"/><testcase status="8" exitcode="0" detail="&#x9009;&#x624B;&#x8F93;&#x51FA;&#x6BD4;&#x6807;&#x51C6;&#x8F93;&#x51FA;&#x957F;&#x3002;" time="0" memory="1404" score="0"/><testcase status="8" exitcode="0" detail="&#x9009;&#x624B;&#x8F93;&#x51FA;&#x6BD4;&#x6807;&#x51C6;&#x8F93;&#x51FA;&#x957F;&#x3002;" time="0" memory="1408" score="0"/></problem><problem title="&#x6392;&#x5E8F;" filename="ssort.cpp" status="1" hash="119612040" detail=""><testcase status="7" exitcode="0" detail="" time="0" memory="232" score="10"/><testcase status="7" exitcode="0" detail="" time="0.01" memory="232" score="10"/><testcase status="7" exitcode="0" detail="" time="0" memory="232" score="10"/><testcase status="7" exitcode="0" detail="" time="0" memory="232" score="10"/><testcase status="7" exitcode="0" detail="" time="0.01" memory="236" score="10"/><testcase status="7" exitcode="0" detail="" time="0.01" memory="232" score="10"/><testcase status="7" exitcode="0" detail="" time="0" memory="236" score="10"/><testcase status="7" exitcode="0" detail="" time="0.01" memory="232" score="10"/><testcase status="7" exitcode="0" detail="" time="0.01" memory="232" score="10"/><testcase status="7" exitcode="0" detail="" time="0" memory="236" score="10"/></problem><problem title="&#x7EDD;&#x5BF9;&#x503C;&#x6392;&#x5E8F;" filename="absolute.cpp" status="1" hash="86261435" detail=""><testcase status="7" exitcode="0" detail="" time="0" memory="248" score="10"/><testcase status="7" exitcode="0" detail="" time="0" memory="248" score="10"/><testcase status="7" exitcode="0" detail="" time="0" memory="252" score="10"/><testcase status="7" exitcode="0" detail="" time="0" memory="248" score="10"/><testcase status="7" exitcode="0" detail="" time="0.01" memory="252" score="10"/><testcase status="7" exitcode="0" detail="" time="0" memory="252" score="10"/><testcase status="7" exitcode="0" detail="" time="0" memory="252" score="10"/><testcase status="7" exitcode="0" detail="" time="0" memory="248" score="10"/><testcase status="7" exitcode="0" detail="" time="0" memory="252" score="10"/><testcase status="7" exitcode="0" detail="" time="0" memory="252" score="10"/></problem></result></cena>
