<?xml version="1.0"?>
<cena version="0.8.2"><result judgetime="44098.6580252315"><problem title="maths" filename="maths.cpp" status="1" hash="851578433" detail=""><testcase status="7" exitcode="0" detail="" time="0" memory="548" score="10"/><testcase status="7" exitcode="0" detail="" time="0" memory="548" score="10"/><testcase status="7" exitcode="0" detail="" time="0.01" memory="548" score="10"/><testcase status="7" exitcode="0" detail="" time="0.06" memory="544" score="10"/><testcase status="7" exitcode="0" detail="" time="0.06" memory="544" score="10"/><testcase status="7" exitcode="0" detail="" time="0.04" memory="544" score="10"/><testcase status="7" exitcode="0" detail="" time="0.04" memory="544" score="10"/><testcase status="7" exitcode="0" detail="" time="0.06" memory="544" score="10"/><testcase status="7" exitcode="0" detail="" time="0.06" memory="544" score="10"/><testcase status="7" exitcode="0" detail="" time="0.04" memory="544" score="10"/></problem><problem title="close" filename="close.cpp" status="16" hash="3316239162" detail="UZWFOEEB.cpp: In function 'int main()':&#10;UZWFOEEB.cpp:38:5: error: 'xuanhuobuxuanyou' was not declared in this scope&#10;     xuanhuobuxuanyou&#10;     ^~~~~~~~~~~~~~~~&#10;"><testcase status="16" exitcode="1" detail="" time="0" memory="0" score="0"/><testcase status="16" exitcode="1" detail="" time="0" memory="0" score="0"/><testcase status="16" exitcode="1" detail="" time="0" memory="0" score="0"/><testcase status="16" exitcode="1" detail="" time="0" memory="0" score="0"/><testcase status="16" exitcode="1" detail="" time="0" memory="0" score="0"/><testcase status="16" exitcode="1" detail="" time="0" memory="0" score="0"/><testcase status="16" exitcode="1" detail="" time="0" memory="0" score="0"/><testcase status="16" exitcode="1" detail="" time="0" memory="0" score="0"/><testcase status="16" exitcode="1" detail="" time="0" memory="0" score="0"/><testcase status="16" exitcode="1" detail="" time="0" memory="0" score="0"/></problem><problem title="dna" filename="dna.cpp" status="1" hash="2789758152" detail=""><testcase status="10" exitcode="0" detail="" time="0" memory="244" score="0"/><testcase status="10" exitcode="0" detail="" time="0" memory="240" score="0"/><testcase status="10" exitcode="0" detail="" time="0" memory="240" score="0"/><testcase status="10" exitcode="0" detail="" time="0" memory="240" score="0"/><testcase status="10" exitcode="0" detail="" time="0" memory="240" score="0"/><testcase status="10" exitcode="0" detail="" time="0" memory="244" score="0"/><testcase status="10" exitcode="0" detail="" time="0" memory="240" score="0"/><testcase status="10" exitcode="0" detail="" time="0.01" memory="240" score="0"/><testcase status="10" exitcode="0" detail="" time="0" memory="240" score="0"/><testcase status="10" exitcode="0" detail="" time="0" memory="240" score="0"/></problem><problem title="game" filename="game.cpp" status="1" hash="2547044493" detail=""><testcase status="8" exitcode="0" detail="&#x5728;&#x7B2C; 1 &#x884C;:&#13;&#10;----&#x9009;&#x624B;&#x8F93;&#x51FA;&#x7684;&#x7B2C; 3 &#x5217;----&#13;&#10;&gt;...4911&#13;&#10;----&#x6807;&#x51C6;&#x8F93;&#x51FA;&#x7684;&#x7B2C; 3 &#x5217;----&#13;&#10;&gt;...9177" time="0.01" memory="1132" score="0"/><testcase status="8" exitcode="0" detail="&#x5728;&#x7B2C; 1 &#x884C;:&#13;&#10;----&#x9009;&#x624B;&#x8F93;&#x51FA;&#x7684;&#x7B2C; 3 &#x5217;----&#13;&#10;&gt;...2536&#13;&#10;----&#x6807;&#x51C6;&#x8F93;&#x51FA;&#x7684;&#x7B2C; 3 &#x5217;----&#13;&#10;&gt;...7281" time="0.03" memory="1136" score="0"/><testcase status="8" exitcode="0" detail="&#x5728;&#x7B2C; 1 &#x884C;:&#13;&#10;----&#x9009;&#x624B;&#x8F93;&#x51FA;&#x7684;&#x7B2C; 3 &#x5217;----&#13;&#10;&gt;...3022&#13;&#10;----&#x6807;&#x51C6;&#x8F93;&#x51FA;&#x7684;&#x7B2C; 3 &#x5217;----&#13;&#10;&gt;...4033" time="0.03" memory="1136" score="0"/><testcase status="3" exitcode="1" detail="" time="1.2012077" memory="1336" score="0"/><testcase status="3" exitcode="1" detail="" time="1.2012077" memory="1352" score="0"/><testcase status="3" exitcode="1" detail="" time="1.0140065" memory="1284" score="0"/><testcase status="3" exitcode="1" detail="" time="1.2012077" memory="1364" score="0"/><testcase status="3" exitcode="1" detail="" time="1.0140065" memory="1316" score="0"/><testcase status="3" exitcode="1" detail="" time="1.0140065" memory="1292" score="0"/><testcase status="3" exitcode="1" detail="" time="1.0140065" memory="1300" score="0"/></problem></result></cena>
