<?xml version="1.0"?>
<cena version="0.8.1"><result judgetime="44116.6973614583"><problem title="&#x5C0F;&#x660E;&#x5206;&#x7CD6;" filename="xiaoming.cpp" status="1" hash="40399267" detail=""><testcase status="7" exitcode="0" detail="" time="0" memory="8356" score="10"/><testcase status="7" exitcode="0" detail="" time="0" memory="8352" score="10"/><testcase status="7" exitcode="0" detail="" time="0" memory="8356" score="10"/><testcase status="7" exitcode="0" detail="" time="0" memory="8348" score="10"/><testcase status="7" exitcode="0" detail="" time="0" memory="8356" score="10"/><testcase status="7" exitcode="0" detail="" time="0" memory="8352" score="10"/><testcase status="7" exitcode="0" detail="" time="0" memory="8348" score="10"/><testcase status="7" exitcode="0" detail="" time="0" memory="8356" score="10"/><testcase status="7" exitcode="0" detail="" time="0" memory="8348" score="10"/><testcase status="7" exitcode="0" detail="" time="0" memory="8348" score="10"/></problem><problem title="&#x6700;&#x5927;&#x5B50;&#x77E9;&#x9635;" filename="matrix.cpp" status="16" hash="2114674837" detail="DKVHQZLJ.cpp: In function `int main()':&#13;&#10;DKVHQZLJ.cpp:14: error: `ans' undeclared (first use this function)&#13;&#10;DKVHQZLJ.cpp:14: error: (Each undeclared identifier is reported only once for each function it appears in.)&#13;&#10;"><testcase status="16" exitcode="1" detail="" time="0" memory="0" score="0"/><testcase status="16" exitcode="1" detail="" time="0" memory="0" score="0"/><testcase status="16" exitcode="1" detail="" time="0" memory="0" score="0"/><testcase status="16" exitcode="1" detail="" time="0" memory="0" score="0"/><testcase status="16" exitcode="1" detail="" time="0" memory="0" score="0"/><testcase status="16" exitcode="1" detail="" time="0" memory="0" score="0"/><testcase status="16" exitcode="1" detail="" time="0" memory="0" score="0"/><testcase status="16" exitcode="1" detail="" time="0" memory="0" score="0"/><testcase status="16" exitcode="1" detail="" time="0" memory="0" score="0"/><testcase status="16" exitcode="1" detail="" time="0" memory="0" score="0"/></problem><problem title="&#x5403;&#x6843;&#x5B50;" filename="peach.cpp" status="1" hash="752282776" detail=""><testcase status="7" exitcode="0" detail="" time="0" memory="552" score="10"/><testcase status="7" exitcode="0" detail="" time="0" memory="556" score="10"/><testcase status="7" exitcode="0" detail="" time="0" memory="556" score="10"/><testcase status="7" exitcode="0" detail="" time="0" memory="556" score="10"/><testcase status="7" exitcode="0" detail="" time="0.01" memory="552" score="10"/><testcase status="7" exitcode="0" detail="" time="0.01" memory="552" score="10"/><testcase status="7" exitcode="0" detail="" time="0.01" memory="556" score="10"/><testcase status="7" exitcode="0" detail="" time="0.03" memory="552" score="10"/><testcase status="7" exitcode="0" detail="" time="0" memory="552" score="10"/><testcase status="7" exitcode="0" detail="" time="0.01" memory="552" score="10"/></problem><problem title="&#x5B57;&#x7B26;&#x4E32;&#x8DDD;&#x79BB;" filename="zifu.cpp" status="1" hash="229758306" detail=""><testcase status="7" exitcode="0" detail="" time="0" memory="4424" score="10"/><testcase status="7" exitcode="0" detail="" time="0.04" memory="4424" score="10"/><testcase status="7" exitcode="0" detail="" time="0.03" memory="4420" score="10"/><testcase status="7" exitcode="0" detail="" time="0.03" memory="4424" score="10"/><testcase status="7" exitcode="0" detail="" time="0.04" memory="4424" score="10"/><testcase status="7" exitcode="0" detail="" time="0.15" memory="4424" score="10"/><testcase status="7" exitcode="0" detail="" time="0.15" memory="4416" score="10"/><testcase status="7" exitcode="0" detail="" time="0.26" memory="4420" score="10"/><testcase status="7" exitcode="0" detail="" time="0.39" memory="4420" score="10"/><testcase status="7" exitcode="0" detail="" time="0.49" memory="4420" score="10"/></problem></result></cena>
