<?xml version="1.0"?>
<cena version="0.8.1"><result judgetime="44098.4802724653"><problem title="1&#x3001;&#x6570;&#x5B57;&#x4E09;&#x89D2;&#x5F62;" filename="triangle.cpp" status="1" hash="1582026867" detail=""><testcase status="7" exitcode="0" detail="" time="0" memory="548" score="10"/><testcase status="7" exitcode="0" detail="" time="0" memory="548" score="10"/><testcase status="7" exitcode="0" detail="" time="0" memory="552" score="10"/><testcase status="7" exitcode="0" detail="" time="0.01" memory="552" score="10"/><testcase status="7" exitcode="0" detail="" time="0" memory="544" score="10"/><testcase status="7" exitcode="0" detail="" time="0" memory="544" score="10"/><testcase status="7" exitcode="0" detail="" time="0" memory="544" score="10"/><testcase status="7" exitcode="0" detail="" time="0" memory="548" score="10"/><testcase status="7" exitcode="0" detail="" time="0" memory="544" score="10"/><testcase status="7" exitcode="0" detail="" time="0.01" memory="548" score="10"/></problem><problem title="2&#x3001;&#x6700;&#x957F;&#x4E0A;&#x5347;&#x5B50;&#x5E8F;&#x5217;" filename="long.cpp" status="1" hash="1346797210" detail=""><testcase status="7" exitcode="0" detail="" time="0" memory="472" score="10"/><testcase status="7" exitcode="0" detail="" time="0" memory="472" score="10"/><testcase status="7" exitcode="0" detail="" time="0" memory="476" score="10"/><testcase status="7" exitcode="0" detail="" time="0" memory="476" score="10"/><testcase status="7" exitcode="0" detail="" time="0" memory="476" score="10"/><testcase status="7" exitcode="0" detail="" time="0" memory="472" score="10"/><testcase status="7" exitcode="0" detail="" time="0" memory="472" score="10"/><testcase status="7" exitcode="0" detail="" time="0" memory="472" score="10"/><testcase status="7" exitcode="0" detail="" time="0.01" memory="476" score="10"/><testcase status="7" exitcode="0" detail="" time="0" memory="476" score="10"/></problem><problem title="3&#x3001;&#x6700;&#x957F;&#x516C;&#x5171;&#x5B50;&#x5E8F;&#x5217;" filename="gong.cpp" status="1" hash="4142312325" detail=""><testcase status="7" exitcode="0" detail="" time="0" memory="4400" score="10"/><testcase status="7" exitcode="0" detail="" time="0" memory="4396" score="10"/><testcase status="7" exitcode="0" detail="" time="0" memory="4396" score="10"/><testcase status="7" exitcode="0" detail="" time="0" memory="4396" score="10"/><testcase status="7" exitcode="0" detail="" time="0.01" memory="4396" score="10"/><testcase status="7" exitcode="0" detail="" time="0" memory="4400" score="10"/><testcase status="7" exitcode="0" detail="" time="0" memory="4396" score="10"/><testcase status="7" exitcode="0" detail="" time="0" memory="4392" score="10"/><testcase status="7" exitcode="0" detail="" time="0" memory="4400" score="10"/><testcase status="7" exitcode="0" detail="" time="0.01" memory="4396" score="10"/></problem><problem title="4&#x3001;&#x6570;&#x7684;&#x8BA1;&#x6570;" filename="count.cpp" status="1" hash="1314415598" detail=""><testcase status="7" exitcode="0" detail="" time="0" memory="4384" score="10"/><testcase status="7" exitcode="0" detail="" time="0" memory="4384" score="10"/><testcase status="7" exitcode="0" detail="" time="0.01" memory="4384" score="10"/><testcase status="7" exitcode="0" detail="" time="0" memory="4384" score="10"/><testcase status="7" exitcode="0" detail="" time="0" memory="4384" score="10"/><testcase status="7" exitcode="0" detail="" time="0" memory="4384" score="10"/><testcase status="7" exitcode="0" detail="" time="0" memory="4380" score="10"/><testcase status="7" exitcode="0" detail="" time="0" memory="4384" score="10"/><testcase status="7" exitcode="0" detail="" time="0.01" memory="4380" score="10"/><testcase status="7" exitcode="0" detail="" time="0" memory="4376" score="10"/></problem></result></cena>
