<?xml version="1.0"?>
<cena version="0.8.1"><result judgetime="44116.6904522685"><problem title="&#x5C0F;&#x660E;&#x5206;&#x7CD6;" filename="xiaoming.cpp" status="1" hash="3831959507" detail=""><testcase status="3" exitcode="1" detail="" time="1.0140065" memory="484" score="0"/><testcase status="3" exitcode="1" detail="" time="1.0140065" memory="484" score="0"/><testcase status="3" exitcode="1" detail="" time="1.0140065" memory="488" score="0"/><testcase status="3" exitcode="1" detail="" time="1.0296066" memory="484" score="0"/><testcase status="3" exitcode="1" detail="" time="1.0140065" memory="484" score="0"/><testcase status="3" exitcode="1" detail="" time="1.0140065" memory="484" score="0"/><testcase status="3" exitcode="1" detail="" time="1.0296066" memory="476" score="0"/><testcase status="3" exitcode="1" detail="" time="1.0140065" memory="480" score="0"/><testcase status="3" exitcode="1" detail="" time="1.0140065" memory="476" score="0"/><testcase status="3" exitcode="1" detail="" time="1.0140065" memory="476" score="0"/></problem><problem title="&#x6700;&#x5927;&#x5B50;&#x77E9;&#x9635;" filename="matrix.cpp" status="1" hash="1957741466" detail=""><testcase status="7" exitcode="0" detail="" time="0" memory="536" score="10"/><testcase status="7" exitcode="0" detail="" time="0.01" memory="528" score="10"/><testcase status="7" exitcode="0" detail="" time="0.01" memory="528" score="10"/><testcase status="7" exitcode="0" detail="" time="0" memory="528" score="10"/><testcase status="7" exitcode="0" detail="" time="0" memory="536" score="10"/><testcase status="7" exitcode="0" detail="" time="0" memory="532" score="10"/><testcase status="7" exitcode="0" detail="" time="0.01" memory="528" score="10"/><testcase status="7" exitcode="0" detail="" time="0" memory="532" score="10"/><testcase status="7" exitcode="0" detail="" time="0.04" memory="532" score="10"/><testcase status="7" exitcode="0" detail="" time="0.18" memory="532" score="10"/></problem><problem title="&#x5403;&#x6843;&#x5B50;" filename="peach.cpp" status="1" hash="503899773" detail=""><testcase status="7" exitcode="0" detail="" time="0" memory="452" score="10"/><testcase status="7" exitcode="0" detail="" time="0" memory="452" score="10"/><testcase status="7" exitcode="0" detail="" time="0" memory="452" score="10"/><testcase status="7" exitcode="0" detail="" time="0" memory="452" score="10"/><testcase status="7" exitcode="0" detail="" time="0.01" memory="452" score="10"/><testcase status="7" exitcode="0" detail="" time="0" memory="448" score="10"/><testcase status="7" exitcode="0" detail="" time="0" memory="452" score="10"/><testcase status="7" exitcode="0" detail="" time="0.01" memory="448" score="10"/><testcase status="7" exitcode="0" detail="" time="0" memory="452" score="10"/><testcase status="7" exitcode="0" detail="" time="0.01" memory="452" score="10"/></problem><problem title="&#x5B57;&#x7B26;&#x4E32;&#x8DDD;&#x79BB;" filename="zifu.cpp" status="1" hash="1843342700" detail=""><testcase status="7" exitcode="0" detail="" time="0" memory="4404" score="10"/><testcase status="7" exitcode="0" detail="" time="0" memory="4400" score="10"/><testcase status="7" exitcode="0" detail="" time="0.01" memory="4404" score="10"/><testcase status="7" exitcode="0" detail="" time="0.01" memory="4396" score="10"/><testcase status="7" exitcode="0" detail="" time="0.04" memory="4404" score="10"/><testcase status="7" exitcode="0" detail="" time="0.1" memory="4404" score="10"/><testcase status="7" exitcode="0" detail="" time="0.1" memory="4404" score="10"/><testcase status="7" exitcode="0" detail="" time="0.2" memory="4396" score="10"/><testcase status="7" exitcode="0" detail="" time="0.28" memory="4396" score="10"/><testcase status="7" exitcode="0" detail="" time="0.34" memory="4400" score="10"/></problem></result></cena>
