<?xml version="1.0"?>
<cena version="0.8.1"><result judgetime="44116.6953537037"><problem title="&#x5C0F;&#x660E;&#x5206;&#x7CD6;" filename="xiaoming.cpp" status="1" hash="2637220869" detail=""><testcase status="10" exitcode="0" detail="" time="0" memory="492" score="0"/><testcase status="10" exitcode="0" detail="" time="0" memory="492" score="0"/><testcase status="10" exitcode="0" detail="" time="0" memory="492" score="0"/><testcase status="10" exitcode="0" detail="" time="0" memory="488" score="0"/><testcase status="10" exitcode="0" detail="" time="0" memory="488" score="0"/><testcase status="10" exitcode="0" detail="" time="0" memory="492" score="0"/><testcase status="10" exitcode="0" detail="" time="0" memory="492" score="0"/><testcase status="10" exitcode="0" detail="" time="0" memory="492" score="0"/><testcase status="10" exitcode="0" detail="" time="0" memory="492" score="0"/><testcase status="10" exitcode="0" detail="" time="0.01" memory="484" score="0"/></problem><problem title="&#x6700;&#x5927;&#x5B50;&#x77E9;&#x9635;" filename="matrix.cpp" status="1" hash="4016799531" detail=""><testcase status="8" exitcode="0" detail="&#x5728;&#x7B2C; 1 &#x884C;:&#13;&#10;----&#x9009;&#x624B;&#x8F93;&#x51FA;&#x7684;&#x7B2C; 2 &#x5217;----&#13;&#10;&gt;...7&#13;&#10;----&#x6807;&#x51C6;&#x8F93;&#x51FA;&#x7684;&#x7B2C; 2 &#x5217;----&#13;&#10;&gt;...5" time="0" memory="528" score="0"/><testcase status="7" exitcode="0" detail="" time="0" memory="524" score="10"/><testcase status="7" exitcode="0" detail="" time="0" memory="524" score="10"/><testcase status="8" exitcode="0" detail="&#x5728;&#x7B2C; 1 &#x884C;:&#13;&#10;----&#x9009;&#x624B;&#x8F93;&#x51FA;&#x7684;&#x7B2C; 1 &#x5217;----&#13;&#10;&gt;1133&#13;&#10;----&#x6807;&#x51C6;&#x8F93;&#x51FA;&#x7684;&#x7B2C; 1 &#x5217;----&#13;&#10;&gt;923" time="0.01" memory="528" score="0"/><testcase status="7" exitcode="0" detail="" time="0" memory="528" score="10"/><testcase status="8" exitcode="0" detail="&#x5728;&#x7B2C; 1 &#x884C;:&#13;&#10;----&#x9009;&#x624B;&#x8F93;&#x51FA;&#x7684;&#x7B2C; 1 &#x5217;----&#13;&#10;&gt;5954&#13;&#10;----&#x6807;&#x51C6;&#x8F93;&#x51FA;&#x7684;&#x7B2C; 1 &#x5217;----&#13;&#10;&gt;2812" time="0.01" memory="524" score="0"/><testcase status="7" exitcode="0" detail="" time="0.03" memory="528" score="10"/><testcase status="8" exitcode="0" detail="&#x5728;&#x7B2C; 1 &#x884C;:&#13;&#10;----&#x9009;&#x624B;&#x8F93;&#x51FA;&#x7684;&#x7B2C; 1 &#x5217;----&#13;&#10;&gt;8430&#13;&#10;----&#x6807;&#x51C6;&#x8F93;&#x51FA;&#x7684;&#x7B2C; 1 &#x5217;----&#13;&#10;&gt;2582" time="0.04" memory="528" score="0"/><testcase status="7" exitcode="0" detail="" time="0.18" memory="528" score="10"/><testcase status="7" exitcode="0" detail="" time="0.78" memory="528" score="10"/></problem><problem title="&#x5403;&#x6843;&#x5B50;" filename="peach.cpp" status="1" hash="3731623568" detail=""><testcase status="7" exitcode="0" detail="" time="0.01" memory="524" score="10"/><testcase status="7" exitcode="0" detail="" time="0" memory="520" score="10"/><testcase status="7" exitcode="0" detail="" time="0" memory="524" score="10"/><testcase status="7" exitcode="0" detail="" time="0" memory="528" score="10"/><testcase status="7" exitcode="0" detail="" time="0.01" memory="524" score="10"/><testcase status="7" exitcode="0" detail="" time="0.03" memory="528" score="10"/><testcase status="7" exitcode="0" detail="" time="0.03" memory="528" score="10"/><testcase status="7" exitcode="0" detail="" time="0.01" memory="528" score="10"/><testcase status="7" exitcode="0" detail="" time="0.01" memory="520" score="10"/><testcase status="7" exitcode="0" detail="" time="0.01" memory="524" score="10"/></problem><problem title="&#x5B57;&#x7B26;&#x4E32;&#x8DDD;&#x79BB;" filename="zifu.cpp" status="1" hash="3622004817" detail=""><testcase status="7" exitcode="0" detail="" time="0" memory="4392" score="10"/><testcase status="7" exitcode="0" detail="" time="0" memory="4392" score="10"/><testcase status="7" exitcode="0" detail="" time="0.01" memory="4384" score="10"/><testcase status="7" exitcode="0" detail="" time="0.03" memory="4392" score="10"/><testcase status="7" exitcode="0" detail="" time="0.06" memory="4388" score="10"/><testcase status="7" exitcode="0" detail="" time="0.15" memory="4384" score="10"/><testcase status="7" exitcode="0" detail="" time="0.15" memory="4384" score="10"/><testcase status="7" exitcode="0" detail="" time="0.26" memory="4388" score="10"/><testcase status="7" exitcode="0" detail="" time="0.35" memory="4392" score="10"/><testcase status="7" exitcode="0" detail="" time="0.45" memory="4392" score="10"/></problem></result></cena>
