<?xml version="1.0"?>
<cena version="0.8.2"><result judgetime="44095.7321314236"><problem title="notepad" filename="notepad.cpp" status="1" hash="1371311621" detail="VLXKELDU.cpp: In function 'char hrq1(char)':&#10;VLXKELDU.cpp:30:1: warning: control reaches end of non-void function [-Wreturn-type]&#10; }&#10; ^&#10;"><testcase status="7" exitcode="0" detail="" time="0" memory="10068" score="5"/><testcase status="8" exitcode="0" detail="&#x5728;&#x7B2C; 28 &#x884C;:&#13;&#10;----&#x9009;&#x624B;&#x8F93;&#x51FA;&#x7684;&#x7B2C; 10 &#x5217;----&#13;&#10;&gt;... 4&#13;&#10;----&#x6807;&#x51C6;&#x8F93;&#x51FA;&#x7684;&#x7B2C; 10 &#x5217;----&#13;&#10;&gt;... 3" time="0.26" memory="10072" score="0"/><testcase status="3" exitcode="1" detail="" time="1.0140065" memory="10068" score="0"/><testcase status="8" exitcode="0" detail="&#x5728;&#x7B2C; 1 &#x884C;:&#13;&#10;----&#x9009;&#x624B;&#x8F93;&#x51FA;&#x7684;&#x7B2C; 1 &#x5217;----&#13;&#10;&gt;001-04...&#13;&#10;----&#x6807;&#x51C6;&#x8F93;&#x51FA;&#x7684;&#x7B2C; 1 &#x5217;----&#13;&#10;&gt;No dup..." time="0.24" memory="10076" score="0"/><testcase status="8" exitcode="0" detail="&#x6807;&#x51C6;&#x8F93;&#x51FA;&#x6BD4;&#x9009;&#x624B;&#x8F93;&#x51FA;&#x957F;&#x3002;" time="0" memory="10068" score="0"/><testcase status="7" exitcode="0" detail="" time="0" memory="10072" score="5"/><testcase status="7" exitcode="0" detail="" time="0" memory="10072" score="5"/><testcase status="6" exitcode="3221225477" detail="" time="0.32" memory="10068" score="0"/><testcase status="6" exitcode="3221225477" detail="" time="0.29" memory="10068" score="0"/><testcase status="6" exitcode="3221225477" detail="" time="0.29" memory="10064" score="0"/><testcase status="6" exitcode="3221225477" detail="" time="0.31" memory="10068" score="0"/><testcase status="6" exitcode="3221225477" detail="" time="0.32" memory="10072" score="0"/><testcase status="7" exitcode="0" detail="" time="0" memory="10068" score="10"/><testcase status="8" exitcode="0" detail="&#x6807;&#x51C6;&#x8F93;&#x51FA;&#x6BD4;&#x9009;&#x624B;&#x8F93;&#x51FA;&#x957F;&#x3002;" time="0" memory="10072" score="0"/><testcase status="3" exitcode="1" detail="" time="1.0140065" memory="10068" score="0"/></problem><problem title="window" filename="window.cpp" status="1" hash="2533647591" detail=""><testcase status="7" exitcode="0" detail="" time="0" memory="12184" score="10"/><testcase status="7" exitcode="0" detail="" time="0" memory="12184" score="10"/><testcase status="3" exitcode="1" detail="" time="1.0140065" memory="12184" score="0"/><testcase status="3" exitcode="1" detail="" time="1.0140065" memory="12180" score="0"/><testcase status="7" exitcode="0" detail="" time="0.79" memory="12180" score="10"/><testcase status="3" exitcode="1" detail="" time="1.2012077" memory="12180" score="0"/><testcase status="3" exitcode="1" detail="" time="1.0140065" memory="12184" score="0"/><testcase status="3" exitcode="1" detail="" time="1.0140065" memory="12184" score="0"/><testcase status="3" exitcode="1" detail="" time="1.0140065" memory="12184" score="0"/><testcase status="3" exitcode="1" detail="" time="1.0140065" memory="12184" score="0"/></problem><problem title="apples" filename="" status="14" hash="0" detail=""><testcase status="14" exitcode="0" detail="" time="0" memory="0" score="0"/><testcase status="14" exitcode="0" detail="" time="0" memory="0" score="0"/><testcase status="14" exitcode="0" detail="" time="0" memory="0" score="0"/><testcase status="14" exitcode="0" detail="" time="0" memory="0" score="0"/><testcase status="14" exitcode="0" detail="" time="0" memory="0" score="0"/><testcase status="14" exitcode="0" detail="" time="0" memory="0" score="0"/><testcase status="14" exitcode="0" detail="" time="0" memory="0" score="0"/><testcase status="14" exitcode="0" detail="" time="0" memory="0" score="0"/></problem><problem title="zipper" filename="" status="14" hash="0" detail=""><testcase status="14" exitcode="0" detail="" time="0" memory="0" score="0"/><testcase status="14" exitcode="0" detail="" time="0" memory="0" score="0"/><testcase status="14" exitcode="0" detail="" time="0" memory="0" score="0"/><testcase status="14" exitcode="0" detail="" time="0" memory="0" score="0"/><testcase status="14" exitcode="0" detail="" time="0" memory="0" score="0"/><testcase status="14" exitcode="0" detail="" time="0" memory="0" score="0"/><testcase status="14" exitcode="0" detail="" time="0" memory="0" score="0"/><testcase status="14" exitcode="0" detail="" time="0" memory="0" score="0"/><testcase status="14" exitcode="0" detail="" time="0" memory="0" score="0"/><testcase status="14" exitcode="0" detail="" time="0" memory="0" score="0"/></problem></result></cena>
