<?xml version="1.0"?>
<cena version="0.8.2"><result judgetime="44088.7241001736"><problem title="correlate" filename="correlate.cpp" status="1" hash="975787362" detail=""><testcase status="7" exitcode="0" detail="" time="0" memory="452" score="10"/><testcase status="7" exitcode="0" detail="" time="0" memory="452" score="10"/><testcase status="7" exitcode="0" detail="" time="0" memory="456" score="10"/><testcase status="7" exitcode="0" detail="" time="0" memory="452" score="10"/><testcase status="7" exitcode="0" detail="" time="0" memory="452" score="10"/><testcase status="7" exitcode="0" detail="" time="0" memory="452" score="10"/><testcase status="7" exitcode="0" detail="" time="0" memory="452" score="10"/><testcase status="7" exitcode="0" detail="" time="0" memory="452" score="10"/><testcase status="7" exitcode="0" detail="" time="0" memory="452" score="10"/><testcase status="7" exitcode="0" detail="" time="0" memory="448" score="10"/></problem><problem title="happy" filename="happy.cpp" status="1" hash="346712705" detail=""><testcase status="7" exitcode="0" detail="" time="0" memory="1624" score="10"/><testcase status="7" exitcode="0" detail="" time="0" memory="1620" score="10"/><testcase status="7" exitcode="0" detail="" time="0.01" memory="1620" score="10"/><testcase status="7" exitcode="0" detail="" time="0.01" memory="1620" score="10"/><testcase status="7" exitcode="0" detail="" time="0" memory="1624" score="10"/><testcase status="7" exitcode="0" detail="" time="0" memory="1620" score="10"/><testcase status="7" exitcode="0" detail="" time="0" memory="1620" score="10"/><testcase status="7" exitcode="0" detail="" time="0" memory="1620" score="10"/><testcase status="7" exitcode="0" detail="" time="0" memory="1624" score="10"/><testcase status="7" exitcode="0" detail="" time="0" memory="1620" score="10"/></problem><problem title="gene" filename="" status="14" hash="0" detail=""><testcase status="14" exitcode="0" detail="" time="0" memory="0" score="0"/><testcase status="14" exitcode="0" detail="" time="0" memory="0" score="0"/><testcase status="14" exitcode="0" detail="" time="0" memory="0" score="0"/><testcase status="14" exitcode="0" detail="" time="0" memory="0" score="0"/><testcase status="14" exitcode="0" detail="" time="0" memory="0" score="0"/><testcase status="14" exitcode="0" detail="" time="0" memory="0" score="0"/><testcase status="14" exitcode="0" detail="" time="0" memory="0" score="0"/><testcase status="14" exitcode="0" detail="" time="0" memory="0" score="0"/><testcase status="14" exitcode="0" detail="" time="0" memory="0" score="0"/><testcase status="14" exitcode="0" detail="" time="0" memory="0" score="0"/></problem><problem title="shopping" filename="shopping.cpp" status="1" hash="295825712" detail=""><testcase status="3" exitcode="1" detail="" time="1.0140065" memory="3972" score="0"/><testcase status="3" exitcode="1" detail="" time="1.0140065" memory="3988" score="0"/><testcase status="3" exitcode="1" detail="" time="1.2012077" memory="3972" score="0"/><testcase status="3" exitcode="1" detail="" time="1.0140065" memory="3980" score="0"/><testcase status="3" exitcode="1" detail="" time="1.0140065" memory="4076" score="0"/><testcase status="3" exitcode="1" detail="" time="1.0140065" memory="4056" score="0"/><testcase status="3" exitcode="1" detail="" time="1.0140065" memory="4056" score="0"/></problem></result></cena>
