<?xml version="1.0"?>
<cena version="0.8.2"><result judgetime="44106.6440606134"><problem title="square" filename="square.cpp" status="1" hash="1789160656" detail=""><testcase status="7" exitcode="0" detail="" time="0" memory="688" score="10"/><testcase status="7" exitcode="0" detail="" time="0" memory="628" score="10"/><testcase status="7" exitcode="0" detail="" time="0" memory="632" score="10"/><testcase status="7" exitcode="0" detail="" time="0" memory="628" score="10"/><testcase status="7" exitcode="0" detail="" time="0" memory="628" score="10"/><testcase status="7" exitcode="0" detail="" time="0" memory="628" score="10"/><testcase status="7" exitcode="0" detail="" time="0" memory="624" score="10"/><testcase status="7" exitcode="0" detail="" time="0" memory="628" score="10"/><testcase status="7" exitcode="0" detail="" time="0" memory="624" score="10"/><testcase status="7" exitcode="0" detail="" time="0" memory="624" score="10"/></problem><problem title="pairs" filename="pairs.cpp" status="1" hash="1434335572" detail=""><testcase status="7" exitcode="0" detail="" time="0" memory="904" score="10"/><testcase status="7" exitcode="0" detail="" time="0" memory="836" score="10"/><testcase status="7" exitcode="0" detail="" time="0" memory="836" score="10"/><testcase status="7" exitcode="0" detail="" time="0" memory="840" score="10"/><testcase status="7" exitcode="0" detail="" time="0" memory="764" score="10"/><testcase status="7" exitcode="0" detail="" time="0" memory="832" score="10"/><testcase status="7" exitcode="0" detail="" time="0" memory="832" score="10"/><testcase status="7" exitcode="0" detail="" time="0" memory="836" score="10"/><testcase status="7" exitcode="0" detail="" time="0" memory="832" score="10"/><testcase status="7" exitcode="0" detail="" time="0" memory="832" score="10"/></problem><problem title="qbin" filename="qbin.cpp" status="1" hash="416760431" detail=""><testcase status="8" exitcode="0" detail="&#x6807;&#x51C6;&#x8F93;&#x51FA;&#x6BD4;&#x9009;&#x624B;&#x8F93;&#x51FA;&#x957F;&#x3002;" time="0" memory="688" score="0"/><testcase status="8" exitcode="0" detail="&#x6807;&#x51C6;&#x8F93;&#x51FA;&#x6BD4;&#x9009;&#x624B;&#x8F93;&#x51FA;&#x957F;&#x3002;" time="0" memory="624" score="0"/><testcase status="8" exitcode="0" detail="&#x6807;&#x51C6;&#x8F93;&#x51FA;&#x6BD4;&#x9009;&#x624B;&#x8F93;&#x51FA;&#x957F;&#x3002;" time="0" memory="632" score="0"/><testcase status="8" exitcode="0" detail="&#x6807;&#x51C6;&#x8F93;&#x51FA;&#x6BD4;&#x9009;&#x624B;&#x8F93;&#x51FA;&#x957F;&#x3002;" time="0" memory="624" score="0"/><testcase status="8" exitcode="0" detail="&#x6807;&#x51C6;&#x8F93;&#x51FA;&#x6BD4;&#x9009;&#x624B;&#x8F93;&#x51FA;&#x957F;&#x3002;" time="0" memory="628" score="0"/><testcase status="8" exitcode="0" detail="&#x6807;&#x51C6;&#x8F93;&#x51FA;&#x6BD4;&#x9009;&#x624B;&#x8F93;&#x51FA;&#x957F;&#x3002;" time="0" memory="624" score="0"/><testcase status="8" exitcode="0" detail="&#x6807;&#x51C6;&#x8F93;&#x51FA;&#x6BD4;&#x9009;&#x624B;&#x8F93;&#x51FA;&#x957F;&#x3002;" time="0" memory="628" score="0"/><testcase status="8" exitcode="0" detail="&#x6807;&#x51C6;&#x8F93;&#x51FA;&#x6BD4;&#x9009;&#x624B;&#x8F93;&#x51FA;&#x957F;&#x3002;" time="0" memory="628" score="0"/><testcase status="8" exitcode="0" detail="&#x6807;&#x51C6;&#x8F93;&#x51FA;&#x6BD4;&#x9009;&#x624B;&#x8F93;&#x51FA;&#x957F;&#x3002;" time="0" memory="628" score="0"/><testcase status="8" exitcode="0" detail="&#x6807;&#x51C6;&#x8F93;&#x51FA;&#x6BD4;&#x9009;&#x624B;&#x8F93;&#x51FA;&#x957F;&#x3002;" time="0" memory="628" score="0"/></problem><problem title="statistic" filename="statistic.cpp" status="1" hash="1082135677" detail=""><testcase status="7" exitcode="0" detail="" time="0" memory="12432" score="10"/><testcase status="7" exitcode="0" detail="" time="0" memory="12364" score="10"/><testcase status="7" exitcode="0" detail="" time="0" memory="12368" score="10"/><testcase status="7" exitcode="0" detail="" time="0.26" memory="12364" score="10"/><testcase status="7" exitcode="0" detail="" time="0.26" memory="12368" score="10"/><testcase status="7" exitcode="0" detail="" time="0.28" memory="12364" score="10"/><testcase status="7" exitcode="0" detail="" time="0.96" memory="12368" score="10"/><testcase status="7" exitcode="0" detail="" time="0.93" memory="12368" score="10"/><testcase status="7" exitcode="0" detail="" time="0.96" memory="12364" score="10"/><testcase status="7" exitcode="0" detail="" time="0.95" memory="12364" score="10"/></problem><problem title="cut" filename="cut.cpp" status="1" hash="64722889" detail=""><testcase status="8" exitcode="0" detail="&#x5728;&#x7B2C; 1 &#x884C;:&#13;&#10;----&#x9009;&#x624B;&#x8F93;&#x51FA;&#x7684;&#x7B2C; 1 &#x5217;----&#13;&#10;&gt;None&#13;&#10;----&#x6807;&#x51C6;&#x8F93;&#x51FA;&#x7684;&#x7B2C; 1 &#x5217;----&#13;&#10;&gt;426 " time="0.01" memory="688" score="0"/><testcase status="8" exitcode="0" detail="&#x5728;&#x7B2C; 1 &#x884C;:&#13;&#10;----&#x9009;&#x624B;&#x8F93;&#x51FA;&#x7684;&#x7B2C; 1 &#x5217;----&#13;&#10;&gt;None&#13;&#10;----&#x6807;&#x51C6;&#x8F93;&#x51FA;&#x7684;&#x7B2C; 1 &#x5217;----&#13;&#10;&gt;587 " time="0" memory="628" score="0"/><testcase status="8" exitcode="0" detail="&#x5728;&#x7B2C; 1 &#x884C;:&#13;&#10;----&#x9009;&#x624B;&#x8F93;&#x51FA;&#x7684;&#x7B2C; 1 &#x5217;----&#13;&#10;&gt;None&#13;&#10;----&#x6807;&#x51C6;&#x8F93;&#x51FA;&#x7684;&#x7B2C; 1 &#x5217;----&#13;&#10;&gt;67 " time="0.01" memory="628" score="0"/><testcase status="8" exitcode="0" detail="&#x5728;&#x7B2C; 1 &#x884C;:&#13;&#10;----&#x9009;&#x624B;&#x8F93;&#x51FA;&#x7684;&#x7B2C; 1 &#x5217;----&#13;&#10;&gt;None&#13;&#10;----&#x6807;&#x51C6;&#x8F93;&#x51FA;&#x7684;&#x7B2C; 1 &#x5217;----&#13;&#10;&gt;1709 " time="0" memory="624" score="0"/><testcase status="8" exitcode="0" detail="&#x5728;&#x7B2C; 1 &#x884C;:&#13;&#10;----&#x9009;&#x624B;&#x8F93;&#x51FA;&#x7684;&#x7B2C; 1 &#x5217;----&#13;&#10;&gt;None&#13;&#10;----&#x6807;&#x51C6;&#x8F93;&#x51FA;&#x7684;&#x7B2C; 1 &#x5217;----&#13;&#10;&gt;8800 " time="0" memory="632" score="0"/><testcase status="8" exitcode="0" detail="&#x5728;&#x7B2C; 1 &#x884C;:&#13;&#10;----&#x9009;&#x624B;&#x8F93;&#x51FA;&#x7684;&#x7B2C; 1 &#x5217;----&#13;&#10;&gt;None&#13;&#10;----&#x6807;&#x51C6;&#x8F93;&#x51FA;&#x7684;&#x7B2C; 1 &#x5217;----&#13;&#10;&gt;5357 " time="0" memory="624" score="0"/><testcase status="8" exitcode="0" detail="&#x5728;&#x7B2C; 1 &#x884C;:&#13;&#10;----&#x9009;&#x624B;&#x8F93;&#x51FA;&#x7684;&#x7B2C; 1 &#x5217;----&#13;&#10;&gt;None&#13;&#10;----&#x6807;&#x51C6;&#x8F93;&#x51FA;&#x7684;&#x7B2C; 1 &#x5217;----&#13;&#10;&gt;2808 " time="0" memory="628" score="0"/><testcase status="8" exitcode="0" detail="&#x5728;&#x7B2C; 1 &#x884C;:&#13;&#10;----&#x9009;&#x624B;&#x8F93;&#x51FA;&#x7684;&#x7B2C; 1 &#x5217;----&#13;&#10;&gt;None&#13;&#10;----&#x6807;&#x51C6;&#x8F93;&#x51FA;&#x7684;&#x7B2C; 1 &#x5217;----&#13;&#10;&gt;44519 " time="0.07" memory="628" score="0"/><testcase status="8" exitcode="0" detail="&#x5728;&#x7B2C; 1 &#x884C;:&#13;&#10;----&#x9009;&#x624B;&#x8F93;&#x51FA;&#x7684;&#x7B2C; 1 &#x5217;----&#13;&#10;&gt;None&#13;&#10;----&#x6807;&#x51C6;&#x8F93;&#x51FA;&#x7684;&#x7B2C; 1 &#x5217;----&#13;&#10;&gt;78398 " time="0.06" memory="628" score="0"/><testcase status="8" exitcode="0" detail="&#x5728;&#x7B2C; 1 &#x884C;:&#13;&#10;----&#x9009;&#x624B;&#x8F93;&#x51FA;&#x7684;&#x7B2C; 1 &#x5217;----&#13;&#10;&gt;None&#13;&#10;----&#x6807;&#x51C6;&#x8F93;&#x51FA;&#x7684;&#x7B2C; 1 &#x5217;----&#13;&#10;&gt;77150 " time="0.04" memory="628" score="0"/></problem><problem title="diff" filename="" status="14" hash="0" detail=""><testcase status="14" exitcode="0" detail="" time="0" memory="0" score="0"/><testcase status="14" exitcode="0" detail="" time="0" memory="0" score="0"/><testcase status="14" exitcode="0" detail="" time="0" memory="0" score="0"/><testcase status="14" exitcode="0" detail="" time="0" memory="0" score="0"/><testcase status="14" exitcode="0" detail="" time="0" memory="0" score="0"/><testcase status="14" exitcode="0" detail="" time="0" memory="0" score="0"/><testcase status="14" exitcode="0" detail="" time="0" memory="0" score="0"/><testcase status="14" exitcode="0" detail="" time="0" memory="0" score="0"/><testcase status="14" exitcode="0" detail="" time="0" memory="0" score="0"/><testcase status="14" exitcode="0" detail="" time="0" memory="0" score="0"/></problem></result></cena>
