<?xml version="1.0"?>
<cena version="0.8.2"><result judgetime="44095.7334248611"><problem title="notepad" filename="notepad.cpp" status="1" hash="4100381957" detail=""><testcase status="7" exitcode="0" detail="" time="0" memory="504" score="5"/><testcase status="7" exitcode="0" detail="" time="0.56" memory="5388" score="5"/><testcase status="7" exitcode="0" detail="" time="0.2" memory="452" score="5"/><testcase status="8" exitcode="0" detail="&#x6807;&#x51C6;&#x8F93;&#x51FA;&#x6BD4;&#x9009;&#x624B;&#x8F93;&#x51FA;&#x957F;&#x3002;" time="0.74" memory="7496" score="0"/><testcase status="8" exitcode="0" detail="&#x6807;&#x51C6;&#x8F93;&#x51FA;&#x6BD4;&#x9009;&#x624B;&#x8F93;&#x51FA;&#x957F;&#x3002;" time="0" memory="444" score="0"/><testcase status="7" exitcode="0" detail="" time="0" memory="452" score="5"/><testcase status="7" exitcode="0" detail="" time="0" memory="452" score="5"/><testcase status="7" exitcode="0" detail="" time="0.28" memory="1052" score="5"/><testcase status="7" exitcode="0" detail="" time="0.23" memory="1052" score="5"/><testcase status="7" exitcode="0" detail="" time="0.23" memory="1056" score="5"/><testcase status="7" exitcode="0" detail="" time="0.28" memory="1052" score="10"/><testcase status="7" exitcode="0" detail="" time="0.29" memory="1052" score="10"/><testcase status="7" exitcode="0" detail="" time="0" memory="452" score="10"/><testcase status="8" exitcode="0" detail="&#x6807;&#x51C6;&#x8F93;&#x51FA;&#x6BD4;&#x9009;&#x624B;&#x8F93;&#x51FA;&#x957F;&#x3002;" time="0" memory="444" score="0"/><testcase status="7" exitcode="0" detail="" time="0.06" memory="452" score="10"/></problem><problem title="window" filename="window.cpp" status="1" hash="3895226089" detail=""><testcase status="7" exitcode="0" detail="" time="0" memory="19852" score="10"/><testcase status="7" exitcode="0" detail="" time="0" memory="19852" score="10"/><testcase status="7" exitcode="0" detail="" time="0.07" memory="19852" score="10"/><testcase status="7" exitcode="0" detail="" time="0.06" memory="19852" score="10"/><testcase status="7" exitcode="0" detail="" time="0.03" memory="19852" score="10"/><testcase status="7" exitcode="0" detail="" time="0.32" memory="19852" score="10"/><testcase status="7" exitcode="0" detail="" time="0.42" memory="19852" score="10"/><testcase status="7" exitcode="0" detail="" time="0.6" memory="19856" score="10"/><testcase status="3" exitcode="1" detail="" time="1.0140065" memory="19852" score="0"/><testcase status="7" exitcode="0" detail="" time="0.54" memory="19848" score="10"/></problem><problem title="apples" filename="apples.cpp" status="16" hash="3373442977" detail="SKVURXUG.cpp: In function 'int dis(Node, Node)':&#10;SKVURXUG.cpp:30:124: error: expected ';' before '}' token&#10; inline int dis(const Node p1, const Node p2) { return (p1.px - p2.px) * (p1.px - p2.px) + (p1.py - p2.py) * (p1.py - p2.py) }&#10;                                                                                                                            ^~&#10;                                                                                                                            ;&#10;SKVURXUG.cpp: In function 'int main()':&#10;SKVURXUG.cpp:40:12: error: 'num' was not declared in this scope&#10;     } read(num[i]);&#10;            ^~~&#10;SKVURXUG.cpp:40:12: note: suggested alternative: 'enum'&#10;     } read(num[i]);&#10;            ^~~&#10;            enum&#10;SKVURXUG.cpp:40:16: error: 'i' was not declared in this scope&#10;     } read(num[i]);&#10;                ^&#10;SKVURXUG.cpp:41:5: error: 'workmin' was not declared in this scope&#10;     workmin(); workmax();&#10;     ^~~~~~~&#10;SKVURXUG.cpp:41:16: error: 'workmax' was not declared in this scope&#10;     workmin(); workmax();&#10;                ^~~~~~~&#10;SKVURXUG.cpp:42:18: error: 'm' was not declared in this scope&#10;     for (int i = m; i &lt;= n; i++) printf(&quot;%d &quot;, dpmin[i]);&#10;                  ^&#10;SKVURXUG.cpp:42:48: error: 'dpmin' was not declared in this scope&#10;     for (int i = m; i &lt;= n; i++) printf(&quot;%d &quot;, dpmin[i]);&#10;                                                ^~~~~&#10;SKVURXUG.cpp:44:18: error: 'm' was not declared in this scope&#10;     for (int i = m; i &lt;= n; i++) printf(&quot;%d &quot;, dpmax[i]);&#10;                  ^&#10;SKVURXUG.cpp:44:48: error: 'dpmax' was not declared in this scope&#10;     for (int i = m; i &lt;= n; i++) printf(&quot;%d &quot;, dpmax[i]);&#10;                                                ^~~~~&#10;"><testcase status="16" exitcode="1" detail="" time="0" memory="0" score="0"/><testcase status="16" exitcode="1" detail="" time="0" memory="0" score="0"/><testcase status="16" exitcode="1" detail="" time="0" memory="0" score="0"/><testcase status="16" exitcode="1" detail="" time="0" memory="0" score="0"/><testcase status="16" exitcode="1" detail="" time="0" memory="0" score="0"/><testcase status="16" exitcode="1" detail="" time="0" memory="0" score="0"/><testcase status="16" exitcode="1" detail="" time="0" memory="0" score="0"/><testcase status="16" exitcode="1" detail="" time="0" memory="0" score="0"/></problem><problem title="zipper" filename="" status="14" hash="0" detail=""><testcase status="14" exitcode="0" detail="" time="0" memory="0" score="0"/><testcase status="14" exitcode="0" detail="" time="0" memory="0" score="0"/><testcase status="14" exitcode="0" detail="" time="0" memory="0" score="0"/><testcase status="14" exitcode="0" detail="" time="0" memory="0" score="0"/><testcase status="14" exitcode="0" detail="" time="0" memory="0" score="0"/><testcase status="14" exitcode="0" detail="" time="0" memory="0" score="0"/><testcase status="14" exitcode="0" detail="" time="0" memory="0" score="0"/><testcase status="14" exitcode="0" detail="" time="0" memory="0" score="0"/><testcase status="14" exitcode="0" detail="" time="0" memory="0" score="0"/><testcase status="14" exitcode="0" detail="" time="0" memory="0" score="0"/></problem></result></cena>
