<?xml version="1.0"?>
<cena version="0.8.2"><result judgetime="44095.7330307755"><problem title="notepad" filename="notepad.cpp" status="1" hash="1312408641" detail=""><testcase status="7" exitcode="0" detail="" time="0" memory="576" score="5"/><testcase status="7" exitcode="0" detail="" time="0.24" memory="3836" score="5"/><testcase status="7" exitcode="0" detail="" time="0.03" memory="544" score="5"/><testcase status="7" exitcode="0" detail="" time="0.37" memory="5244" score="5"/><testcase status="7" exitcode="0" detail="" time="0" memory="540" score="5"/><testcase status="7" exitcode="0" detail="" time="0" memory="544" score="5"/><testcase status="7" exitcode="0" detail="" time="0" memory="540" score="5"/><testcase status="7" exitcode="0" detail="" time="0.06" memory="948" score="5"/><testcase status="7" exitcode="0" detail="" time="0.06" memory="944" score="5"/><testcase status="7" exitcode="0" detail="" time="0.07" memory="944" score="5"/><testcase status="7" exitcode="0" detail="" time="0.07" memory="948" score="10"/><testcase status="7" exitcode="0" detail="" time="0.07" memory="944" score="10"/><testcase status="7" exitcode="0" detail="" time="0" memory="540" score="10"/><testcase status="7" exitcode="0" detail="" time="0" memory="540" score="10"/><testcase status="7" exitcode="0" detail="" time="0.01" memory="544" score="10"/></problem><problem title="window" filename="window.cpp" status="1" hash="778300190" detail=""><testcase status="7" exitcode="0" detail="" time="0" memory="8164" score="10"/><testcase status="7" exitcode="0" detail="" time="0" memory="8164" score="10"/><testcase status="7" exitcode="0" detail="" time="0.01" memory="8168" score="10"/><testcase status="7" exitcode="0" detail="" time="0.01" memory="8168" score="10"/><testcase status="7" exitcode="0" detail="" time="0" memory="8164" score="10"/><testcase status="7" exitcode="0" detail="" time="0.1" memory="8168" score="10"/><testcase status="7" exitcode="0" detail="" time="0.12" memory="8160" score="10"/><testcase status="7" exitcode="0" detail="" time="0.18" memory="8168" score="10"/><testcase status="7" exitcode="0" detail="" time="0.37" memory="8160" score="10"/><testcase status="7" exitcode="0" detail="" time="0.17" memory="8164" score="10"/></problem><problem title="apples" filename="apples.cpp" status="1" hash="3558284133" detail=""><testcase status="7" exitcode="0" detail="" time="0" memory="412" score="10"/><testcase status="7" exitcode="0" detail="" time="0" memory="416" score="10"/><testcase status="7" exitcode="0" detail="" time="0" memory="416" score="10"/><testcase status="7" exitcode="0" detail="" time="0" memory="416" score="10"/><testcase status="8" exitcode="0" detail="&#x5728;&#x7B2C; 1 &#x884C;:&#13;&#10;----&#x9009;&#x624B;&#x8F93;&#x51FA;&#x7684;&#x7B2C; 1 &#x5217;----&#13;&#10;&gt;4&#13;&#10;----&#x6807;&#x51C6;&#x8F93;&#x51FA;&#x7684;&#x7B2C; 1 &#x5217;----&#13;&#10;&gt;5" time="0" memory="416" score="0"/><testcase status="8" exitcode="0" detail="&#x5728;&#x7B2C; 1 &#x884C;:&#13;&#10;----&#x9009;&#x624B;&#x8F93;&#x51FA;&#x7684;&#x7B2C; 1 &#x5217;----&#13;&#10;&gt;25&#13;&#10;----&#x6807;&#x51C6;&#x8F93;&#x51FA;&#x7684;&#x7B2C; 1 &#x5217;----&#13;&#10;&gt;38" time="0" memory="412" score="0"/><testcase status="8" exitcode="0" detail="&#x5728;&#x7B2C; 1 &#x884C;:&#13;&#10;----&#x9009;&#x624B;&#x8F93;&#x51FA;&#x7684;&#x7B2C; 2 &#x5217;----&#13;&#10;&gt;...196&#13;&#10;----&#x6807;&#x51C6;&#x8F93;&#x51FA;&#x7684;&#x7B2C; 2 &#x5217;----&#13;&#10;&gt;...313" time="0.04" memory="412" score="0"/><testcase status="7" exitcode="0" detail="" time="0.06" memory="416" score="20"/></problem><problem title="zipper" filename="zipper.cpp" status="1" hash="1727945642" detail=""><testcase status="8" exitcode="0" detail="&#x5728;&#x7B2C; 3 &#x884C;:&#13;&#10;----&#x9009;&#x624B;&#x8F93;&#x51FA;&#x7684;&#x7B2C; 13 &#x5217;----&#13;&#10;&gt;... yes&#13;&#10;----&#x6807;&#x51C6;&#x8F93;&#x51FA;&#x7684;&#x7B2C; 13 &#x5217;----&#13;&#10;&gt;... no" time="0" memory="292" score="0"/><testcase status="8" exitcode="0" detail="&#x5728;&#x7B2C; 2 &#x884C;:&#13;&#10;----&#x9009;&#x624B;&#x8F93;&#x51FA;&#x7684;&#x7B2C; 13 &#x5217;----&#13;&#10;&gt;... yes&#13;&#10;----&#x6807;&#x51C6;&#x8F93;&#x51FA;&#x7684;&#x7B2C; 13 &#x5217;----&#13;&#10;&gt;... no" time="0" memory="292" score="0"/><testcase status="8" exitcode="0" detail="&#x5728;&#x7B2C; 2 &#x884C;:&#13;&#10;----&#x9009;&#x624B;&#x8F93;&#x51FA;&#x7684;&#x7B2C; 13 &#x5217;----&#13;&#10;&gt;... yes&#13;&#10;----&#x6807;&#x51C6;&#x8F93;&#x51FA;&#x7684;&#x7B2C; 13 &#x5217;----&#13;&#10;&gt;... no" time="0" memory="292" score="0"/><testcase status="8" exitcode="0" detail="&#x5728;&#x7B2C; 1 &#x884C;:&#13;&#10;----&#x9009;&#x624B;&#x8F93;&#x51FA;&#x7684;&#x7B2C; 13 &#x5217;----&#13;&#10;&gt;... yes&#13;&#10;----&#x6807;&#x51C6;&#x8F93;&#x51FA;&#x7684;&#x7B2C; 13 &#x5217;----&#13;&#10;&gt;... no" time="0" memory="288" score="0"/><testcase status="8" exitcode="0" detail="&#x5728;&#x7B2C; 2 &#x884C;:&#13;&#10;----&#x9009;&#x624B;&#x8F93;&#x51FA;&#x7684;&#x7B2C; 13 &#x5217;----&#13;&#10;&gt;... yes&#13;&#10;----&#x6807;&#x51C6;&#x8F93;&#x51FA;&#x7684;&#x7B2C; 13 &#x5217;----&#13;&#10;&gt;... no" time="0" memory="292" score="0"/><testcase status="8" exitcode="0" detail="&#x5728;&#x7B2C; 1 &#x884C;:&#13;&#10;----&#x9009;&#x624B;&#x8F93;&#x51FA;&#x7684;&#x7B2C; 13 &#x5217;----&#13;&#10;&gt;... yes&#13;&#10;----&#x6807;&#x51C6;&#x8F93;&#x51FA;&#x7684;&#x7B2C; 13 &#x5217;----&#13;&#10;&gt;... no" time="0" memory="292" score="0"/><testcase status="8" exitcode="0" detail="&#x5728;&#x7B2C; 2 &#x884C;:&#13;&#10;----&#x9009;&#x624B;&#x8F93;&#x51FA;&#x7684;&#x7B2C; 13 &#x5217;----&#13;&#10;&gt;... yes&#13;&#10;----&#x6807;&#x51C6;&#x8F93;&#x51FA;&#x7684;&#x7B2C; 13 &#x5217;----&#13;&#10;&gt;... no" time="0" memory="288" score="0"/><testcase status="8" exitcode="0" detail="&#x5728;&#x7B2C; 2 &#x884C;:&#13;&#10;----&#x9009;&#x624B;&#x8F93;&#x51FA;&#x7684;&#x7B2C; 13 &#x5217;----&#13;&#10;&gt;... yes&#13;&#10;----&#x6807;&#x51C6;&#x8F93;&#x51FA;&#x7684;&#x7B2C; 13 &#x5217;----&#13;&#10;&gt;... no" time="0" memory="288" score="0"/><testcase status="8" exitcode="0" detail="&#x5728;&#x7B2C; 2 &#x884C;:&#13;&#10;----&#x9009;&#x624B;&#x8F93;&#x51FA;&#x7684;&#x7B2C; 13 &#x5217;----&#13;&#10;&gt;... yes&#13;&#10;----&#x6807;&#x51C6;&#x8F93;&#x51FA;&#x7684;&#x7B2C; 13 &#x5217;----&#13;&#10;&gt;... no" time="0" memory="288" score="0"/><testcase status="8" exitcode="0" detail="&#x5728;&#x7B2C; 2 &#x884C;:&#13;&#10;----&#x9009;&#x624B;&#x8F93;&#x51FA;&#x7684;&#x7B2C; 13 &#x5217;----&#13;&#10;&gt;... yes&#13;&#10;----&#x6807;&#x51C6;&#x8F93;&#x51FA;&#x7684;&#x7B2C; 13 &#x5217;----&#13;&#10;&gt;... no" time="0" memory="292" score="0"/></problem></result></cena>
