<?xml version="1.0"?>
<cena version="0.8.2"><result judgetime="44106.4391123148"><problem title="square" filename="square.cpp" status="1" hash="3337828077" detail=""><testcase status="7" exitcode="0" detail="" time="0" memory="252" score="10"/><testcase status="7" exitcode="0" detail="" time="0" memory="252" score="10"/><testcase status="7" exitcode="0" detail="" time="0" memory="256" score="10"/><testcase status="7" exitcode="0" detail="" time="0" memory="256" score="10"/><testcase status="7" exitcode="0" detail="" time="0" memory="252" score="10"/><testcase status="7" exitcode="0" detail="" time="0" memory="256" score="10"/><testcase status="7" exitcode="0" detail="" time="0" memory="256" score="10"/><testcase status="7" exitcode="0" detail="" time="0" memory="256" score="10"/><testcase status="7" exitcode="0" detail="" time="0" memory="256" score="10"/><testcase status="7" exitcode="0" detail="" time="0" memory="252" score="10"/></problem><problem title="pairs" filename="pairs.cpp" status="1" hash="2312023244" detail=""><testcase status="7" exitcode="0" detail="" time="0" memory="256" score="10"/><testcase status="7" exitcode="0" detail="" time="0" memory="252" score="10"/><testcase status="7" exitcode="0" detail="" time="0" memory="252" score="10"/><testcase status="7" exitcode="0" detail="" time="0" memory="256" score="10"/><testcase status="7" exitcode="0" detail="" time="0" memory="256" score="10"/><testcase status="7" exitcode="0" detail="" time="0" memory="256" score="10"/><testcase status="7" exitcode="0" detail="" time="0" memory="256" score="10"/><testcase status="7" exitcode="0" detail="" time="0" memory="256" score="10"/><testcase status="7" exitcode="0" detail="" time="0" memory="256" score="10"/><testcase status="7" exitcode="0" detail="" time="0" memory="256" score="10"/></problem><problem title="qbin" filename="qbin.cpp" status="1" hash="3561953324" detail=""><testcase status="7" exitcode="0" detail="" time="0" memory="256" score="10"/><testcase status="7" exitcode="0" detail="" time="0" memory="256" score="10"/><testcase status="7" exitcode="0" detail="" time="0" memory="260" score="10"/><testcase status="7" exitcode="0" detail="" time="0" memory="260" score="10"/><testcase status="7" exitcode="0" detail="" time="0" memory="256" score="10"/><testcase status="7" exitcode="0" detail="" time="0" memory="260" score="10"/><testcase status="7" exitcode="0" detail="" time="0" memory="260" score="10"/><testcase status="7" exitcode="0" detail="" time="0" memory="260" score="10"/><testcase status="7" exitcode="0" detail="" time="0" memory="260" score="10"/><testcase status="7" exitcode="0" detail="" time="0" memory="256" score="10"/></problem><problem title="statistic" filename="statistic.cpp" status="1" hash="549145291" detail=""><testcase status="7" exitcode="0" detail="" time="0" memory="47224" score="10"/><testcase status="7" exitcode="0" detail="" time="0" memory="47220" score="10"/><testcase status="7" exitcode="0" detail="" time="0" memory="47220" score="10"/><testcase status="7" exitcode="0" detail="" time="0.21" memory="47220" score="10"/><testcase status="7" exitcode="0" detail="" time="0.24" memory="47224" score="10"/><testcase status="7" exitcode="0" detail="" time="0.21" memory="47224" score="10"/><testcase status="7" exitcode="0" detail="" time="0.76" memory="47220" score="10"/><testcase status="7" exitcode="0" detail="" time="0.76" memory="47224" score="10"/><testcase status="7" exitcode="0" detail="" time="0.76" memory="47220" score="10"/><testcase status="7" exitcode="0" detail="" time="0.74" memory="47224" score="10"/></problem><problem title="cut" filename="cut.cpp" status="1" hash="3815561588" detail=""><testcase status="7" exitcode="0" detail="" time="0" memory="2992" score="10"/><testcase status="7" exitcode="0" detail="" time="0" memory="2996" score="10"/><testcase status="7" exitcode="0" detail="" time="0.01" memory="2992" score="10"/><testcase status="7" exitcode="0" detail="" time="0.01" memory="2992" score="10"/><testcase status="7" exitcode="0" detail="" time="0" memory="2992" score="10"/><testcase status="7" exitcode="0" detail="" time="0.01" memory="2992" score="10"/><testcase status="7" exitcode="0" detail="" time="0" memory="2992" score="10"/><testcase status="7" exitcode="0" detail="" time="0.04" memory="2992" score="10"/><testcase status="7" exitcode="0" detail="" time="0.06" memory="2992" score="10"/><testcase status="7" exitcode="0" detail="" time="0.07" memory="2996" score="10"/></problem><problem title="diff" filename="diff.cpp" status="1" hash="2825978439" detail=""><testcase status="7" exitcode="0" detail="" time="0.01" memory="36104" score="10"/><testcase status="7" exitcode="0" detail="" time="0.01" memory="36100" score="10"/><testcase status="7" exitcode="0" detail="" time="0.01" memory="36104" score="10"/><testcase status="7" exitcode="0" detail="" time="0.23" memory="36104" score="10"/><testcase status="7" exitcode="0" detail="" time="0.17" memory="36104" score="10"/><testcase status="7" exitcode="0" detail="" time="0.17" memory="36104" score="10"/><testcase status="7" exitcode="0" detail="" time="0.23" memory="36104" score="10"/><testcase status="7" exitcode="0" detail="" time="0.18" memory="36104" score="10"/><testcase status="7" exitcode="0" detail="" time="0.2" memory="36100" score="10"/><testcase status="7" exitcode="0" detail="" time="0.21" memory="36104" score="10"/></problem></result></cena>
