<?xml version="1.0"?>
<cena version="0.8.1"><result judgetime="44081.6730178588"><problem title="&#x6570;&#x5217;&#x6392;&#x5E8F;" filename="grop.cpp" status="1" hash="2538244928" detail=""><testcase status="7" exitcode="0" detail="" time="0" memory="328" score="10"/><testcase status="7" exitcode="0" detail="" time="0" memory="332" score="10"/><testcase status="7" exitcode="0" detail="" time="0" memory="332" score="10"/><testcase status="7" exitcode="0" detail="" time="0" memory="332" score="10"/><testcase status="7" exitcode="0" detail="" time="0" memory="328" score="10"/><testcase status="7" exitcode="0" detail="" time="0" memory="328" score="10"/><testcase status="7" exitcode="0" detail="" time="0" memory="328" score="10"/><testcase status="7" exitcode="0" detail="" time="0" memory="328" score="10"/><testcase status="7" exitcode="0" detail="" time="0" memory="332" score="10"/><testcase status="7" exitcode="0" detail="" time="0" memory="328" score="10"/></problem><problem title="&#x65E5;&#x671F;&#x6392;&#x5E8F;" filename="date.cpp" status="1" hash="3131747781" detail=""><testcase status="7" exitcode="0" detail="" time="0" memory="232" score="10"/><testcase status="7" exitcode="0" detail="" time="0" memory="236" score="10"/><testcase status="7" exitcode="0" detail="" time="0" memory="232" score="10"/><testcase status="7" exitcode="0" detail="" time="0.01" memory="236" score="10"/><testcase status="7" exitcode="0" detail="" time="0" memory="232" score="10"/><testcase status="7" exitcode="0" detail="" time="0.01" memory="236" score="10"/><testcase status="7" exitcode="0" detail="" time="0" memory="232" score="10"/><testcase status="7" exitcode="0" detail="" time="0" memory="236" score="10"/><testcase status="7" exitcode="0" detail="" time="0" memory="232" score="10"/><testcase status="7" exitcode="0" detail="" time="0" memory="232" score="10"/></problem><problem title="&#x8EAB;&#x4EFD;&#x8BC1;&#x6392;&#x5E8F;" filename="idcard.cpp" status="1" hash="3540512972" detail=""><testcase status="7" exitcode="0" detail="" time="0" memory="1896" score="10"/><testcase status="7" exitcode="0" detail="" time="0" memory="1892" score="10"/><testcase status="7" exitcode="0" detail="" time="0" memory="1892" score="10"/><testcase status="7" exitcode="0" detail="" time="0" memory="1896" score="10"/><testcase status="7" exitcode="0" detail="" time="0" memory="1896" score="10"/><testcase status="7" exitcode="0" detail="" time="0.01" memory="1892" score="10"/><testcase status="7" exitcode="0" detail="" time="0" memory="1896" score="10"/><testcase status="7" exitcode="0" detail="" time="0" memory="1888" score="10"/><testcase status="7" exitcode="0" detail="" time="0" memory="1896" score="10"/><testcase status="7" exitcode="0" detail="" time="0.01" memory="1892" score="10"/></problem><problem title="&#x6210;&#x7EE9;&#x6392;&#x5E8F;" filename="score.cpp" status="1" hash="2130859571" detail=""><testcase status="7" exitcode="0" detail="" time="0.01" memory="352" score="10"/><testcase status="7" exitcode="0" detail="" time="0.01" memory="352" score="10"/><testcase status="7" exitcode="0" detail="" time="0.01" memory="352" score="10"/><testcase status="7" exitcode="0" detail="" time="0.01" memory="352" score="10"/><testcase status="7" exitcode="0" detail="" time="0.01" memory="352" score="10"/><testcase status="7" exitcode="0" detail="" time="0.01" memory="352" score="10"/><testcase status="7" exitcode="0" detail="" time="0.01" memory="352" score="10"/><testcase status="7" exitcode="0" detail="" time="0" memory="352" score="10"/><testcase status="3" exitcode="1" detail="" time="1.0452067" memory="348" score="0"/><testcase status="3" exitcode="1" detail="" time="1.0608068" memory="352" score="0"/></problem><problem title="&#x6392;&#x5E8F;" filename="ssort.cpp" status="1" hash="3362041366" detail=""><testcase status="7" exitcode="0" detail="" time="0.01" memory="328" score="10"/><testcase status="7" exitcode="0" detail="" time="0" memory="328" score="10"/><testcase status="7" exitcode="0" detail="" time="0" memory="328" score="10"/><testcase status="7" exitcode="0" detail="" time="0" memory="332" score="10"/><testcase status="7" exitcode="0" detail="" time="0.01" memory="328" score="10"/><testcase status="7" exitcode="0" detail="" time="0" memory="332" score="10"/><testcase status="7" exitcode="0" detail="" time="0.01" memory="328" score="10"/><testcase status="7" exitcode="0" detail="" time="0" memory="328" score="10"/><testcase status="7" exitcode="0" detail="" time="0.01" memory="328" score="10"/><testcase status="7" exitcode="0" detail="" time="0" memory="328" score="10"/></problem><problem title="&#x7EDD;&#x5BF9;&#x503C;&#x6392;&#x5E8F;" filename="absolute.cpp" status="1" hash="728061088" detail=""><testcase status="7" exitcode="0" detail="" time="0.01" memory="332" score="10"/><testcase status="7" exitcode="0" detail="" time="0" memory="332" score="10"/><testcase status="7" exitcode="0" detail="" time="0" memory="332" score="10"/><testcase status="7" exitcode="0" detail="" time="0" memory="332" score="10"/><testcase status="7" exitcode="0" detail="" time="0" memory="328" score="10"/><testcase status="7" exitcode="0" detail="" time="0" memory="332" score="10"/><testcase status="7" exitcode="0" detail="" time="0" memory="332" score="10"/><testcase status="7" exitcode="0" detail="" time="0" memory="332" score="10"/><testcase status="7" exitcode="0" detail="" time="0" memory="332" score="10"/><testcase status="7" exitcode="0" detail="" time="0" memory="328" score="10"/></problem></result></cena>
