<?xml version="1.0"?>
<cena version="0.8.1"><result judgetime="44116.6964813426"><problem title="&#x5C0F;&#x660E;&#x5206;&#x7CD6;" filename="xiaoming.cpp" status="1" hash="1000609573" detail=""><testcase status="7" exitcode="0" detail="" time="0" memory="516" score="10"/><testcase status="7" exitcode="0" detail="" time="0" memory="512" score="10"/><testcase status="7" exitcode="0" detail="" time="0" memory="508" score="10"/><testcase status="7" exitcode="0" detail="" time="0" memory="516" score="10"/><testcase status="7" exitcode="0" detail="" time="0" memory="512" score="10"/><testcase status="7" exitcode="0" detail="" time="0.01" memory="516" score="10"/><testcase status="7" exitcode="0" detail="" time="0" memory="516" score="10"/><testcase status="7" exitcode="0" detail="" time="0" memory="516" score="10"/><testcase status="7" exitcode="0" detail="" time="0" memory="520" score="10"/><testcase status="7" exitcode="0" detail="" time="0" memory="516" score="10"/></problem><problem title="&#x6700;&#x5927;&#x5B50;&#x77E9;&#x9635;" filename="matrix.cpp" status="1" hash="1889431938" detail=""><testcase status="7" exitcode="0" detail="" time="0" memory="560" score="10"/><testcase status="7" exitcode="0" detail="" time="0" memory="560" score="10"/><testcase status="7" exitcode="0" detail="" time="0" memory="560" score="10"/><testcase status="7" exitcode="0" detail="" time="0" memory="568" score="10"/><testcase status="7" exitcode="0" detail="" time="0" memory="560" score="10"/><testcase status="7" exitcode="0" detail="" time="0.01" memory="560" score="10"/><testcase status="7" exitcode="0" detail="" time="0" memory="560" score="10"/><testcase status="7" exitcode="0" detail="" time="0.01" memory="568" score="10"/><testcase status="7" exitcode="0" detail="" time="0.01" memory="556" score="10"/><testcase status="7" exitcode="0" detail="" time="0.01" memory="564" score="10"/></problem><problem title="&#x5403;&#x6843;&#x5B50;" filename="peach.cpp" status="1" hash="3960862114" detail=""><testcase status="7" exitcode="0" detail="" time="0" memory="564" score="10"/><testcase status="7" exitcode="0" detail="" time="0" memory="560" score="10"/><testcase status="7" exitcode="0" detail="" time="0" memory="560" score="10"/><testcase status="7" exitcode="0" detail="" time="0.04" memory="564" score="10"/><testcase status="7" exitcode="0" detail="" time="0.15" memory="568" score="10"/><testcase status="7" exitcode="0" detail="" time="0.24" memory="560" score="10"/><testcase status="7" exitcode="0" detail="" time="0.4" memory="560" score="10"/><testcase status="7" exitcode="0" detail="" time="0.42" memory="560" score="10"/><testcase status="7" exitcode="0" detail="" time="0.24" memory="564" score="10"/><testcase status="7" exitcode="0" detail="" time="0.24" memory="556" score="10"/></problem><problem title="&#x5B57;&#x7B26;&#x4E32;&#x8DDD;&#x79BB;" filename="zifu.cpp" status="1" hash="4072876237" detail=""><testcase status="7" exitcode="0" detail="" time="0" memory="4468" score="10"/><testcase status="7" exitcode="0" detail="" time="0" memory="4460" score="10"/><testcase status="7" exitcode="0" detail="" time="0.01" memory="4464" score="10"/><testcase status="7" exitcode="0" detail="" time="0.01" memory="4456" score="10"/><testcase status="7" exitcode="0" detail="" time="0.03" memory="4464" score="10"/><testcase status="7" exitcode="0" detail="" time="0.14" memory="4468" score="10"/><testcase status="7" exitcode="0" detail="" time="0.12" memory="4464" score="10"/><testcase status="7" exitcode="0" detail="" time="0.23" memory="4456" score="10"/><testcase status="7" exitcode="0" detail="" time="0.32" memory="4456" score="10"/><testcase status="7" exitcode="0" detail="" time="0.43" memory="4460" score="10"/></problem></result></cena>
