<?xml version="1.0"?>
<cena version="0.8.2"><result judgetime="44102.6433861574"><problem title="1&#x3001;&#x6570;&#x5B57;&#x4E09;&#x89D2;&#x5F62;" filename="triangle.cpp" status="1" hash="1206050365" detail="MTOZKCZZ.cpp: In function 'int read(int&amp;)':&#10;MTOZKCZZ.cpp:16:1: warning: no return statement in function returning non-void [-Wreturn-type]&#10; }&#10; ^&#10;"><testcase status="7" exitcode="0" detail="" time="0" memory="528" score="10"/><testcase status="7" exitcode="0" detail="" time="0.01" memory="532" score="10"/><testcase status="7" exitcode="0" detail="" time="0" memory="528" score="10"/><testcase status="7" exitcode="0" detail="" time="0" memory="532" score="10"/><testcase status="7" exitcode="0" detail="" time="0" memory="532" score="10"/><testcase status="7" exitcode="0" detail="" time="0" memory="532" score="10"/><testcase status="7" exitcode="0" detail="" time="0" memory="528" score="10"/><testcase status="7" exitcode="0" detail="" time="0" memory="528" score="10"/><testcase status="7" exitcode="0" detail="" time="0.01" memory="528" score="10"/><testcase status="7" exitcode="0" detail="" time="0" memory="528" score="10"/></problem><problem title="2&#x3001;&#x6700;&#x957F;&#x4E0A;&#x5347;&#x5B50;&#x5E8F;&#x5217;" filename="long.cpp" status="1" hash="767756326" detail="NAPOGFHH.cpp: In function 'int read(int&amp;)':&#10;NAPOGFHH.cpp:15:1: warning: no return statement in function returning non-void [-Wreturn-type]&#10; }&#10; ^&#10;"><testcase status="7" exitcode="0" detail="" time="0" memory="448" score="10"/><testcase status="8" exitcode="0" detail="&#x5728;&#x7B2C; 1 &#x884C;:&#13;&#10;----&#x9009;&#x624B;&#x8F93;&#x51FA;&#x7684;&#x7B2C; 1 &#x5217;----&#13;&#10;&gt;7&#13;&#10;----&#x6807;&#x51C6;&#x8F93;&#x51FA;&#x7684;&#x7B2C; 1 &#x5217;----&#13;&#10;&gt;8" time="0" memory="448" score="0"/><testcase status="7" exitcode="0" detail="" time="0.01" memory="448" score="10"/><testcase status="7" exitcode="0" detail="" time="0" memory="448" score="10"/><testcase status="7" exitcode="0" detail="" time="0" memory="448" score="10"/><testcase status="7" exitcode="0" detail="" time="0" memory="448" score="10"/><testcase status="8" exitcode="0" detail="&#x5728;&#x7B2C; 1 &#x884C;:&#13;&#10;----&#x9009;&#x624B;&#x8F93;&#x51FA;&#x7684;&#x7B2C; 2 &#x5217;----&#13;&#10;&gt;...1&#13;&#10;----&#x6807;&#x51C6;&#x8F93;&#x51FA;&#x7684;&#x7B2C; 2 &#x5217;----&#13;&#10;&gt;...2" time="0" memory="448" score="0"/><testcase status="7" exitcode="0" detail="" time="0" memory="448" score="10"/><testcase status="7" exitcode="0" detail="" time="0" memory="448" score="10"/><testcase status="7" exitcode="0" detail="" time="0" memory="448" score="10"/></problem><problem title="3&#x3001;&#x6700;&#x957F;&#x516C;&#x5171;&#x5B50;&#x5E8F;&#x5217;" filename="gong.cpp" status="1" hash="2359346122" detail="VBXZFCNA.cpp: In function 'int read(int&amp;)':&#10;VBXZFCNA.cpp:15:1: warning: no return statement in function returning non-void [-Wreturn-type]&#10; }&#10; ^&#10;"><testcase status="7" exitcode="0" detail="" time="0" memory="4404" score="10"/><testcase status="7" exitcode="0" detail="" time="0" memory="4404" score="10"/><testcase status="7" exitcode="0" detail="" time="0" memory="4404" score="10"/><testcase status="7" exitcode="0" detail="" time="0" memory="4404" score="10"/><testcase status="7" exitcode="0" detail="" time="0" memory="4404" score="10"/><testcase status="7" exitcode="0" detail="" time="0" memory="4404" score="10"/><testcase status="7" exitcode="0" detail="" time="0" memory="4404" score="10"/><testcase status="7" exitcode="0" detail="" time="0.01" memory="4404" score="10"/><testcase status="7" exitcode="0" detail="" time="0" memory="4404" score="10"/><testcase status="7" exitcode="0" detail="" time="0" memory="4404" score="10"/></problem><problem title="4&#x3001;&#x6570;&#x7684;&#x8BA1;&#x6570;" filename="count.cpp" status="1" hash="3322368423" detail="QAVDEBPD.cpp: In function 'int read(int&amp;)':&#10;QAVDEBPD.cpp:15:1: warning: no return statement in function returning non-void [-Wreturn-type]&#10; }&#10; ^&#10;"><testcase status="7" exitcode="0" detail="" time="0" memory="444" score="10"/><testcase status="7" exitcode="0" detail="" time="0" memory="444" score="10"/><testcase status="7" exitcode="0" detail="" time="0" memory="440" score="10"/><testcase status="7" exitcode="0" detail="" time="0" memory="444" score="10"/><testcase status="7" exitcode="0" detail="" time="0" memory="444" score="10"/><testcase status="7" exitcode="0" detail="" time="0" memory="444" score="10"/><testcase status="7" exitcode="0" detail="" time="0" memory="444" score="10"/><testcase status="7" exitcode="0" detail="" time="0" memory="444" score="10"/><testcase status="7" exitcode="0" detail="" time="0" memory="444" score="10"/><testcase status="7" exitcode="0" detail="" time="0" memory="444" score="10"/></problem></result></cena>
