<?xml version="1.0"?>
<cena version="0.8.1"><result judgetime="44123.6774443171"><problem title="&#x6C42;&#x6700;&#x957F;&#x516C;&#x5171;&#x5B50;&#x5E8F;&#x5217;LCS" filename="public.cpp" status="1" hash="115907505" detail=""><testcase status="7" exitcode="0" detail="" time="0" memory="4380" score="10"/><testcase status="7" exitcode="0" detail="" time="0" memory="4380" score="10"/><testcase status="7" exitcode="0" detail="" time="0" memory="4376" score="10"/><testcase status="7" exitcode="0" detail="" time="0.01" memory="4376" score="10"/><testcase status="7" exitcode="0" detail="" time="0.01" memory="4388" score="10"/><testcase status="7" exitcode="0" detail="" time="0.01" memory="4384" score="10"/><testcase status="7" exitcode="0" detail="" time="0" memory="4384" score="10"/><testcase status="7" exitcode="0" detail="" time="0" memory="4388" score="10"/><testcase status="7" exitcode="0" detail="" time="0.01" memory="4380" score="10"/><testcase status="7" exitcode="0" detail="" time="0.01" memory="4376" score="10"/></problem><problem title="&#x6700;&#x957F;&#x4E0A;&#x5347;&#x5B50;&#x5E8F;&#x5217;" filename="longrise.cpp" status="1" hash="1051881066" detail=""><testcase status="7" exitcode="0" detail="" time="0" memory="468" score="10"/><testcase status="7" exitcode="0" detail="" time="0" memory="464" score="10"/><testcase status="7" exitcode="0" detail="" time="0" memory="468" score="10"/><testcase status="7" exitcode="0" detail="" time="0" memory="468" score="10"/><testcase status="7" exitcode="0" detail="" time="0" memory="468" score="10"/><testcase status="7" exitcode="0" detail="" time="0" memory="468" score="10"/><testcase status="7" exitcode="0" detail="" time="0" memory="460" score="10"/><testcase status="7" exitcode="0" detail="" time="0" memory="472" score="10"/><testcase status="7" exitcode="0" detail="" time="0" memory="460" score="10"/><testcase status="7" exitcode="0" detail="" time="0" memory="468" score="10"/></problem><problem title="&#x548C;&#x6700;&#x5927;&#x5B50;&#x5E8F;&#x5217;" filename="mlong.cpp" status="1" hash="4232621279" detail=""><testcase status="7" exitcode="0" detail="" time="0" memory="1236" score="10"/><testcase status="7" exitcode="0" detail="" time="0" memory="1236" score="10"/><testcase status="7" exitcode="0" detail="" time="0" memory="1240" score="10"/><testcase status="7" exitcode="0" detail="" time="0" memory="1240" score="10"/><testcase status="7" exitcode="0" detail="" time="0" memory="1244" score="10"/><testcase status="7" exitcode="0" detail="" time="0" memory="1236" score="10"/><testcase status="7" exitcode="0" detail="" time="0" memory="1244" score="10"/><testcase status="7" exitcode="0" detail="" time="0" memory="1240" score="10"/><testcase status="7" exitcode="0" detail="" time="0" memory="1236" score="10"/><testcase status="7" exitcode="0" detail="" time="0.03" memory="1240" score="10"/></problem><problem title="01&#x80CC;&#x5305;" filename="bag.cpp" status="1" hash="1731017789" detail=""><testcase status="7" exitcode="0" detail="" time="0" memory="4388" score="10"/><testcase status="8" exitcode="0" detail="&#x5728;&#x7B2C; 1 &#x884C;:&#13;&#10;----&#x9009;&#x624B;&#x8F93;&#x51FA;&#x7684;&#x7B2C; 3 &#x5217;----&#13;&#10;&gt;...579&#13;&#10;----&#x6807;&#x51C6;&#x8F93;&#x51FA;&#x7684;&#x7B2C; 3 &#x5217;----&#13;&#10;&gt;...774" time="0.01" memory="4400" score="0"/><testcase status="7" exitcode="0" detail="" time="0.01" memory="4388" score="10"/><testcase status="8" exitcode="0" detail="&#x5728;&#x7B2C; 1 &#x884C;:&#13;&#10;----&#x9009;&#x624B;&#x8F93;&#x51FA;&#x7684;&#x7B2C; 1 &#x5217;----&#13;&#10;&gt;29801&#13;&#10;----&#x6807;&#x51C6;&#x8F93;&#x51FA;&#x7684;&#x7B2C; 1 &#x5217;----&#13;&#10;&gt;30047" time="0" memory="4392" score="0"/><testcase status="8" exitcode="0" detail="&#x5728;&#x7B2C; 1 &#x884C;:&#13;&#10;----&#x9009;&#x624B;&#x8F93;&#x51FA;&#x7684;&#x7B2C; 3 &#x5217;----&#13;&#10;&gt;...569&#13;&#10;----&#x6807;&#x51C6;&#x8F93;&#x51FA;&#x7684;&#x7B2C; 3 &#x5217;----&#13;&#10;&gt;...735" time="0.01" memory="4392" score="0"/><testcase status="8" exitcode="0" detail="&#x5728;&#x7B2C; 1 &#x884C;:&#13;&#10;----&#x9009;&#x624B;&#x8F93;&#x51FA;&#x7684;&#x7B2C; 3 &#x5217;----&#13;&#10;&gt;...434&#13;&#10;----&#x6807;&#x51C6;&#x8F93;&#x51FA;&#x7684;&#x7B2C; 3 &#x5217;----&#13;&#10;&gt;...585" time="0" memory="4396" score="0"/><testcase status="8" exitcode="0" detail="&#x5728;&#x7B2C; 1 &#x884C;:&#13;&#10;----&#x9009;&#x624B;&#x8F93;&#x51FA;&#x7684;&#x7B2C; 2 &#x5217;----&#13;&#10;&gt;...28&#13;&#10;----&#x6807;&#x51C6;&#x8F93;&#x51FA;&#x7684;&#x7B2C; 2 &#x5217;----&#13;&#10;&gt;...31" time="0" memory="4388" score="0"/><testcase status="8" exitcode="0" detail="&#x5728;&#x7B2C; 1 &#x884C;:&#13;&#10;----&#x9009;&#x624B;&#x8F93;&#x51FA;&#x7684;&#x7B2C; 3 &#x5217;----&#13;&#10;&gt;...357&#13;&#10;----&#x6807;&#x51C6;&#x8F93;&#x51FA;&#x7684;&#x7B2C; 3 &#x5217;----&#13;&#10;&gt;...404" time="0.01" memory="4388" score="0"/><testcase status="8" exitcode="0" detail="&#x5728;&#x7B2C; 1 &#x884C;:&#13;&#10;----&#x9009;&#x624B;&#x8F93;&#x51FA;&#x7684;&#x7B2C; 3 &#x5217;----&#13;&#10;&gt;...150&#13;&#10;----&#x6807;&#x51C6;&#x8F93;&#x51FA;&#x7684;&#x7B2C; 3 &#x5217;----&#13;&#10;&gt;...286" time="0" memory="4396" score="0"/><testcase status="8" exitcode="0" detail="&#x5728;&#x7B2C; 1 &#x884C;:&#13;&#10;----&#x9009;&#x624B;&#x8F93;&#x51FA;&#x7684;&#x7B2C; 2 &#x5217;----&#13;&#10;&gt;...3819&#13;&#10;----&#x6807;&#x51C6;&#x8F93;&#x51FA;&#x7684;&#x7B2C; 2 &#x5217;----&#13;&#10;&gt;...4101" time="0" memory="4392" score="0"/></problem><problem title="&#x6446;&#x52A8;&#x5E8F;&#x5217;" filename="list.cpp" status="1" hash="2295951293" detail=""><testcase status="7" exitcode="0" detail="" time="0" memory="456" score="10"/><testcase status="7" exitcode="0" detail="" time="0" memory="460" score="10"/><testcase status="7" exitcode="0" detail="" time="0" memory="452" score="10"/><testcase status="7" exitcode="0" detail="" time="0" memory="456" score="10"/><testcase status="7" exitcode="0" detail="" time="0" memory="460" score="10"/><testcase status="7" exitcode="0" detail="" time="0" memory="460" score="10"/><testcase status="7" exitcode="0" detail="" time="0" memory="456" score="10"/><testcase status="7" exitcode="0" detail="" time="0" memory="456" score="10"/><testcase status="7" exitcode="0" detail="" time="0" memory="464" score="10"/><testcase status="7" exitcode="0" detail="" time="0" memory="460" score="10"/></problem><problem title="&#x6446;&#x52A8;&#x5E8F;&#x5217;2" filename="listwo.cpp" status="1" hash="2334334515" detail=""><testcase status="7" exitcode="0" detail="" time="0" memory="464" score="10"/><testcase status="7" exitcode="0" detail="" time="0" memory="460" score="10"/><testcase status="7" exitcode="0" detail="" time="0" memory="456" score="10"/><testcase status="7" exitcode="0" detail="" time="0.01" memory="456" score="10"/><testcase status="7" exitcode="0" detail="" time="0" memory="456" score="10"/><testcase status="7" exitcode="0" detail="" time="0" memory="460" score="10"/><testcase status="7" exitcode="0" detail="" time="0" memory="452" score="10"/><testcase status="7" exitcode="0" detail="" time="0" memory="460" score="10"/><testcase status="7" exitcode="0" detail="" time="0" memory="452" score="10"/><testcase status="7" exitcode="0" detail="" time="0" memory="464" score="10"/></problem></result></cena>
