<?xml version="1.0"?>
<cena version="0.8.2"><result judgetime="44088.6585816898"><problem title="&#x5B57;&#x7B26;&#x6392;&#x5E8F;" filename="sstr.cpp" status="1" hash="145462278" detail=""><testcase status="7" exitcode="0" detail="" time="0" memory="244" score="10"/><testcase status="7" exitcode="0" detail="" time="0" memory="240" score="10"/><testcase status="7" exitcode="0" detail="" time="0" memory="240" score="10"/><testcase status="7" exitcode="0" detail="" time="0" memory="244" score="10"/><testcase status="7" exitcode="0" detail="" time="0" memory="240" score="10"/><testcase status="7" exitcode="0" detail="" time="0" memory="240" score="10"/><testcase status="7" exitcode="0" detail="" time="0" memory="240" score="10"/><testcase status="7" exitcode="0" detail="" time="0" memory="244" score="10"/><testcase status="7" exitcode="0" detail="" time="0" memory="244" score="10"/><testcase status="7" exitcode="0" detail="" time="0" memory="244" score="10"/></problem><problem title="&#x7279;&#x6B8A;&#x6392;&#x5E8F;" filename="ssort.cpp" status="1" hash="2641964743" detail=""><testcase status="7" exitcode="0" detail="" time="0" memory="244" score="10"/><testcase status="7" exitcode="0" detail="" time="0" memory="248" score="10"/><testcase status="7" exitcode="0" detail="" time="0" memory="244" score="10"/><testcase status="7" exitcode="0" detail="" time="0.01" memory="244" score="10"/><testcase status="7" exitcode="0" detail="" time="0.01" memory="248" score="10"/><testcase status="7" exitcode="0" detail="" time="0.01" memory="248" score="10"/><testcase status="7" exitcode="0" detail="" time="0.01" memory="248" score="10"/><testcase status="7" exitcode="0" detail="" time="0.01" memory="244" score="10"/><testcase status="7" exitcode="0" detail="" time="0" memory="244" score="10"/><testcase status="7" exitcode="0" detail="" time="0" memory="244" score="10"/></problem><problem title="EXCEL&#x6392;&#x5E8F;" filename="excel.cpp" status="1" hash="4157419878" detail="ENQDUXHL.cpp: In function 'bool cmp(Stu, Stu)':&#10;ENQDUXHL.cpp:16:1: warning: control reaches end of non-void function [-Wreturn-type]&#10; }&#10; ^&#10;"><testcase status="7" exitcode="0" detail="" time="0" memory="5540" score="10"/><testcase status="7" exitcode="0" detail="" time="0.03" memory="5544" score="10"/><testcase status="7" exitcode="0" detail="" time="0.01" memory="5540" score="10"/><testcase status="7" exitcode="0" detail="" time="0.03" memory="5540" score="10"/><testcase status="3" exitcode="1" detail="" time="1.0140065" memory="5544" score="0"/><testcase status="7" exitcode="0" detail="" time="0.03" memory="5540" score="10"/><testcase status="7" exitcode="0" detail="" time="0.14" memory="5544" score="10"/><testcase status="7" exitcode="0" detail="" time="0" memory="5544" score="10"/><testcase status="7" exitcode="0" detail="" time="0" memory="5544" score="10"/><testcase status="3" exitcode="1" detail="" time="1.2012077" memory="5544" score="0"/></problem><problem title="&#x6251;&#x514B;&#x6392;&#x5E8F;" filename="card.cpp" status="1" hash="2908724294" detail="RWSEOCCX.cpp: In function 'int ctod(char)':&#10;RWSEOCCX.cpp:19:1: warning: control reaches end of non-void function [-Wreturn-type]&#10; }&#10; ^&#10;RWSEOCCX.cpp: In function 'int color_d(char)':&#10;RWSEOCCX.cpp:41:1: warning: control reaches end of non-void function [-Wreturn-type]&#10; }&#10; ^&#10;RWSEOCCX.cpp: In function 'char dtoc(int)':&#10;RWSEOCCX.cpp:31:1: warning: control reaches end of non-void function [-Wreturn-type]&#10; }&#10; ^&#10;RWSEOCCX.cpp: In function 'char color_c(int)':&#10;RWSEOCCX.cpp:51:1: warning: control reaches end of non-void function [-Wreturn-type]&#10; }&#10; ^&#10;"><testcase status="7" exitcode="0" detail="" time="0" memory="452" score="10"/><testcase status="7" exitcode="0" detail="" time="0" memory="456" score="10"/><testcase status="7" exitcode="0" detail="" time="0" memory="452" score="10"/><testcase status="7" exitcode="0" detail="" time="0.01" memory="452" score="10"/><testcase status="8" exitcode="0" detail="&#x6807;&#x51C6;&#x8F93;&#x51FA;&#x6BD4;&#x9009;&#x624B;&#x8F93;&#x51FA;&#x957F;&#x3002;" time="0" memory="452" score="0"/><testcase status="8" exitcode="0" detail="&#x6807;&#x51C6;&#x8F93;&#x51FA;&#x6BD4;&#x9009;&#x624B;&#x8F93;&#x51FA;&#x957F;&#x3002;" time="0" memory="456" score="0"/><testcase status="8" exitcode="0" detail="&#x6807;&#x51C6;&#x8F93;&#x51FA;&#x6BD4;&#x9009;&#x624B;&#x8F93;&#x51FA;&#x957F;&#x3002;" time="0" memory="452" score="0"/><testcase status="8" exitcode="0" detail="&#x6807;&#x51C6;&#x8F93;&#x51FA;&#x6BD4;&#x9009;&#x624B;&#x8F93;&#x51FA;&#x957F;&#x3002;" time="0" memory="452" score="0"/><testcase status="8" exitcode="0" detail="&#x6807;&#x51C6;&#x8F93;&#x51FA;&#x6BD4;&#x9009;&#x624B;&#x8F93;&#x51FA;&#x957F;&#x3002;" time="0" memory="452" score="0"/><testcase status="8" exitcode="0" detail="&#x5728;&#x7B2C; 1 &#x884C;:&#13;&#10;----&#x9009;&#x624B;&#x8F93;&#x51FA;&#x7684;&#x7B2C; 9 &#x5217;----&#13;&#10;&gt;...s 10&#13;&#10;----&#x6807;&#x51C6;&#x8F93;&#x51FA;&#x7684;&#x7B2C; 9 &#x5217;----&#13;&#10;&gt;...d 10s ..." time="0" memory="452" score="0"/></problem></result></cena>
