<?xml version="1.0"?>
<cena version="0.8.2"><result judgetime="44102.6383657639"><problem title="1&#x3001;&#x6570;&#x5B57;&#x4E09;&#x89D2;&#x5F62;" filename="triangle.cpp" status="1" hash="339967106" detail=""><testcase status="7" exitcode="0" detail="" time="0" memory="324" score="10"/><testcase status="7" exitcode="0" detail="" time="0" memory="328" score="10"/><testcase status="7" exitcode="0" detail="" time="0" memory="324" score="10"/><testcase status="7" exitcode="0" detail="" time="0" memory="328" score="10"/><testcase status="7" exitcode="0" detail="" time="0" memory="324" score="10"/><testcase status="7" exitcode="0" detail="" time="0.01" memory="324" score="10"/><testcase status="7" exitcode="0" detail="" time="0" memory="324" score="10"/><testcase status="7" exitcode="0" detail="" time="0" memory="328" score="10"/><testcase status="7" exitcode="0" detail="" time="0.01" memory="328" score="10"/><testcase status="7" exitcode="0" detail="" time="0" memory="324" score="10"/></problem><problem title="2&#x3001;&#x6700;&#x957F;&#x4E0A;&#x5347;&#x5B50;&#x5E8F;&#x5217;" filename="long.cpp" status="1" hash="1346098862" detail=""><testcase status="7" exitcode="0" detail="" time="0" memory="252" score="10"/><testcase status="7" exitcode="0" detail="" time="0" memory="248" score="10"/><testcase status="7" exitcode="0" detail="" time="0" memory="248" score="10"/><testcase status="7" exitcode="0" detail="" time="0" memory="252" score="10"/><testcase status="7" exitcode="0" detail="" time="0" memory="248" score="10"/><testcase status="7" exitcode="0" detail="" time="0" memory="252" score="10"/><testcase status="7" exitcode="0" detail="" time="0" memory="248" score="10"/><testcase status="7" exitcode="0" detail="" time="0" memory="252" score="10"/><testcase status="7" exitcode="0" detail="" time="0" memory="252" score="10"/><testcase status="7" exitcode="0" detail="" time="0" memory="248" score="10"/></problem><problem title="3&#x3001;&#x6700;&#x957F;&#x516C;&#x5171;&#x5B50;&#x5E8F;&#x5217;" filename="gong.cpp" status="1" hash="1914311114" detail=""><testcase status="7" exitcode="0" detail="" time="0" memory="4196" score="10"/><testcase status="7" exitcode="0" detail="" time="0" memory="4204" score="10"/><testcase status="7" exitcode="0" detail="" time="0" memory="4200" score="10"/><testcase status="7" exitcode="0" detail="" time="0" memory="4196" score="10"/><testcase status="7" exitcode="0" detail="" time="0" memory="4196" score="10"/><testcase status="7" exitcode="0" detail="" time="0" memory="4204" score="10"/><testcase status="7" exitcode="0" detail="" time="0" memory="4204" score="10"/><testcase status="7" exitcode="0" detail="" time="0" memory="4200" score="10"/><testcase status="7" exitcode="0" detail="" time="0" memory="4200" score="10"/><testcase status="7" exitcode="0" detail="" time="0.01" memory="4200" score="10"/></problem><problem title="4&#x3001;&#x6570;&#x7684;&#x8BA1;&#x6570;" filename="count.cpp" status="1" hash="2355403466" detail=""><testcase status="7" exitcode="0" detail="" time="0" memory="4148" score="10"/><testcase status="7" exitcode="0" detail="" time="0" memory="4152" score="10"/><testcase status="7" exitcode="0" detail="" time="0" memory="4156" score="10"/><testcase status="7" exitcode="0" detail="" time="0" memory="4156" score="10"/><testcase status="7" exitcode="0" detail="" time="0" memory="4148" score="10"/><testcase status="7" exitcode="0" detail="" time="0" memory="4152" score="10"/><testcase status="7" exitcode="0" detail="" time="0" memory="4148" score="10"/><testcase status="7" exitcode="0" detail="" time="0.01" memory="4152" score="10"/><testcase status="7" exitcode="0" detail="" time="0" memory="4156" score="10"/><testcase status="7" exitcode="0" detail="" time="0" memory="4156" score="10"/></problem></result></cena>
