<?xml version="1.0"?>
<cena version="0.8.2"><result judgetime="44106.6438954398"><problem title="square" filename="square.cpp" status="1" hash="3810629190" detail=""><testcase status="8" exitcode="0" detail="&#x5728;&#x7B2C; 1 &#x884C;:&#13;&#10;----&#x9009;&#x624B;&#x8F93;&#x51FA;&#x7684;&#x7B2C; 1 &#x5217;----&#13;&#10;&gt;7031 3...&#13;&#10;----&#x6807;&#x51C6;&#x8F93;&#x51FA;&#x7684;&#x7B2C; 1 &#x5217;----&#13;&#10;&gt;87" time="0.01" memory="904" score="0"/><testcase status="8" exitcode="0" detail="&#x5728;&#x7B2C; 1 &#x884C;:&#13;&#10;----&#x9009;&#x624B;&#x8F93;&#x51FA;&#x7684;&#x7B2C; 1 &#x5217;----&#13;&#10;&gt;1846 6...&#13;&#10;----&#x6807;&#x51C6;&#x8F93;&#x51FA;&#x7684;&#x7B2C; 1 &#x5217;----&#13;&#10;&gt;211" time="0" memory="832" score="0"/><testcase status="8" exitcode="0" detail="&#x5728;&#x7B2C; 1 &#x884C;:&#13;&#10;----&#x9009;&#x624B;&#x8F93;&#x51FA;&#x7684;&#x7B2C; 1 &#x5217;----&#13;&#10;&gt;2127 9...&#13;&#10;----&#x6807;&#x51C6;&#x8F93;&#x51FA;&#x7684;&#x7B2C; 1 &#x5217;----&#13;&#10;&gt;4" time="0.01" memory="836" score="0"/><testcase status="8" exitcode="0" detail="&#x5728;&#x7B2C; 1 &#x884C;:&#13;&#10;----&#x9009;&#x624B;&#x8F93;&#x51FA;&#x7684;&#x7B2C; 1 &#x5217;----&#13;&#10;&gt;1254 -...&#13;&#10;----&#x6807;&#x51C6;&#x8F93;&#x51FA;&#x7684;&#x7B2C; 1 &#x5217;----&#13;&#10;&gt;53" time="0" memory="840" score="0"/><testcase status="8" exitcode="0" detail="&#x5728;&#x7B2C; 1 &#x884C;:&#13;&#10;----&#x9009;&#x624B;&#x8F93;&#x51FA;&#x7684;&#x7B2C; 1 &#x5217;----&#13;&#10;&gt;4177 -...&#13;&#10;----&#x6807;&#x51C6;&#x8F93;&#x51FA;&#x7684;&#x7B2C; 1 &#x5217;----&#13;&#10;&gt;38" time="0" memory="840" score="0"/><testcase status="8" exitcode="0" detail="&#x5728;&#x7B2C; 1 &#x884C;:&#13;&#10;----&#x9009;&#x624B;&#x8F93;&#x51FA;&#x7684;&#x7B2C; 1 &#x5217;----&#13;&#10;&gt;-9288 ...&#13;&#10;----&#x6807;&#x51C6;&#x8F93;&#x51FA;&#x7684;&#x7B2C; 1 &#x5217;----&#13;&#10;&gt;663" time="0.01" memory="836" score="0"/><testcase status="8" exitcode="0" detail="&#x5728;&#x7B2C; 1 &#x884C;:&#13;&#10;----&#x9009;&#x624B;&#x8F93;&#x51FA;&#x7684;&#x7B2C; 1 &#x5217;----&#13;&#10;&gt;-2840 ...&#13;&#10;----&#x6807;&#x51C6;&#x8F93;&#x51FA;&#x7684;&#x7B2C; 1 &#x5217;----&#13;&#10;&gt;233" time="0" memory="836" score="0"/><testcase status="8" exitcode="0" detail="&#x5728;&#x7B2C; 1 &#x884C;:&#13;&#10;----&#x9009;&#x624B;&#x8F93;&#x51FA;&#x7684;&#x7B2C; 1 &#x5217;----&#13;&#10;&gt;-9599 ...&#13;&#10;----&#x6807;&#x51C6;&#x8F93;&#x51FA;&#x7684;&#x7B2C; 1 &#x5217;----&#13;&#10;&gt;1185" time="0" memory="836" score="0"/><testcase status="8" exitcode="0" detail="&#x5728;&#x7B2C; 1 &#x884C;:&#13;&#10;----&#x9009;&#x624B;&#x8F93;&#x51FA;&#x7684;&#x7B2C; 1 &#x5217;----&#13;&#10;&gt;-1715 ...&#13;&#10;----&#x6807;&#x51C6;&#x8F93;&#x51FA;&#x7684;&#x7B2C; 1 &#x5217;----&#13;&#10;&gt;502" time="0.01" memory="832" score="0"/><testcase status="8" exitcode="0" detail="&#x5728;&#x7B2C; 1 &#x884C;:&#13;&#10;----&#x9009;&#x624B;&#x8F93;&#x51FA;&#x7684;&#x7B2C; 1 &#x5217;----&#13;&#10;&gt;-7100 ...&#13;&#10;----&#x6807;&#x51C6;&#x8F93;&#x51FA;&#x7684;&#x7B2C; 1 &#x5217;----&#13;&#10;&gt;43" time="0" memory="832" score="0"/></problem><problem title="pairs" filename="pairs.cpp" status="1" hash="3648840438" detail=""><testcase status="7" exitcode="0" detail="" time="0" memory="904" score="10"/><testcase status="7" exitcode="0" detail="" time="0" memory="836" score="10"/><testcase status="7" exitcode="0" detail="" time="0" memory="836" score="10"/><testcase status="7" exitcode="0" detail="" time="0" memory="836" score="10"/><testcase status="7" exitcode="0" detail="" time="0" memory="832" score="10"/><testcase status="7" exitcode="0" detail="" time="0" memory="836" score="10"/><testcase status="7" exitcode="0" detail="" time="0" memory="836" score="10"/><testcase status="7" exitcode="0" detail="" time="0" memory="836" score="10"/><testcase status="7" exitcode="0" detail="" time="0" memory="832" score="10"/><testcase status="7" exitcode="0" detail="" time="0" memory="836" score="10"/></problem><problem title="qbin" filename="" status="14" hash="0" detail=""><testcase status="14" exitcode="0" detail="" time="0" memory="0" score="0"/><testcase status="14" exitcode="0" detail="" time="0" memory="0" score="0"/><testcase status="14" exitcode="0" detail="" time="0" memory="0" score="0"/><testcase status="14" exitcode="0" detail="" time="0" memory="0" score="0"/><testcase status="14" exitcode="0" detail="" time="0" memory="0" score="0"/><testcase status="14" exitcode="0" detail="" time="0" memory="0" score="0"/><testcase status="14" exitcode="0" detail="" time="0" memory="0" score="0"/><testcase status="14" exitcode="0" detail="" time="0" memory="0" score="0"/><testcase status="14" exitcode="0" detail="" time="0" memory="0" score="0"/><testcase status="14" exitcode="0" detail="" time="0" memory="0" score="0"/></problem><problem title="statistic" filename="statistic.cpp" status="1" hash="460221342" detail=""><testcase status="7" exitcode="0" detail="" time="0" memory="12644" score="10"/><testcase status="7" exitcode="0" detail="" time="0" memory="12580" score="10"/><testcase status="7" exitcode="0" detail="" time="0.01" memory="12580" score="10"/><testcase status="7" exitcode="0" detail="" time="0.34" memory="12580" score="10"/><testcase status="7" exitcode="0" detail="" time="0.35" memory="12580" score="10"/><testcase status="7" exitcode="0" detail="" time="0.37" memory="12576" score="10"/><testcase status="7" exitcode="0" detail="" time="1.45" memory="12576" score="10"/><testcase status="7" exitcode="0" detail="" time="1.43" memory="12580" score="10"/><testcase status="7" exitcode="0" detail="" time="1.43" memory="12576" score="10"/><testcase status="7" exitcode="0" detail="" time="1.43" memory="12584" score="10"/></problem><problem title="cut" filename="cut.cpp" status="1" hash="2885501405" detail=""><testcase status="7" exitcode="0" detail="" time="0.01" memory="2844" score="10"/><testcase status="7" exitcode="0" detail="" time="0.01" memory="2788" score="10"/><testcase status="7" exitcode="0" detail="" time="0.03" memory="2788" score="10"/><testcase status="7" exitcode="0" detail="" time="0.06" memory="3160" score="10"/><testcase status="7" exitcode="0" detail="" time="0.04" memory="3148" score="10"/><testcase status="7" exitcode="0" detail="" time="0.04" memory="3136" score="10"/><testcase status="7" exitcode="0" detail="" time="0.04" memory="3132" score="10"/><testcase status="7" exitcode="0" detail="" time="0.48" memory="7176" score="10"/><testcase status="7" exitcode="0" detail="" time="0.43" memory="7024" score="10"/><testcase status="7" exitcode="0" detail="" time="0.37" memory="6884" score="10"/></problem><problem title="diff" filename="diff.cpp" status="1" hash="1981201061" detail=""><testcase status="7" exitcode="0" detail="" time="0.01" memory="1396" score="10"/><testcase status="7" exitcode="0" detail="" time="0" memory="1328" score="10"/><testcase status="7" exitcode="0" detail="" time="0" memory="1328" score="10"/><testcase status="3" exitcode="1" detail="" time="1.015625" memory="1332" score="0"/><testcase status="3" exitcode="1" detail="" time="1.0857713" memory="1332" score="0"/><testcase status="3" exitcode="1" detail="" time="1.203125" memory="1332" score="0"/><testcase status="3" exitcode="1" detail="" time="1.0254603" memory="1336" score="0"/><testcase status="3" exitcode="1" detail="" time="1.0683293" memory="1332" score="0"/><testcase status="3" exitcode="1" detail="" time="1.1553357" memory="1332" score="0"/><testcase status="3" exitcode="1" detail="" time="1.0369321" memory="1332" score="0"/></problem></result></cena>
