<?xml version="1.0"?>
<cena version="0.8.2"><result judgetime="44095.7401002662"><problem title="notepad" filename="notepad.cpp" status="1" hash="2299642180" detail="YTYKNLZV.cpp: In function 'int Get(char)':&#10;YTYKNLZV.cpp:41:1: warning: control reaches end of non-void function [-Wreturn-type]&#10; }&#10; ^&#10;"><testcase status="6" exitcode="3221225477" detail="" time="0.09" memory="6508" score="0"/><testcase status="6" exitcode="3221225477" detail="" time="0.07" memory="6508" score="0"/><testcase status="6" exitcode="3221225477" detail="" time="0.07" memory="6508" score="0"/><testcase status="6" exitcode="3221225477" detail="" time="0.07" memory="6512" score="0"/><testcase status="6" exitcode="3221225477" detail="" time="0.07" memory="6512" score="0"/><testcase status="6" exitcode="3221225477" detail="" time="0.07" memory="6508" score="0"/><testcase status="6" exitcode="3221225477" detail="" time="0.07" memory="6508" score="0"/><testcase status="6" exitcode="3221225477" detail="" time="0.07" memory="6508" score="0"/><testcase status="6" exitcode="3221225477" detail="" time="0.06" memory="6508" score="0"/><testcase status="6" exitcode="3221225477" detail="" time="0.07" memory="6508" score="0"/><testcase status="6" exitcode="3221225477" detail="" time="0.07" memory="6512" score="0"/><testcase status="6" exitcode="3221225477" detail="" time="0.07" memory="6508" score="0"/><testcase status="6" exitcode="3221225477" detail="" time="0.07" memory="6508" score="0"/><testcase status="6" exitcode="3221225477" detail="" time="0.07" memory="6508" score="0"/><testcase status="6" exitcode="3221225477" detail="" time="0.06" memory="6508" score="0"/></problem><problem title="window" filename="window.cpp" status="1" hash="1021476907" detail="AWQZARYQ.cpp:6:14: warning: built-in function 'log' declared as non-function [-Wbuiltin-declaration-mismatch]&#10; int log[N + 5];&#10;              ^&#10;"><testcase status="7" exitcode="0" detail="" time="0.01" memory="86340" score="10"/><testcase status="7" exitcode="0" detail="" time="0.01" memory="86340" score="10"/><testcase status="7" exitcode="0" detail="" time="0.07" memory="86348" score="10"/><testcase status="7" exitcode="0" detail="" time="0.1" memory="86348" score="10"/><testcase status="7" exitcode="0" detail="" time="0.03" memory="86344" score="10"/><testcase status="7" exitcode="0" detail="" time="0.59" memory="86340" score="10"/><testcase status="7" exitcode="0" detail="" time="0.62" memory="86348" score="10"/><testcase status="6" exitcode="3221225477" detail="" time="0.62" memory="86340" score="0"/><testcase status="6" exitcode="3221225477" detail="" time="0.68" memory="86340" score="0"/><testcase status="6" exitcode="3221225477" detail="" time="0.43" memory="86340" score="0"/></problem><problem title="apples" filename="" status="14" hash="0" detail=""><testcase status="14" exitcode="0" detail="" time="0" memory="0" score="0"/><testcase status="14" exitcode="0" detail="" time="0" memory="0" score="0"/><testcase status="14" exitcode="0" detail="" time="0" memory="0" score="0"/><testcase status="14" exitcode="0" detail="" time="0" memory="0" score="0"/><testcase status="14" exitcode="0" detail="" time="0" memory="0" score="0"/><testcase status="14" exitcode="0" detail="" time="0" memory="0" score="0"/><testcase status="14" exitcode="0" detail="" time="0" memory="0" score="0"/><testcase status="14" exitcode="0" detail="" time="0" memory="0" score="0"/></problem><problem title="zipper" filename="" status="14" hash="0" detail=""><testcase status="14" exitcode="0" detail="" time="0" memory="0" score="0"/><testcase status="14" exitcode="0" detail="" time="0" memory="0" score="0"/><testcase status="14" exitcode="0" detail="" time="0" memory="0" score="0"/><testcase status="14" exitcode="0" detail="" time="0" memory="0" score="0"/><testcase status="14" exitcode="0" detail="" time="0" memory="0" score="0"/><testcase status="14" exitcode="0" detail="" time="0" memory="0" score="0"/><testcase status="14" exitcode="0" detail="" time="0" memory="0" score="0"/><testcase status="14" exitcode="0" detail="" time="0" memory="0" score="0"/><testcase status="14" exitcode="0" detail="" time="0" memory="0" score="0"/><testcase status="14" exitcode="0" detail="" time="0" memory="0" score="0"/></problem></result></cena>
