<?xml version="1.0"?>
<cena version="0.8.2"><result judgetime="44095.7383321296"><problem title="notepad" filename="notepad.cpp" status="1" hash="2042385102" detail=""><testcase status="8" exitcode="0" detail="&#x5728;&#x7B2C; 1 &#x884C;:&#13;&#10;----&#x9009;&#x624B;&#x8F93;&#x51FA;&#x7684;&#x7B2C; 1 &#x5217;----&#13;&#10;&gt;No dup...&#13;&#10;----&#x6807;&#x51C6;&#x8F93;&#x51FA;&#x7684;&#x7B2C; 1 &#x5217;----&#13;&#10;&gt;005-97..." time="0" memory="3208" score="0"/><testcase status="3" exitcode="1" detail="" time="1.0140065" memory="5388" score="0"/><testcase status="3" exitcode="1" detail="" time="1.2012077" memory="5388" score="0"/><testcase status="3" exitcode="1" detail="" time="1.0140065" memory="5380" score="0"/><testcase status="8" exitcode="0" detail="&#x5728;&#x7B2C; 1 &#x884C;:&#13;&#10;----&#x9009;&#x624B;&#x8F93;&#x51FA;&#x7684;&#x7B2C; 1 &#x5217;----&#13;&#10;&gt;888-45...&#13;&#10;----&#x6807;&#x51C6;&#x8F93;&#x51FA;&#x7684;&#x7B2C; 1 &#x5217;----&#13;&#10;&gt;No dup..." time="0" memory="3180" score="0"/><testcase status="7" exitcode="0" detail="" time="0.01" memory="3180" score="5"/><testcase status="8" exitcode="0" detail="&#x5728;&#x7B2C; 3 &#x884C;:&#13;&#10;----&#x9009;&#x624B;&#x8F93;&#x51FA;&#x7684;&#x7B2C; 2 &#x5217;----&#13;&#10;&gt;...88-456...&#13;&#10;----&#x6807;&#x51C6;&#x8F93;&#x51FA;&#x7684;&#x7B2C; 2 &#x5217;----&#13;&#10;&gt;...29-448..." time="0" memory="3184" score="0"/><testcase status="3" exitcode="1" detail="" time="1.0140065" memory="5392" score="0"/><testcase status="8" exitcode="0" detail="&#x5728;&#x7B2C; 1 &#x884C;:&#13;&#10;----&#x9009;&#x624B;&#x8F93;&#x51FA;&#x7684;&#x7B2C; 1 &#x5217;----&#13;&#10;&gt;No dup...&#13;&#10;----&#x6807;&#x51C6;&#x8F93;&#x51FA;&#x7684;&#x7B2C; 1 &#x5217;----&#13;&#10;&gt;000-00..." time="0.21" memory="3324" score="0"/><testcase status="8" exitcode="0" detail="&#x5728;&#x7B2C; 1 &#x884C;:&#13;&#10;----&#x9009;&#x624B;&#x8F93;&#x51FA;&#x7684;&#x7B2C; 1 &#x5217;----&#13;&#10;&gt;No dup...&#13;&#10;----&#x6807;&#x51C6;&#x8F93;&#x51FA;&#x7684;&#x7B2C; 1 &#x5217;----&#13;&#10;&gt;000-00..." time="0.2" memory="3328" score="0"/><testcase status="3" exitcode="1" detail="" time="1.2012077" memory="5392" score="0"/><testcase status="3" exitcode="1" detail="" time="1.0140065" memory="5392" score="0"/><testcase status="8" exitcode="0" detail="&#x5728;&#x7B2C; 1 &#x884C;:&#13;&#10;----&#x9009;&#x624B;&#x8F93;&#x51FA;&#x7684;&#x7B2C; 1 &#x5217;----&#13;&#10;&gt;No dup...&#13;&#10;----&#x6807;&#x51C6;&#x8F93;&#x51FA;&#x7684;&#x7B2C; 1 &#x5217;----&#13;&#10;&gt;123-45..." time="0" memory="3188" score="0"/><testcase status="7" exitcode="0" detail="" time="0" memory="3180" score="10"/><testcase status="8" exitcode="0" detail="&#x5728;&#x7B2C; 1 &#x884C;:&#13;&#10;----&#x9009;&#x624B;&#x8F93;&#x51FA;&#x7684;&#x7B2C; 1 &#x5217;----&#13;&#10;&gt;No dup...&#13;&#10;----&#x6807;&#x51C6;&#x8F93;&#x51FA;&#x7684;&#x7B2C; 1 &#x5217;----&#13;&#10;&gt;123-45..." time="0.15" memory="3180" score="0"/></problem><problem title="window" filename="window.cpp" status="1" hash="905191187" detail="SAVIJTRR.cpp: In function 'int mx()':&#10;SAVIJTRR.cpp:17:1: warning: no return statement in function returning non-void [-Wreturn-type]&#10; }&#10; ^&#10;SAVIJTRR.cpp: In function 'int mn()':&#10;SAVIJTRR.cpp:28:1: warning: no return statement in function returning non-void [-Wreturn-type]&#10; }&#10; ^&#10;"><testcase status="7" exitcode="0" detail="" time="0" memory="8308" score="10"/><testcase status="7" exitcode="0" detail="" time="0.01" memory="8304" score="10"/><testcase status="7" exitcode="0" detail="" time="0.21" memory="8308" score="10"/><testcase status="7" exitcode="0" detail="" time="0.18" memory="8308" score="10"/><testcase status="7" exitcode="0" detail="" time="0.09" memory="8304" score="10"/><testcase status="3" exitcode="0" detail="" time="1.17" memory="8308" score="0"/><testcase status="3" exitcode="1" detail="" time="1.2012077" memory="8312" score="0"/><testcase status="3" exitcode="1" detail="" time="1.0140065" memory="8308" score="0"/><testcase status="3" exitcode="1" detail="" time="1.2012077" memory="8308" score="0"/><testcase status="3" exitcode="1" detail="" time="1.1856076" memory="8308" score="0"/></problem><problem title="apples" filename="" status="14" hash="0" detail=""><testcase status="14" exitcode="0" detail="" time="0" memory="0" score="0"/><testcase status="14" exitcode="0" detail="" time="0" memory="0" score="0"/><testcase status="14" exitcode="0" detail="" time="0" memory="0" score="0"/><testcase status="14" exitcode="0" detail="" time="0" memory="0" score="0"/><testcase status="14" exitcode="0" detail="" time="0" memory="0" score="0"/><testcase status="14" exitcode="0" detail="" time="0" memory="0" score="0"/><testcase status="14" exitcode="0" detail="" time="0" memory="0" score="0"/><testcase status="14" exitcode="0" detail="" time="0" memory="0" score="0"/></problem><problem title="zipper" filename="" status="14" hash="0" detail=""><testcase status="14" exitcode="0" detail="" time="0" memory="0" score="0"/><testcase status="14" exitcode="0" detail="" time="0" memory="0" score="0"/><testcase status="14" exitcode="0" detail="" time="0" memory="0" score="0"/><testcase status="14" exitcode="0" detail="" time="0" memory="0" score="0"/><testcase status="14" exitcode="0" detail="" time="0" memory="0" score="0"/><testcase status="14" exitcode="0" detail="" time="0" memory="0" score="0"/><testcase status="14" exitcode="0" detail="" time="0" memory="0" score="0"/><testcase status="14" exitcode="0" detail="" time="0" memory="0" score="0"/><testcase status="14" exitcode="0" detail="" time="0" memory="0" score="0"/><testcase status="14" exitcode="0" detail="" time="0" memory="0" score="0"/></problem></result></cena>
