<?xml version="1.0"?>
<cena version="0.8.2"><result judgetime="44095.7355284606"><problem title="notepad" filename="notepad.cpp" status="1" hash="3767464328" detail=""><testcase status="7" exitcode="0" detail="" time="0" memory="492" score="5"/><testcase status="7" exitcode="0" detail="" time="0.51" memory="5380" score="5"/><testcase status="7" exitcode="0" detail="" time="0.12" memory="452" score="5"/><testcase status="7" exitcode="0" detail="" time="0.67" memory="7500" score="5"/><testcase status="7" exitcode="0" detail="" time="0" memory="452" score="5"/><testcase status="7" exitcode="0" detail="" time="0" memory="452" score="5"/><testcase status="7" exitcode="0" detail="" time="0" memory="452" score="5"/><testcase status="7" exitcode="0" detail="" time="0.23" memory="1044" score="5"/><testcase status="7" exitcode="0" detail="" time="0.17" memory="1044" score="5"/><testcase status="7" exitcode="0" detail="" time="0.17" memory="1048" score="5"/><testcase status="7" exitcode="0" detail="" time="0.2" memory="1044" score="10"/><testcase status="7" exitcode="0" detail="" time="0.23" memory="1044" score="10"/><testcase status="7" exitcode="0" detail="" time="0" memory="452" score="10"/><testcase status="7" exitcode="0" detail="" time="0" memory="452" score="10"/><testcase status="7" exitcode="0" detail="" time="0.06" memory="452" score="10"/></problem><problem title="window" filename="window.cpp" status="1" hash="2468804883" detail=""><testcase status="7" exitcode="0" detail="" time="0" memory="8268" score="10"/><testcase status="7" exitcode="0" detail="" time="0" memory="8272" score="10"/><testcase status="7" exitcode="0" detail="" time="0.09" memory="8272" score="10"/><testcase status="7" exitcode="0" detail="" time="0.07" memory="8276" score="10"/><testcase status="7" exitcode="0" detail="" time="0.03" memory="8272" score="10"/><testcase status="7" exitcode="0" detail="" time="0.4" memory="8272" score="10"/><testcase status="7" exitcode="0" detail="" time="0.49" memory="8268" score="10"/><testcase status="7" exitcode="0" detail="" time="0.78" memory="8272" score="10"/><testcase status="3" exitcode="1" detail="" time="1.1856076" memory="8272" score="0"/><testcase status="7" exitcode="0" detail="" time="0.63" memory="8272" score="10"/></problem><problem title="apples" filename="" status="14" hash="0" detail=""><testcase status="14" exitcode="0" detail="" time="0" memory="0" score="0"/><testcase status="14" exitcode="0" detail="" time="0" memory="0" score="0"/><testcase status="14" exitcode="0" detail="" time="0" memory="0" score="0"/><testcase status="14" exitcode="0" detail="" time="0" memory="0" score="0"/><testcase status="14" exitcode="0" detail="" time="0" memory="0" score="0"/><testcase status="14" exitcode="0" detail="" time="0" memory="0" score="0"/><testcase status="14" exitcode="0" detail="" time="0" memory="0" score="0"/><testcase status="14" exitcode="0" detail="" time="0" memory="0" score="0"/></problem><problem title="zipper" filename="" status="14" hash="0" detail=""><testcase status="14" exitcode="0" detail="" time="0" memory="0" score="0"/><testcase status="14" exitcode="0" detail="" time="0" memory="0" score="0"/><testcase status="14" exitcode="0" detail="" time="0" memory="0" score="0"/><testcase status="14" exitcode="0" detail="" time="0" memory="0" score="0"/><testcase status="14" exitcode="0" detail="" time="0" memory="0" score="0"/><testcase status="14" exitcode="0" detail="" time="0" memory="0" score="0"/><testcase status="14" exitcode="0" detail="" time="0" memory="0" score="0"/><testcase status="14" exitcode="0" detail="" time="0" memory="0" score="0"/><testcase status="14" exitcode="0" detail="" time="0" memory="0" score="0"/><testcase status="14" exitcode="0" detail="" time="0" memory="0" score="0"/></problem></result></cena>
