<?xml version="1.0"?>
<cena version="0.8.2"><result judgetime="44106.6458252315"><problem title="square" filename="square.cpp" status="1" hash="584084498" detail=""><testcase status="7" exitcode="0" detail="" time="0.01" memory="900" score="10"/><testcase status="7" exitcode="0" detail="" time="0.03" memory="840" score="10"/><testcase status="7" exitcode="0" detail="" time="0.01" memory="836" score="10"/><testcase status="7" exitcode="0" detail="" time="0" memory="832" score="10"/><testcase status="7" exitcode="0" detail="" time="0.03" memory="836" score="10"/><testcase status="7" exitcode="0" detail="" time="0" memory="836" score="10"/><testcase status="7" exitcode="0" detail="" time="0.01" memory="832" score="10"/><testcase status="7" exitcode="0" detail="" time="0.01" memory="832" score="10"/><testcase status="7" exitcode="0" detail="" time="0.01" memory="836" score="10"/><testcase status="7" exitcode="0" detail="" time="0.01" memory="832" score="10"/></problem><problem title="pairs" filename="pairs.cpp" status="1" hash="4104592993" detail=""><testcase status="7" exitcode="0" detail="" time="0" memory="900" score="10"/><testcase status="7" exitcode="0" detail="" time="0.01" memory="836" score="10"/><testcase status="7" exitcode="0" detail="" time="0" memory="836" score="10"/><testcase status="7" exitcode="0" detail="" time="0" memory="832" score="10"/><testcase status="7" exitcode="0" detail="" time="0" memory="836" score="10"/><testcase status="7" exitcode="0" detail="" time="0" memory="832" score="10"/><testcase status="7" exitcode="0" detail="" time="0" memory="836" score="10"/><testcase status="7" exitcode="0" detail="" time="0" memory="832" score="10"/><testcase status="7" exitcode="0" detail="" time="0" memory="836" score="10"/><testcase status="7" exitcode="0" detail="" time="0" memory="836" score="10"/></problem><problem title="qbin" filename="" status="14" hash="0" detail=""><testcase status="14" exitcode="0" detail="" time="0" memory="0" score="0"/><testcase status="14" exitcode="0" detail="" time="0" memory="0" score="0"/><testcase status="14" exitcode="0" detail="" time="0" memory="0" score="0"/><testcase status="14" exitcode="0" detail="" time="0" memory="0" score="0"/><testcase status="14" exitcode="0" detail="" time="0" memory="0" score="0"/><testcase status="14" exitcode="0" detail="" time="0" memory="0" score="0"/><testcase status="14" exitcode="0" detail="" time="0" memory="0" score="0"/><testcase status="14" exitcode="0" detail="" time="0" memory="0" score="0"/><testcase status="14" exitcode="0" detail="" time="0" memory="0" score="0"/><testcase status="14" exitcode="0" detail="" time="0" memory="0" score="0"/></problem><problem title="statistic" filename="statistic.cpp" status="1" hash="1167235619" detail=""><testcase status="7" exitcode="0" detail="" time="0.01" memory="12648" score="10"/><testcase status="7" exitcode="0" detail="" time="0.01" memory="12576" score="10"/><testcase status="7" exitcode="0" detail="" time="0" memory="12580" score="10"/><testcase status="3" exitcode="0" detail="" time="1.06" memory="12576" score="0"/><testcase status="3" exitcode="0" detail="" time="1.04" memory="12584" score="0"/><testcase status="3" exitcode="1" detail="" time="1.015625" memory="12580" score="0"/><testcase status="3" exitcode="1" detail="" time="1.6121349" memory="12580" score="0"/><testcase status="3" exitcode="1" detail="" time="1.7197665" memory="12580" score="0"/><testcase status="3" exitcode="1" detail="" time="1.578125" memory="12576" score="0"/><testcase status="3" exitcode="1" detail="" time="1.59375" memory="12576" score="0"/></problem><problem title="cut" filename="" status="14" hash="0" detail=""><testcase status="14" exitcode="0" detail="" time="0" memory="0" score="0"/><testcase status="14" exitcode="0" detail="" time="0" memory="0" score="0"/><testcase status="14" exitcode="0" detail="" time="0" memory="0" score="0"/><testcase status="14" exitcode="0" detail="" time="0" memory="0" score="0"/><testcase status="14" exitcode="0" detail="" time="0" memory="0" score="0"/><testcase status="14" exitcode="0" detail="" time="0" memory="0" score="0"/><testcase status="14" exitcode="0" detail="" time="0" memory="0" score="0"/><testcase status="14" exitcode="0" detail="" time="0" memory="0" score="0"/><testcase status="14" exitcode="0" detail="" time="0" memory="0" score="0"/><testcase status="14" exitcode="0" detail="" time="0" memory="0" score="0"/></problem><problem title="diff" filename="diff.cpp" status="1" hash="3911424624" detail=""><testcase status="3" exitcode="1" detail="" time="1.015625" memory="908" score="0"/><testcase status="3" exitcode="1" detail="" time="1.03125" memory="840" score="0"/><testcase status="3" exitcode="1" detail="" time="1.239328" memory="840" score="0"/><testcase status="3" exitcode="1" detail="" time="1.0298079" memory="848" score="0"/><testcase status="3" exitcode="1" detail="" time="1.0565327" memory="844" score="0"/><testcase status="3" exitcode="1" detail="" time="1.0929748" memory="844" score="0"/><testcase status="3" exitcode="1" detail="" time="1.1875" memory="848" score="0"/><testcase status="3" exitcode="1" detail="" time="1.033554" memory="844" score="0"/><testcase status="3" exitcode="1" detail="" time="1.0454973" memory="848" score="0"/><testcase status="3" exitcode="1" detail="" time="1.21875" memory="848" score="0"/></problem></result></cena>
