<?xml version="1.0"?>
<cena version="0.8.1"><result judgetime="44116.6997879514"><problem title="&#x5C0F;&#x660E;&#x5206;&#x7CD6;" filename="" status="14" hash="0" detail=""><testcase status="14" exitcode="0" detail="" time="0" memory="0" score="0"/><testcase status="14" exitcode="0" detail="" time="0" memory="0" score="0"/><testcase status="14" exitcode="0" detail="" time="0" memory="0" score="0"/><testcase status="14" exitcode="0" detail="" time="0" memory="0" score="0"/><testcase status="14" exitcode="0" detail="" time="0" memory="0" score="0"/><testcase status="14" exitcode="0" detail="" time="0" memory="0" score="0"/><testcase status="14" exitcode="0" detail="" time="0" memory="0" score="0"/><testcase status="14" exitcode="0" detail="" time="0" memory="0" score="0"/><testcase status="14" exitcode="0" detail="" time="0" memory="0" score="0"/><testcase status="14" exitcode="0" detail="" time="0" memory="0" score="0"/></problem><problem title="&#x6700;&#x5927;&#x5B50;&#x77E9;&#x9635;" filename="matrix.cpp" status="1" hash="214197133" detail=""><testcase status="10" exitcode="0" detail="" time="0" memory="552" score="0"/><testcase status="10" exitcode="0" detail="" time="0" memory="548" score="0"/><testcase status="10" exitcode="0" detail="" time="0" memory="556" score="0"/><testcase status="10" exitcode="0" detail="" time="0.01" memory="556" score="0"/><testcase status="10" exitcode="0" detail="" time="0" memory="556" score="0"/><testcase status="10" exitcode="0" detail="" time="0" memory="556" score="0"/><testcase status="10" exitcode="0" detail="" time="0" memory="552" score="0"/><testcase status="10" exitcode="0" detail="" time="0" memory="556" score="0"/><testcase status="10" exitcode="0" detail="" time="0" memory="552" score="0"/><testcase status="10" exitcode="0" detail="" time="0" memory="556" score="0"/></problem><problem title="&#x5403;&#x6843;&#x5B50;" filename="" status="14" hash="0" detail=""><testcase status="14" exitcode="0" detail="" time="0" memory="0" score="0"/><testcase status="14" exitcode="0" detail="" time="0" memory="0" score="0"/><testcase status="14" exitcode="0" detail="" time="0" memory="0" score="0"/><testcase status="14" exitcode="0" detail="" time="0" memory="0" score="0"/><testcase status="14" exitcode="0" detail="" time="0" memory="0" score="0"/><testcase status="14" exitcode="0" detail="" time="0" memory="0" score="0"/><testcase status="14" exitcode="0" detail="" time="0" memory="0" score="0"/><testcase status="14" exitcode="0" detail="" time="0" memory="0" score="0"/><testcase status="14" exitcode="0" detail="" time="0" memory="0" score="0"/><testcase status="14" exitcode="0" detail="" time="0" memory="0" score="0"/></problem><problem title="&#x5B57;&#x7B26;&#x4E32;&#x8DDD;&#x79BB;" filename="zifu.cpp" status="1" hash="3288306209" detail=""><testcase status="7" exitcode="0" detail="" time="0" memory="4416" score="10"/><testcase status="7" exitcode="0" detail="" time="0" memory="4420" score="10"/><testcase status="7" exitcode="0" detail="" time="0.01" memory="4424" score="10"/><testcase status="7" exitcode="0" detail="" time="0.03" memory="4424" score="10"/><testcase status="7" exitcode="0" detail="" time="0.04" memory="4420" score="10"/><testcase status="7" exitcode="0" detail="" time="0.14" memory="4424" score="10"/><testcase status="7" exitcode="0" detail="" time="0.12" memory="4424" score="10"/><testcase status="7" exitcode="0" detail="" time="0.23" memory="4420" score="10"/><testcase status="7" exitcode="0" detail="" time="0.32" memory="4416" score="10"/><testcase status="7" exitcode="0" detail="" time="0.4" memory="4416" score="10"/></problem></result></cena>
