<?xml version="1.0"?>
<cena version="0.8.2"><result judgetime="44095.7374505324"><problem title="notepad" filename="" status="14" hash="0" detail=""><testcase status="14" exitcode="0" detail="" time="0" memory="0" score="0"/><testcase status="14" exitcode="0" detail="" time="0" memory="0" score="0"/><testcase status="14" exitcode="0" detail="" time="0" memory="0" score="0"/><testcase status="14" exitcode="0" detail="" time="0" memory="0" score="0"/><testcase status="14" exitcode="0" detail="" time="0" memory="0" score="0"/><testcase status="14" exitcode="0" detail="" time="0" memory="0" score="0"/><testcase status="14" exitcode="0" detail="" time="0" memory="0" score="0"/><testcase status="14" exitcode="0" detail="" time="0" memory="0" score="0"/><testcase status="14" exitcode="0" detail="" time="0" memory="0" score="0"/><testcase status="14" exitcode="0" detail="" time="0" memory="0" score="0"/><testcase status="14" exitcode="0" detail="" time="0" memory="0" score="0"/><testcase status="14" exitcode="0" detail="" time="0" memory="0" score="0"/><testcase status="14" exitcode="0" detail="" time="0" memory="0" score="0"/><testcase status="14" exitcode="0" detail="" time="0" memory="0" score="0"/><testcase status="14" exitcode="0" detail="" time="0" memory="0" score="0"/></problem><problem title="window" filename="" status="14" hash="0" detail=""><testcase status="14" exitcode="0" detail="" time="0" memory="0" score="0"/><testcase status="14" exitcode="0" detail="" time="0" memory="0" score="0"/><testcase status="14" exitcode="0" detail="" time="0" memory="0" score="0"/><testcase status="14" exitcode="0" detail="" time="0" memory="0" score="0"/><testcase status="14" exitcode="0" detail="" time="0" memory="0" score="0"/><testcase status="14" exitcode="0" detail="" time="0" memory="0" score="0"/><testcase status="14" exitcode="0" detail="" time="0" memory="0" score="0"/><testcase status="14" exitcode="0" detail="" time="0" memory="0" score="0"/><testcase status="14" exitcode="0" detail="" time="0" memory="0" score="0"/><testcase status="14" exitcode="0" detail="" time="0" memory="0" score="0"/></problem><problem title="apples" filename="" status="14" hash="0" detail=""><testcase status="14" exitcode="0" detail="" time="0" memory="0" score="0"/><testcase status="14" exitcode="0" detail="" time="0" memory="0" score="0"/><testcase status="14" exitcode="0" detail="" time="0" memory="0" score="0"/><testcase status="14" exitcode="0" detail="" time="0" memory="0" score="0"/><testcase status="14" exitcode="0" detail="" time="0" memory="0" score="0"/><testcase status="14" exitcode="0" detail="" time="0" memory="0" score="0"/><testcase status="14" exitcode="0" detail="" time="0" memory="0" score="0"/><testcase status="14" exitcode="0" detail="" time="0" memory="0" score="0"/></problem><problem title="zipper" filename="" status="14" hash="0" detail=""><testcase status="14" exitcode="0" detail="" time="0" memory="0" score="0"/><testcase status="14" exitcode="0" detail="" time="0" memory="0" score="0"/><testcase status="14" exitcode="0" detail="" time="0" memory="0" score="0"/><testcase status="14" exitcode="0" detail="" time="0" memory="0" score="0"/><testcase status="14" exitcode="0" detail="" time="0" memory="0" score="0"/><testcase status="14" exitcode="0" detail="" time="0" memory="0" score="0"/><testcase status="14" exitcode="0" detail="" time="0" memory="0" score="0"/><testcase status="14" exitcode="0" detail="" time="0" memory="0" score="0"/><testcase status="14" exitcode="0" detail="" time="0" memory="0" score="0"/><testcase status="14" exitcode="0" detail="" time="0" memory="0" score="0"/></problem></result></cena>
