<?xml version="1.0"?>
<cena version="0.8.2"><result judgetime="44102.6481534259"><problem title="1&#x3001;&#x6570;&#x5B57;&#x4E09;&#x89D2;&#x5F62;" filename="triangle.cpp" status="1" hash="3862402671" detail=""><testcase status="7" exitcode="0" detail="" time="0" memory="8108" score="10"/><testcase status="7" exitcode="0" detail="" time="0" memory="8112" score="10"/><testcase status="7" exitcode="0" detail="" time="0" memory="8112" score="10"/><testcase status="7" exitcode="0" detail="" time="0" memory="8112" score="10"/><testcase status="7" exitcode="0" detail="" time="0" memory="8108" score="10"/><testcase status="7" exitcode="0" detail="" time="0" memory="8108" score="10"/><testcase status="7" exitcode="0" detail="" time="0" memory="8112" score="10"/><testcase status="7" exitcode="0" detail="" time="0" memory="8108" score="10"/><testcase status="7" exitcode="0" detail="" time="0.01" memory="8108" score="10"/><testcase status="7" exitcode="0" detail="" time="0" memory="8112" score="10"/></problem><problem title="2&#x3001;&#x6700;&#x957F;&#x4E0A;&#x5347;&#x5B50;&#x5E8F;&#x5217;" filename="long.cpp" status="1" hash="1939612326" detail=""><testcase status="7" exitcode="0" detail="" time="0" memory="356" score="10"/><testcase status="7" exitcode="0" detail="" time="0" memory="360" score="10"/><testcase status="7" exitcode="0" detail="" time="0" memory="356" score="10"/><testcase status="7" exitcode="0" detail="" time="0" memory="356" score="10"/><testcase status="7" exitcode="0" detail="" time="0" memory="360" score="10"/><testcase status="7" exitcode="0" detail="" time="0.01" memory="364" score="10"/><testcase status="7" exitcode="0" detail="" time="0" memory="360" score="10"/><testcase status="7" exitcode="0" detail="" time="0" memory="360" score="10"/><testcase status="7" exitcode="0" detail="" time="0.01" memory="356" score="10"/><testcase status="7" exitcode="0" detail="" time="0.01" memory="356" score="10"/></problem><problem title="3&#x3001;&#x6700;&#x957F;&#x516C;&#x5171;&#x5B50;&#x5E8F;&#x5217;" filename="gong.cpp" status="1" hash="3683100363" detail=""><testcase status="7" exitcode="0" detail="" time="0" memory="4208" score="10"/><testcase status="7" exitcode="0" detail="" time="0" memory="4212" score="10"/><testcase status="7" exitcode="0" detail="" time="0" memory="4208" score="10"/><testcase status="7" exitcode="0" detail="" time="0" memory="4212" score="10"/><testcase status="7" exitcode="0" detail="" time="0.01" memory="4208" score="10"/><testcase status="7" exitcode="0" detail="" time="0" memory="4208" score="10"/><testcase status="7" exitcode="0" detail="" time="0" memory="4212" score="10"/><testcase status="7" exitcode="0" detail="" time="0" memory="4212" score="10"/><testcase status="7" exitcode="0" detail="" time="0" memory="4208" score="10"/><testcase status="7" exitcode="0" detail="" time="0" memory="4212" score="10"/></problem><problem title="4&#x3001;&#x6570;&#x7684;&#x8BA1;&#x6570;" filename="count.cpp" status="1" hash="1993976464" detail=""><testcase status="7" exitcode="0" detail="" time="0" memory="444" score="10"/><testcase status="7" exitcode="0" detail="" time="0" memory="448" score="10"/><testcase status="7" exitcode="0" detail="" time="0" memory="448" score="10"/><testcase status="7" exitcode="0" detail="" time="0" memory="444" score="10"/><testcase status="7" exitcode="0" detail="" time="0" memory="448" score="10"/><testcase status="7" exitcode="0" detail="" time="0" memory="452" score="10"/><testcase status="7" exitcode="0" detail="" time="0" memory="444" score="10"/><testcase status="7" exitcode="0" detail="" time="0" memory="452" score="10"/><testcase status="7" exitcode="0" detail="" time="0.01" memory="492" score="10"/><testcase status="7" exitcode="0" detail="" time="0" memory="444" score="10"/></problem></result></cena>
