<?xml version="1.0"?>
<cena version="0.8.1"><result judgetime="44123.6818939468"><problem title="&#x6C42;&#x6700;&#x957F;&#x516C;&#x5171;&#x5B50;&#x5E8F;&#x5217;LCS" filename="public.cpp" status="1" hash="2437026777" detail="PMUOSRBC.cpp:9: warning: converting to `int' from `double'&#13;&#10;PMUOSRBC.cpp:10: warning: converting to `int' from `double'&#13;&#10;"><testcase status="7" exitcode="0" detail="" time="0" memory="4472" score="10"/><testcase status="7" exitcode="0" detail="" time="0" memory="4468" score="10"/><testcase status="7" exitcode="0" detail="" time="0" memory="4472" score="10"/><testcase status="7" exitcode="0" detail="" time="0.01" memory="4472" score="10"/><testcase status="7" exitcode="0" detail="" time="0.01" memory="4472" score="10"/><testcase status="7" exitcode="0" detail="" time="0.01" memory="4468" score="10"/><testcase status="7" exitcode="0" detail="" time="0.01" memory="4468" score="10"/><testcase status="7" exitcode="0" detail="" time="0.01" memory="4472" score="10"/><testcase status="7" exitcode="0" detail="" time="0.01" memory="4464" score="10"/><testcase status="7" exitcode="0" detail="" time="0.01" memory="4468" score="10"/></problem><problem title="&#x6700;&#x957F;&#x4E0A;&#x5347;&#x5B50;&#x5E8F;&#x5217;" filename="longrise.cpp" status="1" hash="3237742642" detail="ASAGYFCK.cpp:9: warning: converting to `int' from `double'&#13;&#10;ASAGYFCK.cpp:10: warning: converting to `int' from `double'&#13;&#10;"><testcase status="7" exitcode="0" detail="" time="0" memory="484" score="10"/><testcase status="7" exitcode="0" detail="" time="0" memory="488" score="10"/><testcase status="7" exitcode="0" detail="" time="0" memory="476" score="10"/><testcase status="7" exitcode="0" detail="" time="0" memory="480" score="10"/><testcase status="7" exitcode="0" detail="" time="0" memory="488" score="10"/><testcase status="7" exitcode="0" detail="" time="0" memory="480" score="10"/><testcase status="7" exitcode="0" detail="" time="0" memory="484" score="10"/><testcase status="7" exitcode="0" detail="" time="0" memory="480" score="10"/><testcase status="7" exitcode="0" detail="" time="0" memory="484" score="10"/><testcase status="7" exitcode="0" detail="" time="0" memory="484" score="10"/></problem><problem title="&#x548C;&#x6700;&#x5927;&#x5B50;&#x5E8F;&#x5217;" filename="mlong.cpp" status="1" hash="2454890465" detail="URJMDXRG.cpp:9: warning: converting to `int' from `double'&#13;&#10;URJMDXRG.cpp:10: warning: converting to `int' from `double'&#13;&#10;"><testcase status="7" exitcode="0" detail="" time="0" memory="864" score="10"/><testcase status="7" exitcode="0" detail="" time="0" memory="864" score="10"/><testcase status="7" exitcode="0" detail="" time="0" memory="864" score="10"/><testcase status="7" exitcode="0" detail="" time="0" memory="864" score="10"/><testcase status="7" exitcode="0" detail="" time="0" memory="864" score="10"/><testcase status="7" exitcode="0" detail="" time="0" memory="868" score="10"/><testcase status="7" exitcode="0" detail="" time="0" memory="868" score="10"/><testcase status="7" exitcode="0" detail="" time="0" memory="864" score="10"/><testcase status="7" exitcode="0" detail="" time="0.01" memory="864" score="10"/><testcase status="7" exitcode="0" detail="" time="0.01" memory="864" score="10"/></problem><problem title="01&#x80CC;&#x5305;" filename="bag.cpp" status="1" hash="1819400888" detail="SXMZIMQZ.cpp:9: warning: converting to `int' from `double'&#13;&#10;SXMZIMQZ.cpp:10: warning: converting to `int' from `double'&#13;&#10;SXMZIMQZ.cpp:11: warning: converting to `int' from `double'&#13;&#10;"><testcase status="7" exitcode="0" detail="" time="0" memory="500" score="10"/><testcase status="7" exitcode="0" detail="" time="0" memory="504" score="10"/><testcase status="7" exitcode="0" detail="" time="0" memory="496" score="10"/><testcase status="7" exitcode="0" detail="" time="0.01" memory="492" score="10"/><testcase status="7" exitcode="0" detail="" time="0.01" memory="492" score="10"/><testcase status="7" exitcode="0" detail="" time="0" memory="500" score="10"/><testcase status="7" exitcode="0" detail="" time="0" memory="496" score="10"/><testcase status="7" exitcode="0" detail="" time="0" memory="496" score="10"/><testcase status="7" exitcode="0" detail="" time="0" memory="496" score="10"/><testcase status="7" exitcode="0" detail="" time="0" memory="496" score="10"/></problem><problem title="&#x6446;&#x52A8;&#x5E8F;&#x5217;" filename="list.cpp" status="1" hash="352754253" detail="DQRHDHUL.cpp:9: warning: converting to `int' from `double'&#13;&#10;"><testcase status="7" exitcode="0" detail="" time="0" memory="480" score="10"/><testcase status="7" exitcode="0" detail="" time="0" memory="476" score="10"/><testcase status="7" exitcode="0" detail="" time="0.01" memory="472" score="10"/><testcase status="7" exitcode="0" detail="" time="0" memory="468" score="10"/><testcase status="7" exitcode="0" detail="" time="0" memory="472" score="10"/><testcase status="7" exitcode="0" detail="" time="0" memory="476" score="10"/><testcase status="7" exitcode="0" detail="" time="0" memory="472" score="10"/><testcase status="7" exitcode="0" detail="" time="0" memory="472" score="10"/><testcase status="7" exitcode="0" detail="" time="0.01" memory="472" score="10"/><testcase status="7" exitcode="0" detail="" time="0" memory="472" score="10"/></problem><problem title="&#x6446;&#x52A8;&#x5E8F;&#x5217;2" filename="listwo.cpp" status="1" hash="3344970004" detail="UADTKMHI.cpp:9: warning: converting to `int' from `double'&#13;&#10;"><testcase status="7" exitcode="0" detail="" time="0" memory="476" score="10"/><testcase status="7" exitcode="0" detail="" time="0" memory="476" score="10"/><testcase status="7" exitcode="0" detail="" time="0" memory="476" score="10"/><testcase status="7" exitcode="0" detail="" time="0" memory="476" score="10"/><testcase status="7" exitcode="0" detail="" time="0" memory="476" score="10"/><testcase status="7" exitcode="0" detail="" time="0" memory="472" score="10"/><testcase status="7" exitcode="0" detail="" time="0" memory="476" score="10"/><testcase status="7" exitcode="0" detail="" time="0" memory="480" score="10"/><testcase status="7" exitcode="0" detail="" time="0" memory="476" score="10"/><testcase status="7" exitcode="0" detail="" time="0" memory="480" score="10"/></problem></result></cena>
