<?xml version="1.0"?>
<cena version="0.8.1"><result judgetime="44123.6873150116"><problem title="&#x6C42;&#x6700;&#x957F;&#x516C;&#x5171;&#x5B50;&#x5E8F;&#x5217;LCS" filename="public.cpp" status="1" hash="2286595849" detail=""><testcase status="7" exitcode="0" detail="" time="0" memory="4772" score="10"/><testcase status="7" exitcode="0" detail="" time="0" memory="4776" score="10"/><testcase status="7" exitcode="0" detail="" time="0" memory="4776" score="10"/><testcase status="7" exitcode="0" detail="" time="0" memory="4772" score="10"/><testcase status="7" exitcode="0" detail="" time="0.01" memory="4776" score="10"/><testcase status="7" exitcode="0" detail="" time="0.01" memory="4768" score="10"/><testcase status="7" exitcode="0" detail="" time="0" memory="4780" score="10"/><testcase status="7" exitcode="0" detail="" time="0" memory="4768" score="10"/><testcase status="7" exitcode="0" detail="" time="0.01" memory="4772" score="10"/><testcase status="7" exitcode="0" detail="" time="0" memory="4772" score="10"/></problem><problem title="&#x6700;&#x957F;&#x4E0A;&#x5347;&#x5B50;&#x5E8F;&#x5217;" filename="longrise.cpp" status="1" hash="3281624539" detail=""><testcase status="7" exitcode="0" detail="" time="0" memory="464" score="10"/><testcase status="8" exitcode="0" detail="&#x5728;&#x7B2C; 1 &#x884C;:&#13;&#10;----&#x9009;&#x624B;&#x8F93;&#x51FA;&#x7684;&#x7B2C; 1 &#x5217;----&#13;&#10;&gt;7&#13;&#10;----&#x6807;&#x51C6;&#x8F93;&#x51FA;&#x7684;&#x7B2C; 1 &#x5217;----&#13;&#10;&gt;8" time="0" memory="468" score="0"/><testcase status="7" exitcode="0" detail="" time="0" memory="468" score="10"/><testcase status="7" exitcode="0" detail="" time="0" memory="472" score="10"/><testcase status="7" exitcode="0" detail="" time="0" memory="468" score="10"/><testcase status="7" exitcode="0" detail="" time="0" memory="464" score="10"/><testcase status="8" exitcode="0" detail="&#x6807;&#x51C6;&#x8F93;&#x51FA;&#x6BD4;&#x9009;&#x624B;&#x8F93;&#x51FA;&#x957F;&#x3002;" time="0" memory="464" score="0"/><testcase status="7" exitcode="0" detail="" time="0" memory="468" score="10"/><testcase status="7" exitcode="0" detail="" time="0" memory="468" score="10"/><testcase status="7" exitcode="0" detail="" time="0" memory="468" score="10"/></problem><problem title="&#x548C;&#x6700;&#x5927;&#x5B50;&#x5E8F;&#x5217;" filename="mlong.cpp" status="1" hash="585771239" detail="JVHBWXWM.cpp: In function `int main()':&#13;&#10;JVHBWXWM.cpp:10: warning: converting to `int' from `double'&#13;&#10;"><testcase status="7" exitcode="0" detail="" time="0.01" memory="848" score="10"/><testcase status="7" exitcode="0" detail="" time="0" memory="852" score="10"/><testcase status="7" exitcode="0" detail="" time="0" memory="848" score="10"/><testcase status="7" exitcode="0" detail="" time="0" memory="848" score="10"/><testcase status="7" exitcode="0" detail="" time="0" memory="844" score="10"/><testcase status="7" exitcode="0" detail="" time="0" memory="848" score="10"/><testcase status="7" exitcode="0" detail="" time="0" memory="844" score="10"/><testcase status="7" exitcode="0" detail="" time="0" memory="848" score="10"/><testcase status="7" exitcode="0" detail="" time="0" memory="844" score="10"/><testcase status="7" exitcode="0" detail="" time="0.01" memory="844" score="10"/></problem><problem title="01&#x80CC;&#x5305;" filename="bag.cpp" status="1" hash="1415279970" detail=""><testcase status="7" exitcode="0" detail="" time="0" memory="484" score="10"/><testcase status="7" exitcode="0" detail="" time="0" memory="476" score="10"/><testcase status="7" exitcode="0" detail="" time="0" memory="476" score="10"/><testcase status="7" exitcode="0" detail="" time="0" memory="476" score="10"/><testcase status="7" exitcode="0" detail="" time="0.01" memory="472" score="10"/><testcase status="7" exitcode="0" detail="" time="0" memory="480" score="10"/><testcase status="7" exitcode="0" detail="" time="0" memory="472" score="10"/><testcase status="7" exitcode="0" detail="" time="0.01" memory="480" score="10"/><testcase status="7" exitcode="0" detail="" time="0" memory="484" score="10"/><testcase status="7" exitcode="0" detail="" time="0.01" memory="476" score="10"/></problem><problem title="&#x6446;&#x52A8;&#x5E8F;&#x5217;" filename="list.cpp" status="1" hash="1872520293" detail=""><testcase status="7" exitcode="0" detail="" time="0" memory="460" score="10"/><testcase status="7" exitcode="0" detail="" time="0" memory="456" score="10"/><testcase status="7" exitcode="0" detail="" time="0.01" memory="456" score="10"/><testcase status="7" exitcode="0" detail="" time="0" memory="460" score="10"/><testcase status="7" exitcode="0" detail="" time="0" memory="452" score="10"/><testcase status="7" exitcode="0" detail="" time="0" memory="456" score="10"/><testcase status="8" exitcode="0" detail="&#x5728;&#x7B2C; 1 &#x884C;:&#13;&#10;----&#x9009;&#x624B;&#x8F93;&#x51FA;&#x7684;&#x7B2C; 1 &#x5217;----&#13;&#10;&gt;0&#13;&#10;----&#x6807;&#x51C6;&#x8F93;&#x51FA;&#x7684;&#x7B2C; 1 &#x5217;----&#13;&#10;&gt;262108" time="0" memory="456" score="0"/><testcase status="8" exitcode="0" detail="&#x5728;&#x7B2C; 1 &#x884C;:&#13;&#10;----&#x9009;&#x624B;&#x8F93;&#x51FA;&#x7684;&#x7B2C; 1 &#x5217;----&#13;&#10;&gt;0&#13;&#10;----&#x6807;&#x51C6;&#x8F93;&#x51FA;&#x7684;&#x7B2C; 1 &#x5217;----&#13;&#10;&gt;524250" time="0" memory="456" score="0"/><testcase status="8" exitcode="0" detail="&#x5728;&#x7B2C; 1 &#x884C;:&#13;&#10;----&#x9009;&#x624B;&#x8F93;&#x51FA;&#x7684;&#x7B2C; 1 &#x5217;----&#13;&#10;&gt;0&#13;&#10;----&#x6807;&#x51C6;&#x8F93;&#x51FA;&#x7684;&#x7B2C; 1 &#x5217;----&#13;&#10;&gt;104853..." time="0" memory="456" score="0"/><testcase status="8" exitcode="0" detail="&#x5728;&#x7B2C; 1 &#x884C;:&#13;&#10;----&#x9009;&#x624B;&#x8F93;&#x51FA;&#x7684;&#x7B2C; 1 &#x5217;----&#13;&#10;&gt;0&#13;&#10;----&#x6807;&#x51C6;&#x8F93;&#x51FA;&#x7684;&#x7B2C; 1 &#x5217;----&#13;&#10;&gt;209711..." time="0" memory="452" score="0"/></problem><problem title="&#x6446;&#x52A8;&#x5E8F;&#x5217;2" filename="" status="14" hash="0" detail=""><testcase status="14" exitcode="0" detail="" time="0" memory="0" score="0"/><testcase status="14" exitcode="0" detail="" time="0" memory="0" score="0"/><testcase status="14" exitcode="0" detail="" time="0" memory="0" score="0"/><testcase status="14" exitcode="0" detail="" time="0" memory="0" score="0"/><testcase status="14" exitcode="0" detail="" time="0" memory="0" score="0"/><testcase status="14" exitcode="0" detail="" time="0" memory="0" score="0"/><testcase status="14" exitcode="0" detail="" time="0" memory="0" score="0"/><testcase status="14" exitcode="0" detail="" time="0" memory="0" score="0"/><testcase status="14" exitcode="0" detail="" time="0" memory="0" score="0"/><testcase status="14" exitcode="0" detail="" time="0" memory="0" score="0"/></problem></result></cena>
