<?xml version="1.0"?>
<cena version="0.8.2"><result judgetime="44088.7225934375"><problem title="correlate" filename="correlate.cpp" status="1" hash="1444173758" detail=""><testcase status="7" exitcode="0" detail="" time="0.01" memory="452" score="10"/><testcase status="7" exitcode="0" detail="" time="0" memory="452" score="10"/><testcase status="7" exitcode="0" detail="" time="0" memory="452" score="10"/><testcase status="7" exitcode="0" detail="" time="0" memory="452" score="10"/><testcase status="7" exitcode="0" detail="" time="0" memory="452" score="10"/><testcase status="7" exitcode="0" detail="" time="0" memory="452" score="10"/><testcase status="7" exitcode="0" detail="" time="0" memory="452" score="10"/><testcase status="7" exitcode="0" detail="" time="0" memory="456" score="10"/><testcase status="7" exitcode="0" detail="" time="0" memory="452" score="10"/><testcase status="7" exitcode="0" detail="" time="0" memory="452" score="10"/></problem><problem title="happy" filename="happy.cpp" status="1" hash="2613419422" detail=""><testcase status="7" exitcode="0" detail="" time="0" memory="448" score="10"/><testcase status="7" exitcode="0" detail="" time="0" memory="448" score="10"/><testcase status="7" exitcode="0" detail="" time="0" memory="448" score="10"/><testcase status="7" exitcode="0" detail="" time="0" memory="448" score="10"/><testcase status="7" exitcode="0" detail="" time="0" memory="448" score="10"/><testcase status="7" exitcode="0" detail="" time="0" memory="448" score="10"/><testcase status="7" exitcode="0" detail="" time="0" memory="448" score="10"/><testcase status="7" exitcode="0" detail="" time="0" memory="448" score="10"/><testcase status="7" exitcode="0" detail="" time="0" memory="452" score="10"/><testcase status="7" exitcode="0" detail="" time="0" memory="448" score="10"/></problem><problem title="gene" filename="" status="14" hash="0" detail=""><testcase status="14" exitcode="0" detail="" time="0" memory="0" score="0"/><testcase status="14" exitcode="0" detail="" time="0" memory="0" score="0"/><testcase status="14" exitcode="0" detail="" time="0" memory="0" score="0"/><testcase status="14" exitcode="0" detail="" time="0" memory="0" score="0"/><testcase status="14" exitcode="0" detail="" time="0" memory="0" score="0"/><testcase status="14" exitcode="0" detail="" time="0" memory="0" score="0"/><testcase status="14" exitcode="0" detail="" time="0" memory="0" score="0"/><testcase status="14" exitcode="0" detail="" time="0" memory="0" score="0"/><testcase status="14" exitcode="0" detail="" time="0" memory="0" score="0"/><testcase status="14" exitcode="0" detail="" time="0" memory="0" score="0"/></problem><problem title="shopping" filename="shopping.cpp" status="1" hash="1117164566" detail=""><testcase status="8" exitcode="0" detail="&#x5728;&#x7B2C; 1 &#x884C;:&#13;&#10;----&#x9009;&#x624B;&#x8F93;&#x51FA;&#x7684;&#x7B2C; 1 &#x5217;----&#13;&#10;&gt;0&#13;&#10;----&#x6807;&#x51C6;&#x8F93;&#x51FA;&#x7684;&#x7B2C; 1 &#x5217;----&#13;&#10;&gt;5050" time="0" memory="1444" score="0"/><testcase status="3" exitcode="1" detail="" time="1.0140065" memory="1444" score="0"/><testcase status="3" exitcode="1" detail="" time="1.0140065" memory="1444" score="0"/><testcase status="3" exitcode="1" detail="" time="1.0140065" memory="1440" score="0"/><testcase status="3" exitcode="1" detail="" time="1.0140065" memory="1480" score="0"/><testcase status="3" exitcode="1" detail="" time="1.0140065" memory="1480" score="0"/><testcase status="3" exitcode="1" detail="" time="1.0140065" memory="1480" score="0"/></problem></result></cena>
