<?xml version="1.0"?>
<cena version="0.8.2"><result judgetime="44098.6570509606"><problem title="maths" filename="maths.cpp" status="1" hash="1826004869" detail=""><testcase status="7" exitcode="0" detail="" time="0" memory="540" score="10"/><testcase status="7" exitcode="0" detail="" time="0" memory="540" score="10"/><testcase status="7" exitcode="0" detail="" time="0" memory="540" score="10"/><testcase status="7" exitcode="0" detail="" time="0.06" memory="540" score="10"/><testcase status="7" exitcode="0" detail="" time="0.06" memory="540" score="10"/><testcase status="7" exitcode="0" detail="" time="0.04" memory="540" score="10"/><testcase status="7" exitcode="0" detail="" time="0.04" memory="544" score="10"/><testcase status="7" exitcode="0" detail="" time="0.04" memory="540" score="10"/><testcase status="7" exitcode="0" detail="" time="0.06" memory="540" score="10"/><testcase status="7" exitcode="0" detail="" time="0.04" memory="540" score="10"/></problem><problem title="close" filename="close.cpp" status="1" hash="3778289338" detail=""><testcase status="7" exitcode="0" detail="" time="0" memory="448" score="10"/><testcase status="7" exitcode="0" detail="" time="0" memory="448" score="10"/><testcase status="7" exitcode="0" detail="" time="0" memory="448" score="10"/><testcase status="7" exitcode="0" detail="" time="0" memory="448" score="10"/><testcase status="7" exitcode="0" detail="" time="0" memory="448" score="10"/><testcase status="7" exitcode="0" detail="" time="0" memory="448" score="10"/><testcase status="7" exitcode="0" detail="" time="0" memory="448" score="10"/><testcase status="7" exitcode="0" detail="" time="0" memory="448" score="10"/><testcase status="7" exitcode="0" detail="" time="0" memory="448" score="10"/><testcase status="7" exitcode="0" detail="" time="0" memory="448" score="10"/></problem><problem title="dna" filename="" status="14" hash="0" detail=""><testcase status="14" exitcode="0" detail="" time="0" memory="0" score="0"/><testcase status="14" exitcode="0" detail="" time="0" memory="0" score="0"/><testcase status="14" exitcode="0" detail="" time="0" memory="0" score="0"/><testcase status="14" exitcode="0" detail="" time="0" memory="0" score="0"/><testcase status="14" exitcode="0" detail="" time="0" memory="0" score="0"/><testcase status="14" exitcode="0" detail="" time="0" memory="0" score="0"/><testcase status="14" exitcode="0" detail="" time="0" memory="0" score="0"/><testcase status="14" exitcode="0" detail="" time="0" memory="0" score="0"/><testcase status="14" exitcode="0" detail="" time="0" memory="0" score="0"/><testcase status="14" exitcode="0" detail="" time="0" memory="0" score="0"/></problem><problem title="game" filename="game.cpp" status="1" hash="400869096" detail=""><testcase status="3" exitcode="1" detail="" time="1.0140065" memory="3760" score="0"/><testcase status="3" exitcode="1" detail="" time="1.0140065" memory="3336" score="0"/><testcase status="3" exitcode="1" detail="" time="1.0140065" memory="3552" score="0"/><testcase status="4" exitcode="1" detail="" time="0.95" memory="164800" score="0"/><testcase status="4" exitcode="1" detail="" time="0.74" memory="133764" score="0"/><testcase status="4" exitcode="1" detail="" time="0.96" memory="153420" score="0"/><testcase status="4" exitcode="1" detail="" time="0.78" memory="140488" score="0"/><testcase status="4" exitcode="1" detail="" time="0.71" memory="136352" score="0"/><testcase status="4" exitcode="1" detail="" time="0.93" memory="165320" score="0"/><testcase status="4" exitcode="1" detail="" time="0.96" memory="166868" score="0"/></problem></result></cena>
