<?xml version="1.0"?>
<cena version="0.8.2"><result judgetime="44098.6568118981"><problem title="maths" filename="maths.cpp" status="1" hash="489382275" detail=""><testcase status="7" exitcode="0" detail="" time="0" memory="444" score="10"/><testcase status="7" exitcode="0" detail="" time="0" memory="448" score="10"/><testcase status="7" exitcode="0" detail="" time="0" memory="444" score="10"/><testcase status="7" exitcode="0" detail="" time="0" memory="708" score="10"/><testcase status="7" exitcode="0" detail="" time="0" memory="708" score="10"/><testcase status="7" exitcode="0" detail="" time="0.01" memory="708" score="10"/><testcase status="7" exitcode="0" detail="" time="0" memory="712" score="10"/><testcase status="7" exitcode="0" detail="" time="0" memory="712" score="10"/><testcase status="7" exitcode="0" detail="" time="0.01" memory="712" score="10"/><testcase status="7" exitcode="0" detail="" time="0" memory="708" score="10"/></problem><problem title="close" filename="close.cpp" status="1" hash="642708203" detail=""><testcase status="7" exitcode="0" detail="" time="0" memory="444" score="10"/><testcase status="7" exitcode="0" detail="" time="0" memory="444" score="10"/><testcase status="7" exitcode="0" detail="" time="0.01" memory="444" score="10"/><testcase status="7" exitcode="0" detail="" time="0" memory="444" score="10"/><testcase status="7" exitcode="0" detail="" time="0" memory="444" score="10"/><testcase status="7" exitcode="0" detail="" time="0" memory="444" score="10"/><testcase status="7" exitcode="0" detail="" time="0" memory="444" score="10"/><testcase status="7" exitcode="0" detail="" time="0" memory="444" score="10"/><testcase status="7" exitcode="0" detail="" time="0" memory="444" score="10"/><testcase status="7" exitcode="0" detail="" time="0" memory="444" score="10"/></problem><problem title="dna" filename="dna.cpp" status="1" hash="2738617616" detail=""><testcase status="6" exitcode="3221225725" detail="" time="0.01" memory="6428" score="0"/><testcase status="6" exitcode="3221225725" detail="" time="0" memory="6432" score="0"/><testcase status="3" exitcode="1" detail="" time="1.0140065" memory="5956" score="0"/><testcase status="6" exitcode="3221225725" detail="" time="0" memory="6428" score="0"/><testcase status="6" exitcode="3221225725" detail="" time="0" memory="6424" score="0"/><testcase status="6" exitcode="3221225725" detail="" time="0" memory="6428" score="0"/><testcase status="6" exitcode="3221225725" detail="" time="0" memory="6428" score="0"/><testcase status="6" exitcode="3221225725" detail="" time="0" memory="6428" score="0"/><testcase status="6" exitcode="3221225725" detail="" time="0" memory="6432" score="0"/><testcase status="6" exitcode="3221225725" detail="" time="0" memory="6428" score="0"/></problem><problem title="game" filename="game.cpp" status="16" hash="1734661513" detail="YKNRHZCD.cpp:9:1: error: expected unqualified-id before '{' token&#10; {&#10; ^&#10;"><testcase status="16" exitcode="1" detail="" time="0" memory="0" score="0"/><testcase status="16" exitcode="1" detail="" time="0" memory="0" score="0"/><testcase status="16" exitcode="1" detail="" time="0" memory="0" score="0"/><testcase status="16" exitcode="1" detail="" time="0" memory="0" score="0"/><testcase status="16" exitcode="1" detail="" time="0" memory="0" score="0"/><testcase status="16" exitcode="1" detail="" time="0" memory="0" score="0"/><testcase status="16" exitcode="1" detail="" time="0" memory="0" score="0"/><testcase status="16" exitcode="1" detail="" time="0" memory="0" score="0"/><testcase status="16" exitcode="1" detail="" time="0" memory="0" score="0"/><testcase status="16" exitcode="1" detail="" time="0" memory="0" score="0"/></problem></result></cena>
