<?xml version="1.0"?>
<cena version="0.8.2"><result judgetime="44098.6598873264"><problem title="maths" filename="maths.cpp" status="1" hash="2216390647" detail=""><testcase status="8" exitcode="0" detail="&#x5728;&#x7B2C; 1 &#x884C;:&#13;&#10;----&#x9009;&#x624B;&#x8F93;&#x51FA;&#x7684;&#x7B2C; 1 &#x5217;----&#13;&#10;&gt;4&#13;&#10;----&#x6807;&#x51C6;&#x8F93;&#x51FA;&#x7684;&#x7B2C; 1 &#x5217;----&#13;&#10;&gt;0" time="0" memory="444" score="0"/><testcase status="8" exitcode="0" detail="&#x5728;&#x7B2C; 5 &#x884C;:&#13;&#10;----&#x9009;&#x624B;&#x8F93;&#x51FA;&#x7684;&#x7B2C; 1 &#x5217;----&#13;&#10;&gt;4&#13;&#10;----&#x6807;&#x51C6;&#x8F93;&#x51FA;&#x7684;&#x7B2C; 1 &#x5217;----&#13;&#10;&gt;0" time="0" memory="444" score="0"/><testcase status="8" exitcode="0" detail="&#x5728;&#x7B2C; 4 &#x884C;:&#13;&#10;----&#x9009;&#x624B;&#x8F93;&#x51FA;&#x7684;&#x7B2C; 1 &#x5217;----&#13;&#10;&gt;4&#13;&#10;----&#x6807;&#x51C6;&#x8F93;&#x51FA;&#x7684;&#x7B2C; 1 &#x5217;----&#13;&#10;&gt;0" time="0" memory="444" score="0"/><testcase status="7" exitcode="0" detail="" time="0" memory="708" score="10"/><testcase status="8" exitcode="0" detail="&#x5728;&#x7B2C; 3 &#x884C;:&#13;&#10;----&#x9009;&#x624B;&#x8F93;&#x51FA;&#x7684;&#x7B2C; 1 &#x5217;----&#13;&#10;&gt;4&#13;&#10;----&#x6807;&#x51C6;&#x8F93;&#x51FA;&#x7684;&#x7B2C; 1 &#x5217;----&#13;&#10;&gt;0" time="0" memory="708" score="0"/><testcase status="7" exitcode="0" detail="" time="0" memory="708" score="10"/><testcase status="8" exitcode="0" detail="&#x5728;&#x7B2C; 4 &#x884C;:&#13;&#10;----&#x9009;&#x624B;&#x8F93;&#x51FA;&#x7684;&#x7B2C; 1 &#x5217;----&#13;&#10;&gt;4&#13;&#10;----&#x6807;&#x51C6;&#x8F93;&#x51FA;&#x7684;&#x7B2C; 1 &#x5217;----&#13;&#10;&gt;0" time="0" memory="712" score="0"/><testcase status="8" exitcode="0" detail="&#x5728;&#x7B2C; 1 &#x884C;:&#13;&#10;----&#x9009;&#x624B;&#x8F93;&#x51FA;&#x7684;&#x7B2C; 1 &#x5217;----&#13;&#10;&gt;0&#13;&#10;----&#x6807;&#x51C6;&#x8F93;&#x51FA;&#x7684;&#x7B2C; 1 &#x5217;----&#13;&#10;&gt;4" time="0" memory="708" score="0"/><testcase status="8" exitcode="0" detail="&#x5728;&#x7B2C; 4 &#x884C;:&#13;&#10;----&#x9009;&#x624B;&#x8F93;&#x51FA;&#x7684;&#x7B2C; 1 &#x5217;----&#13;&#10;&gt;4&#13;&#10;----&#x6807;&#x51C6;&#x8F93;&#x51FA;&#x7684;&#x7B2C; 1 &#x5217;----&#13;&#10;&gt;0" time="0" memory="708" score="0"/><testcase status="7" exitcode="0" detail="" time="0" memory="708" score="10"/></problem><problem title="close" filename="" status="14" hash="0" detail=""><testcase status="14" exitcode="0" detail="" time="0" memory="0" score="0"/><testcase status="14" exitcode="0" detail="" time="0" memory="0" score="0"/><testcase status="14" exitcode="0" detail="" time="0" memory="0" score="0"/><testcase status="14" exitcode="0" detail="" time="0" memory="0" score="0"/><testcase status="14" exitcode="0" detail="" time="0" memory="0" score="0"/><testcase status="14" exitcode="0" detail="" time="0" memory="0" score="0"/><testcase status="14" exitcode="0" detail="" time="0" memory="0" score="0"/><testcase status="14" exitcode="0" detail="" time="0" memory="0" score="0"/><testcase status="14" exitcode="0" detail="" time="0" memory="0" score="0"/><testcase status="14" exitcode="0" detail="" time="0" memory="0" score="0"/></problem><problem title="dna" filename="dna.cpp" status="1" hash="524663543" detail=""><testcase status="4" exitcode="1" detail="" time="0" memory="783012" score="0"/><testcase status="4" exitcode="0" detail="" time="0" memory="783220" score="0"/><testcase status="4" exitcode="0" detail="" time="0" memory="783216" score="0"/><testcase status="4" exitcode="1" detail="" time="0.1" memory="783216" score="0"/><testcase status="4" exitcode="1" detail="" time="0.12" memory="783216" score="0"/><testcase status="4" exitcode="1" detail="" time="0.14" memory="783220" score="0"/><testcase status="4" exitcode="1" detail="" time="0.1" memory="783216" score="0"/><testcase status="4" exitcode="1" detail="" time="0.1" memory="783216" score="0"/><testcase status="4" exitcode="1" detail="" time="0" memory="783092" score="0"/><testcase status="4" exitcode="1" detail="" time="0.14" memory="783220" score="0"/></problem><problem title="game" filename="game.cpp" status="1" hash="2866953300" detail=""><testcase status="8" exitcode="0" detail="&#x5728;&#x7B2C; 3 &#x884C;:&#13;&#10;----&#x9009;&#x624B;&#x8F93;&#x51FA;&#x7684;&#x7B2C; 4 &#x5217;----&#13;&#10;&gt;...064&#13;&#10;----&#x6807;&#x51C6;&#x8F93;&#x51FA;&#x7684;&#x7B2C; 4 &#x5217;----&#13;&#10;&gt;...930" time="0.03" memory="460" score="0"/><testcase status="8" exitcode="0" detail="&#x5728;&#x7B2C; 2 &#x884C;:&#13;&#10;----&#x9009;&#x624B;&#x8F93;&#x51FA;&#x7684;&#x7B2C; 3 &#x5217;----&#13;&#10;&gt;...5589&#13;&#10;----&#x6807;&#x51C6;&#x8F93;&#x51FA;&#x7684;&#x7B2C; 3 &#x5217;----&#13;&#10;&gt;...6565" time="0.03" memory="460" score="0"/><testcase status="7" exitcode="0" detail="" time="0.03" memory="460" score="10"/><testcase status="3" exitcode="1" detail="" time="1.0140065" memory="2048" score="0"/><testcase status="3" exitcode="1" detail="" time="1.0140065" memory="2008" score="0"/><testcase status="3" exitcode="1" detail="" time="1.2012077" memory="2120" score="0"/><testcase status="3" exitcode="1" detail="" time="1.1856076" memory="1968" score="0"/><testcase status="3" exitcode="1" detail="" time="1.1856076" memory="1980" score="0"/><testcase status="3" exitcode="1" detail="" time="1.2012077" memory="2056" score="0"/><testcase status="3" exitcode="1" detail="" time="1.2012077" memory="2048" score="0"/></problem></result></cena>
