<?xml version="1.0"?>
<cena version="0.8.2"><result judgetime="44088.6489068056"><problem title="&#x5B57;&#x7B26;&#x6392;&#x5E8F;" filename="sstr.cpp" status="1" hash="2415081350" detail=""><testcase status="7" exitcode="0" detail="" time="0" memory="448" score="10"/><testcase status="7" exitcode="0" detail="" time="0" memory="448" score="10"/><testcase status="7" exitcode="0" detail="" time="0" memory="448" score="10"/><testcase status="7" exitcode="0" detail="" time="0" memory="448" score="10"/><testcase status="7" exitcode="0" detail="" time="0" memory="448" score="10"/><testcase status="7" exitcode="0" detail="" time="0" memory="448" score="10"/><testcase status="7" exitcode="0" detail="" time="0" memory="448" score="10"/><testcase status="7" exitcode="0" detail="" time="0" memory="448" score="10"/><testcase status="7" exitcode="0" detail="" time="0" memory="452" score="10"/><testcase status="7" exitcode="0" detail="" time="0" memory="448" score="10"/></problem><problem title="&#x7279;&#x6B8A;&#x6392;&#x5E8F;" filename="ssort.cpp" status="1" hash="3534613682" detail=""><testcase status="7" exitcode="0" detail="" time="0" memory="452" score="10"/><testcase status="7" exitcode="0" detail="" time="0" memory="452" score="10"/><testcase status="7" exitcode="0" detail="" time="0" memory="456" score="10"/><testcase status="7" exitcode="0" detail="" time="0.01" memory="452" score="10"/><testcase status="7" exitcode="0" detail="" time="0" memory="452" score="10"/><testcase status="7" exitcode="0" detail="" time="0" memory="452" score="10"/><testcase status="7" exitcode="0" detail="" time="0" memory="452" score="10"/><testcase status="7" exitcode="0" detail="" time="0" memory="456" score="10"/><testcase status="7" exitcode="0" detail="" time="0" memory="452" score="10"/><testcase status="7" exitcode="0" detail="" time="0" memory="452" score="10"/></problem><problem title="EXCEL&#x6392;&#x5E8F;" filename="excel.cpp" status="1" hash="899538257" detail=""><testcase status="7" exitcode="0" detail="" time="0.01" memory="5544" score="10"/><testcase status="8" exitcode="0" detail="&#x5728;&#x7B2C; 1 &#x884C;:&#13;&#10;----&#x9009;&#x624B;&#x8F93;&#x51FA;&#x7684;&#x7B2C; 6 &#x5217;----&#13;&#10;&gt;... 2:&#13;&#10;----&#x6807;&#x51C6;&#x8F93;&#x51FA;&#x7684;&#x7B2C; 6 &#x5217;----&#13;&#10;&gt;... 1:" time="0" memory="5544" score="0"/><testcase status="8" exitcode="0" detail="&#x5728;&#x7B2C; 1 &#x884C;:&#13;&#10;----&#x9009;&#x624B;&#x8F93;&#x51FA;&#x7684;&#x7B2C; 6 &#x5217;----&#13;&#10;&gt;... 2:&#13;&#10;----&#x6807;&#x51C6;&#x8F93;&#x51FA;&#x7684;&#x7B2C; 6 &#x5217;----&#13;&#10;&gt;... 1:" time="0.01" memory="5544" score="0"/><testcase status="8" exitcode="0" detail="&#x5728;&#x7B2C; 1 &#x884C;:&#13;&#10;----&#x9009;&#x624B;&#x8F93;&#x51FA;&#x7684;&#x7B2C; 6 &#x5217;----&#13;&#10;&gt;... 3:&#13;&#10;----&#x6807;&#x51C6;&#x8F93;&#x51FA;&#x7684;&#x7B2C; 6 &#x5217;----&#13;&#10;&gt;... 1:" time="0.01" memory="5544" score="0"/><testcase status="3" exitcode="1" detail="" time="1.1856076" memory="5540" score="0"/><testcase status="8" exitcode="0" detail="&#x5728;&#x7B2C; 16 &#x884C;:&#13;&#10;----&#x9009;&#x624B;&#x8F93;&#x51FA;&#x7684;&#x7B2C; 6 &#x5217;----&#13;&#10;&gt;... 2:&#13;&#10;----&#x6807;&#x51C6;&#x8F93;&#x51FA;&#x7684;&#x7B2C; 6 &#x5217;----&#13;&#10;&gt;... 4:" time="0" memory="5540" score="0"/><testcase status="8" exitcode="0" detail="&#x5728;&#x7B2C; 22 &#x884C;:&#13;&#10;----&#x9009;&#x624B;&#x8F93;&#x51FA;&#x7684;&#x7B2C; 6 &#x5217;----&#13;&#10;&gt;... 3:&#13;&#10;----&#x6807;&#x51C6;&#x8F93;&#x51FA;&#x7684;&#x7B2C; 6 &#x5217;----&#13;&#10;&gt;... 2:" time="0.12" memory="5544" score="0"/><testcase status="8" exitcode="0" detail="&#x5728;&#x7B2C; 16 &#x884C;:&#13;&#10;----&#x9009;&#x624B;&#x8F93;&#x51FA;&#x7684;&#x7B2C; 6 &#x5217;----&#13;&#10;&gt;... 2:&#13;&#10;----&#x6807;&#x51C6;&#x8F93;&#x51FA;&#x7684;&#x7B2C; 6 &#x5217;----&#13;&#10;&gt;... 4:" time="0" memory="5540" score="0"/><testcase status="8" exitcode="0" detail="&#x5728;&#x7B2C; 16 &#x884C;:&#13;&#10;----&#x9009;&#x624B;&#x8F93;&#x51FA;&#x7684;&#x7B2C; 6 &#x5217;----&#13;&#10;&gt;... 2:&#13;&#10;----&#x6807;&#x51C6;&#x8F93;&#x51FA;&#x7684;&#x7B2C; 6 &#x5217;----&#13;&#10;&gt;... 4:" time="0.01" memory="5544" score="0"/><testcase status="3" exitcode="1" detail="" time="1.2012077" memory="5540" score="0"/></problem><problem title="&#x6251;&#x514B;&#x6392;&#x5E8F;" filename="card.cpp" status="1" hash="3946590304" detail=""><testcase status="7" exitcode="0" detail="" time="0" memory="448" score="10"/><testcase status="7" exitcode="0" detail="" time="0" memory="448" score="10"/><testcase status="7" exitcode="0" detail="" time="0" memory="448" score="10"/><testcase status="7" exitcode="0" detail="" time="0" memory="448" score="10"/><testcase status="7" exitcode="0" detail="" time="0" memory="448" score="10"/><testcase status="7" exitcode="0" detail="" time="0" memory="448" score="10"/><testcase status="8" exitcode="0" detail="&#x5728;&#x7B2C; 1 &#x884C;:&#13;&#10;----&#x9009;&#x624B;&#x8F93;&#x51FA;&#x7684;&#x7B2C; 3 &#x5217;----&#13;&#10;&gt;...c 10d ...&#13;&#10;----&#x6807;&#x51C6;&#x8F93;&#x51FA;&#x7684;&#x7B2C; 3 &#x5217;----&#13;&#10;&gt;...d 10d ..." time="0" memory="448" score="0"/><testcase status="7" exitcode="0" detail="" time="0" memory="448" score="10"/><testcase status="7" exitcode="0" detail="" time="0" memory="452" score="10"/><testcase status="7" exitcode="0" detail="" time="0" memory="448" score="10"/></problem></result></cena>
