<?xml version="1.0"?>
<cena version="0.8.2"><result judgetime="44095.7374465625"><problem title="notepad" filename="notepad.cpp" status="1" hash="3985866880" detail=""><testcase status="8" exitcode="0" detail="&#x5728;&#x7B2C; 1 &#x884C;:&#13;&#10;----&#x9009;&#x624B;&#x8F93;&#x51FA;&#x7684;&#x7B2C; 1 &#x5217;----&#13;&#10;&gt;5-9730...&#13;&#10;----&#x6807;&#x51C6;&#x8F93;&#x51FA;&#x7684;&#x7B2C; 1 &#x5217;----&#13;&#10;&gt;005-97..." time="0.01" memory="8224" score="0"/><testcase status="3" exitcode="1" detail="" time="1.0140065" memory="12616" score="0"/><testcase status="7" exitcode="0" detail="" time="0.31" memory="8184" score="5"/><testcase status="7" exitcode="0" detail="" time="0.65" memory="12880" score="5"/><testcase status="7" exitcode="0" detail="" time="0" memory="8184" score="5"/><testcase status="7" exitcode="0" detail="" time="0" memory="8180" score="5"/><testcase status="7" exitcode="0" detail="" time="0" memory="8180" score="5"/><testcase status="8" exitcode="0" detail="&#x5728;&#x7B2C; 1 &#x884C;:&#13;&#10;----&#x9009;&#x624B;&#x8F93;&#x51FA;&#x7684;&#x7B2C; 2 &#x5217;----&#13;&#10;&gt;...-0 11&#13;&#10;----&#x6807;&#x51C6;&#x8F93;&#x51FA;&#x7684;&#x7B2C; 2 &#x5217;----&#13;&#10;&gt;...00-000..." time="0.71" memory="8980" score="0"/><testcase status="8" exitcode="0" detail="&#x5728;&#x7B2C; 1 &#x884C;:&#13;&#10;----&#x9009;&#x624B;&#x8F93;&#x51FA;&#x7684;&#x7B2C; 2 &#x5217;----&#13;&#10;&gt;...-0 7&#13;&#10;----&#x6807;&#x51C6;&#x8F93;&#x51FA;&#x7684;&#x7B2C; 2 &#x5217;----&#13;&#10;&gt;...00-000..." time="0.65" memory="8980" score="0"/><testcase status="8" exitcode="0" detail="&#x5728;&#x7B2C; 1 &#x884C;:&#13;&#10;----&#x9009;&#x624B;&#x8F93;&#x51FA;&#x7684;&#x7B2C; 2 &#x5217;----&#13;&#10;&gt;...-0 7&#13;&#10;----&#x6807;&#x51C6;&#x8F93;&#x51FA;&#x7684;&#x7B2C; 2 &#x5217;----&#13;&#10;&gt;...00-000..." time="0.63" memory="8980" score="0"/><testcase status="8" exitcode="0" detail="&#x5728;&#x7B2C; 1 &#x884C;:&#13;&#10;----&#x9009;&#x624B;&#x8F93;&#x51FA;&#x7684;&#x7B2C; 2 &#x5217;----&#13;&#10;&gt;...-0 11&#13;&#10;----&#x6807;&#x51C6;&#x8F93;&#x51FA;&#x7684;&#x7B2C; 2 &#x5217;----&#13;&#10;&gt;...00-000..." time="0.73" memory="8980" score="0"/><testcase status="8" exitcode="0" detail="&#x5728;&#x7B2C; 1 &#x884C;:&#13;&#10;----&#x9009;&#x624B;&#x8F93;&#x51FA;&#x7684;&#x7B2C; 2 &#x5217;----&#13;&#10;&gt;...-0 11&#13;&#10;----&#x6807;&#x51C6;&#x8F93;&#x51FA;&#x7684;&#x7B2C; 2 &#x5217;----&#13;&#10;&gt;...00-000..." time="0.71" memory="8980" score="0"/><testcase status="7" exitcode="0" detail="" time="0" memory="8180" score="10"/><testcase status="7" exitcode="0" detail="" time="0" memory="8184" score="10"/><testcase status="7" exitcode="0" detail="" time="0.18" memory="8180" score="10"/></problem><problem title="window" filename="window.cpp" status="1" hash="3966028394" detail=""><testcase status="7" exitcode="0" detail="" time="0" memory="11976" score="10"/><testcase status="7" exitcode="0" detail="" time="0" memory="11980" score="10"/><testcase status="3" exitcode="1" detail="" time="1.0140065" memory="11984" score="0"/><testcase status="7" exitcode="0" detail="" time="0.82" memory="11980" score="10"/><testcase status="3" exitcode="1" detail="" time="1.0140065" memory="11984" score="0"/><testcase status="3" exitcode="1" detail="" time="1.2012077" memory="11984" score="0"/><testcase status="3" exitcode="1" detail="" time="1.0140065" memory="11980" score="0"/><testcase status="3" exitcode="1" detail="" time="1.0140065" memory="11984" score="0"/><testcase status="3" exitcode="1" detail="" time="1.0140065" memory="11984" score="0"/><testcase status="3" exitcode="1" detail="" time="1.2012077" memory="11976" score="0"/></problem><problem title="apples" filename="" status="14" hash="0" detail=""><testcase status="14" exitcode="0" detail="" time="0" memory="0" score="0"/><testcase status="14" exitcode="0" detail="" time="0" memory="0" score="0"/><testcase status="14" exitcode="0" detail="" time="0" memory="0" score="0"/><testcase status="14" exitcode="0" detail="" time="0" memory="0" score="0"/><testcase status="14" exitcode="0" detail="" time="0" memory="0" score="0"/><testcase status="14" exitcode="0" detail="" time="0" memory="0" score="0"/><testcase status="14" exitcode="0" detail="" time="0" memory="0" score="0"/><testcase status="14" exitcode="0" detail="" time="0" memory="0" score="0"/></problem><problem title="zipper" filename="" status="14" hash="0" detail=""><testcase status="14" exitcode="0" detail="" time="0" memory="0" score="0"/><testcase status="14" exitcode="0" detail="" time="0" memory="0" score="0"/><testcase status="14" exitcode="0" detail="" time="0" memory="0" score="0"/><testcase status="14" exitcode="0" detail="" time="0" memory="0" score="0"/><testcase status="14" exitcode="0" detail="" time="0" memory="0" score="0"/><testcase status="14" exitcode="0" detail="" time="0" memory="0" score="0"/><testcase status="14" exitcode="0" detail="" time="0" memory="0" score="0"/><testcase status="14" exitcode="0" detail="" time="0" memory="0" score="0"/><testcase status="14" exitcode="0" detail="" time="0" memory="0" score="0"/><testcase status="14" exitcode="0" detail="" time="0" memory="0" score="0"/></problem></result></cena>
