<?xml version="1.0"?>
<cena version="0.8.2"><result judgetime="44088.6608728357"><problem title="&#x5B57;&#x7B26;&#x6392;&#x5E8F;" filename="sstr.cpp" status="1" hash="2980844829" detail=""><testcase status="7" exitcode="0" detail="" time="0" memory="452" score="10"/><testcase status="7" exitcode="0" detail="" time="0" memory="452" score="10"/><testcase status="7" exitcode="0" detail="" time="0" memory="456" score="10"/><testcase status="7" exitcode="0" detail="" time="0" memory="452" score="10"/><testcase status="7" exitcode="0" detail="" time="0" memory="452" score="10"/><testcase status="7" exitcode="0" detail="" time="0" memory="452" score="10"/><testcase status="7" exitcode="0" detail="" time="0" memory="452" score="10"/><testcase status="7" exitcode="0" detail="" time="0" memory="448" score="10"/><testcase status="7" exitcode="0" detail="" time="0" memory="452" score="10"/><testcase status="7" exitcode="0" detail="" time="0.01" memory="452" score="10"/></problem><problem title="&#x7279;&#x6B8A;&#x6392;&#x5E8F;" filename="ssort.cpp" status="1" hash="410972827" detail=""><testcase status="7" exitcode="0" detail="" time="0" memory="484" score="10"/><testcase status="7" exitcode="0" detail="" time="0" memory="488" score="10"/><testcase status="7" exitcode="0" detail="" time="0" memory="488" score="10"/><testcase status="7" exitcode="0" detail="" time="0.04" memory="488" score="10"/><testcase status="7" exitcode="0" detail="" time="0.06" memory="492" score="10"/><testcase status="7" exitcode="0" detail="" time="0.03" memory="488" score="10"/><testcase status="7" exitcode="0" detail="" time="0.04" memory="488" score="10"/><testcase status="7" exitcode="0" detail="" time="0.03" memory="488" score="10"/><testcase status="7" exitcode="0" detail="" time="0.03" memory="488" score="10"/><testcase status="7" exitcode="0" detail="" time="0.04" memory="488" score="10"/></problem><problem title="EXCEL&#x6392;&#x5E8F;" filename="excel.cpp" status="1" hash="2403938296" detail="MCGDHURJ.cpp: In function 'bool cmp(node, node)':&#10;MCGDHURJ.cpp:20:1: warning: control reaches end of non-void function [-Wreturn-type]&#10; }&#10; ^&#10;"><testcase status="7" exitcode="0" detail="" time="0.01" memory="5576" score="10"/><testcase status="7" exitcode="0" detail="" time="0.01" memory="5576" score="10"/><testcase status="7" exitcode="0" detail="" time="0.03" memory="5580" score="10"/><testcase status="7" exitcode="0" detail="" time="0.01" memory="5576" score="10"/><testcase status="3" exitcode="1" detail="" time="1.0140065" memory="5576" score="0"/><testcase status="7" exitcode="0" detail="" time="0.01" memory="5576" score="10"/><testcase status="7" exitcode="0" detail="" time="0.12" memory="5576" score="10"/><testcase status="7" exitcode="0" detail="" time="0" memory="5576" score="10"/><testcase status="7" exitcode="0" detail="" time="0.03" memory="5576" score="10"/><testcase status="3" exitcode="1" detail="" time="1.0140065" memory="5576" score="0"/></problem><problem title="&#x6251;&#x514B;&#x6392;&#x5E8F;" filename="card.cpp" status="1" hash="3836307317" detail=""><testcase status="8" exitcode="0" detail="&#x5728;&#x7B2C; 1 &#x884C;:&#13;&#10;----&#x9009;&#x624B;&#x8F93;&#x51FA;&#x7684;&#x7B2C; 5 &#x5217;----&#13;&#10;&gt;...s 3h J...&#13;&#10;----&#x6807;&#x51C6;&#x8F93;&#x51FA;&#x7684;&#x7B2C; 5 &#x5217;----&#13;&#10;&gt;...h 3s J..." time="0" memory="452" score="0"/><testcase status="7" exitcode="0" detail="" time="0" memory="452" score="10"/><testcase status="7" exitcode="0" detail="" time="0" memory="452" score="10"/><testcase status="7" exitcode="0" detail="" time="0" memory="448" score="10"/><testcase status="8" exitcode="0" detail="&#x5728;&#x7B2C; 1 &#x884C;:&#13;&#10;----&#x9009;&#x624B;&#x8F93;&#x51FA;&#x7684;&#x7B2C; 9 &#x5217;----&#13;&#10;&gt;...s 10d ...&#13;&#10;----&#x6807;&#x51C6;&#x8F93;&#x51FA;&#x7684;&#x7B2C; 9 &#x5217;----&#13;&#10;&gt;...d 10s ..." time="0" memory="452" score="0"/><testcase status="8" exitcode="0" detail="&#x5728;&#x7B2C; 1 &#x884C;:&#13;&#10;----&#x9009;&#x624B;&#x8F93;&#x51FA;&#x7684;&#x7B2C; 3 &#x5217;----&#13;&#10;&gt;...s 10d ...&#13;&#10;----&#x6807;&#x51C6;&#x8F93;&#x51FA;&#x7684;&#x7B2C; 3 &#x5217;----&#13;&#10;&gt;...d 10d ..." time="0" memory="456" score="0"/><testcase status="8" exitcode="0" detail="&#x5728;&#x7B2C; 1 &#x884C;:&#13;&#10;----&#x9009;&#x624B;&#x8F93;&#x51FA;&#x7684;&#x7B2C; 3 &#x5217;----&#13;&#10;&gt;...s 10d ...&#13;&#10;----&#x6807;&#x51C6;&#x8F93;&#x51FA;&#x7684;&#x7B2C; 3 &#x5217;----&#13;&#10;&gt;...d 10d ..." time="0" memory="452" score="0"/><testcase status="7" exitcode="0" detail="" time="0" memory="456" score="10"/><testcase status="7" exitcode="0" detail="" time="0" memory="456" score="10"/><testcase status="7" exitcode="0" detail="" time="0" memory="452" score="10"/></problem></result></cena>
