<?xml version="1.0"?>
<cena version="0.8.2"><result judgetime="44106.6389674769"><problem title="square" filename="square.cpp" status="1" hash="627872203" detail=""><testcase status="7" exitcode="0" detail="" time="0" memory="5248" score="10"/><testcase status="7" exitcode="0" detail="" time="0" memory="5184" score="10"/><testcase status="7" exitcode="0" detail="" time="0" memory="5184" score="10"/><testcase status="7" exitcode="0" detail="" time="0" memory="5180" score="10"/><testcase status="7" exitcode="0" detail="" time="0.01" memory="5180" score="10"/><testcase status="7" exitcode="0" detail="" time="0" memory="5184" score="10"/><testcase status="7" exitcode="0" detail="" time="0.01" memory="5192" score="10"/><testcase status="7" exitcode="0" detail="" time="0" memory="5180" score="10"/><testcase status="7" exitcode="0" detail="" time="0" memory="5176" score="10"/><testcase status="7" exitcode="0" detail="" time="0" memory="5180" score="10"/></problem><problem title="pairs" filename="pairs.cpp" status="1" hash="3339916096" detail=""><testcase status="7" exitcode="0" detail="" time="0" memory="5240" score="10"/><testcase status="7" exitcode="0" detail="" time="0" memory="5184" score="10"/><testcase status="7" exitcode="0" detail="" time="0" memory="5180" score="10"/><testcase status="7" exitcode="0" detail="" time="0" memory="5184" score="10"/><testcase status="7" exitcode="0" detail="" time="0.01" memory="5180" score="10"/><testcase status="7" exitcode="0" detail="" time="0.03" memory="5184" score="10"/><testcase status="7" exitcode="0" detail="" time="0.01" memory="5180" score="10"/><testcase status="7" exitcode="0" detail="" time="0" memory="5176" score="10"/><testcase status="7" exitcode="0" detail="" time="0" memory="5176" score="10"/><testcase status="7" exitcode="0" detail="" time="0" memory="5184" score="10"/></problem><problem title="qbin" filename="qbin.cpp" status="1" hash="2419229520" detail=""><testcase status="7" exitcode="0" detail="" time="0" memory="5292" score="10"/><testcase status="7" exitcode="0" detail="" time="0.01" memory="5216" score="10"/><testcase status="7" exitcode="0" detail="" time="0" memory="5228" score="10"/><testcase status="7" exitcode="0" detail="" time="0.01" memory="5224" score="10"/><testcase status="7" exitcode="0" detail="" time="0.01" memory="5220" score="10"/><testcase status="7" exitcode="0" detail="" time="0" memory="5216" score="10"/><testcase status="7" exitcode="0" detail="" time="0" memory="5224" score="10"/><testcase status="7" exitcode="0" detail="" time="0" memory="5224" score="10"/><testcase status="7" exitcode="0" detail="" time="0" memory="5220" score="10"/><testcase status="7" exitcode="0" detail="" time="0" memory="5232" score="10"/></problem><problem title="statistic" filename="statistic.cpp" status="1" hash="1876796335" detail=""><testcase status="7" exitcode="0" detail="" time="0.01" memory="16996" score="10"/><testcase status="7" exitcode="0" detail="" time="0.01" memory="16928" score="10"/><testcase status="7" exitcode="0" detail="" time="0" memory="16936" score="10"/><testcase status="7" exitcode="0" detail="" time="0.2" memory="16928" score="10"/><testcase status="7" exitcode="0" detail="" time="0.18" memory="16932" score="10"/><testcase status="7" exitcode="0" detail="" time="0.18" memory="16932" score="10"/><testcase status="7" exitcode="0" detail="" time="0.65" memory="16924" score="10"/><testcase status="7" exitcode="0" detail="" time="0.67" memory="16928" score="10"/><testcase status="7" exitcode="0" detail="" time="0.68" memory="16924" score="10"/><testcase status="7" exitcode="0" detail="" time="0.65" memory="16936" score="10"/></problem><problem title="cut" filename="cut.cpp" status="1" hash="208945949" detail=""><testcase status="6" exitcode="3221225725" detail="" time="0" memory="8444" score="0"/><testcase status="6" exitcode="3221225725" detail="" time="0" memory="8380" score="0"/><testcase status="6" exitcode="3221225725" detail="" time="0" memory="8388" score="0"/><testcase status="6" exitcode="3221225725" detail="" time="0" memory="8384" score="0"/><testcase status="6" exitcode="3221225725" detail="" time="0.03" memory="8368" score="0"/><testcase status="6" exitcode="3221225725" detail="" time="0.01" memory="8372" score="0"/><testcase status="6" exitcode="3221225725" detail="" time="0" memory="8380" score="0"/><testcase status="6" exitcode="3221225477" detail="" time="0.03" memory="6368" score="0"/><testcase status="6" exitcode="3221225477" detail="" time="0.01" memory="6364" score="0"/><testcase status="6" exitcode="3221225477" detail="" time="0.01" memory="6364" score="0"/></problem><problem title="diff" filename="" status="14" hash="0" detail=""><testcase status="14" exitcode="0" detail="" time="0" memory="0" score="0"/><testcase status="14" exitcode="0" detail="" time="0" memory="0" score="0"/><testcase status="14" exitcode="0" detail="" time="0" memory="0" score="0"/><testcase status="14" exitcode="0" detail="" time="0" memory="0" score="0"/><testcase status="14" exitcode="0" detail="" time="0" memory="0" score="0"/><testcase status="14" exitcode="0" detail="" time="0" memory="0" score="0"/><testcase status="14" exitcode="0" detail="" time="0" memory="0" score="0"/><testcase status="14" exitcode="0" detail="" time="0" memory="0" score="0"/><testcase status="14" exitcode="0" detail="" time="0" memory="0" score="0"/><testcase status="14" exitcode="0" detail="" time="0" memory="0" score="0"/></problem></result></cena>
