<?xml version="1.0"?>
<cena version="0.8.2"><result judgetime="44102.6446039468"><problem title="1&#x3001;&#x6570;&#x5B57;&#x4E09;&#x89D2;&#x5F62;" filename="triangle.cpp" status="1" hash="3103575269" detail=""><testcase status="7" exitcode="0" detail="" time="0" memory="520" score="10"/><testcase status="7" exitcode="0" detail="" time="0.01" memory="520" score="10"/><testcase status="7" exitcode="0" detail="" time="0.01" memory="520" score="10"/><testcase status="7" exitcode="0" detail="" time="0" memory="520" score="10"/><testcase status="7" exitcode="0" detail="" time="0" memory="520" score="10"/><testcase status="7" exitcode="0" detail="" time="0.01" memory="520" score="10"/><testcase status="7" exitcode="0" detail="" time="0.01" memory="520" score="10"/><testcase status="7" exitcode="0" detail="" time="0" memory="520" score="10"/><testcase status="7" exitcode="0" detail="" time="0.01" memory="520" score="10"/><testcase status="7" exitcode="0" detail="" time="0.01" memory="520" score="10"/></problem><problem title="2&#x3001;&#x6700;&#x957F;&#x4E0A;&#x5347;&#x5B50;&#x5E8F;&#x5217;" filename="long.cpp" status="1" hash="2361795065" detail=""><testcase status="7" exitcode="0" detail="" time="0" memory="448" score="10"/><testcase status="8" exitcode="0" detail="&#x5728;&#x7B2C; 1 &#x884C;:&#13;&#10;----&#x9009;&#x624B;&#x8F93;&#x51FA;&#x7684;&#x7B2C; 1 &#x5217;----&#13;&#10;&gt;3&#13;&#10;----&#x6807;&#x51C6;&#x8F93;&#x51FA;&#x7684;&#x7B2C; 1 &#x5217;----&#13;&#10;&gt;8" time="0" memory="448" score="0"/><testcase status="8" exitcode="0" detail="&#x5728;&#x7B2C; 1 &#x884C;:&#13;&#10;----&#x9009;&#x624B;&#x8F93;&#x51FA;&#x7684;&#x7B2C; 1 &#x5217;----&#13;&#10;&gt;7&#13;&#10;----&#x6807;&#x51C6;&#x8F93;&#x51FA;&#x7684;&#x7B2C; 1 &#x5217;----&#13;&#10;&gt;13" time="0" memory="448" score="0"/><testcase status="8" exitcode="0" detail="&#x5728;&#x7B2C; 1 &#x884C;:&#13;&#10;----&#x9009;&#x624B;&#x8F93;&#x51FA;&#x7684;&#x7B2C; 1 &#x5217;----&#13;&#10;&gt;7&#13;&#10;----&#x6807;&#x51C6;&#x8F93;&#x51FA;&#x7684;&#x7B2C; 1 &#x5217;----&#13;&#10;&gt;34" time="0.01" memory="452" score="0"/><testcase status="8" exitcode="0" detail="&#x5728;&#x7B2C; 1 &#x884C;:&#13;&#10;----&#x9009;&#x624B;&#x8F93;&#x51FA;&#x7684;&#x7B2C; 1 &#x5217;----&#13;&#10;&gt;4&#13;&#10;----&#x6807;&#x51C6;&#x8F93;&#x51FA;&#x7684;&#x7B2C; 1 &#x5217;----&#13;&#10;&gt;37" time="0" memory="448" score="0"/><testcase status="8" exitcode="0" detail="&#x5728;&#x7B2C; 1 &#x884C;:&#13;&#10;----&#x9009;&#x624B;&#x8F93;&#x51FA;&#x7684;&#x7B2C; 1 &#x5217;----&#13;&#10;&gt;4&#13;&#10;----&#x6807;&#x51C6;&#x8F93;&#x51FA;&#x7684;&#x7B2C; 1 &#x5217;----&#13;&#10;&gt;39" time="0" memory="448" score="0"/><testcase status="8" exitcode="0" detail="&#x5728;&#x7B2C; 1 &#x884C;:&#13;&#10;----&#x9009;&#x624B;&#x8F93;&#x51FA;&#x7684;&#x7B2C; 1 &#x5217;----&#13;&#10;&gt;3&#13;&#10;----&#x6807;&#x51C6;&#x8F93;&#x51FA;&#x7684;&#x7B2C; 1 &#x5217;----&#13;&#10;&gt;52" time="0.01" memory="448" score="0"/><testcase status="8" exitcode="0" detail="&#x5728;&#x7B2C; 1 &#x884C;:&#13;&#10;----&#x9009;&#x624B;&#x8F93;&#x51FA;&#x7684;&#x7B2C; 1 &#x5217;----&#13;&#10;&gt;11&#13;&#10;----&#x6807;&#x51C6;&#x8F93;&#x51FA;&#x7684;&#x7B2C; 1 &#x5217;----&#13;&#10;&gt;54" time="0" memory="448" score="0"/><testcase status="8" exitcode="0" detail="&#x6807;&#x51C6;&#x8F93;&#x51FA;&#x6BD4;&#x9009;&#x624B;&#x8F93;&#x51FA;&#x957F;&#x3002;" time="0" memory="448" score="0"/><testcase status="8" exitcode="0" detail="&#x5728;&#x7B2C; 1 &#x884C;:&#13;&#10;----&#x9009;&#x624B;&#x8F93;&#x51FA;&#x7684;&#x7B2C; 1 &#x5217;----&#13;&#10;&gt;4&#13;&#10;----&#x6807;&#x51C6;&#x8F93;&#x51FA;&#x7684;&#x7B2C; 1 &#x5217;----&#13;&#10;&gt;60" time="0" memory="448" score="0"/></problem><problem title="3&#x3001;&#x6700;&#x957F;&#x516C;&#x5171;&#x5B50;&#x5E8F;&#x5217;" filename="" status="14" hash="0" detail=""><testcase status="14" exitcode="0" detail="" time="0" memory="0" score="0"/><testcase status="14" exitcode="0" detail="" time="0" memory="0" score="0"/><testcase status="14" exitcode="0" detail="" time="0" memory="0" score="0"/><testcase status="14" exitcode="0" detail="" time="0" memory="0" score="0"/><testcase status="14" exitcode="0" detail="" time="0" memory="0" score="0"/><testcase status="14" exitcode="0" detail="" time="0" memory="0" score="0"/><testcase status="14" exitcode="0" detail="" time="0" memory="0" score="0"/><testcase status="14" exitcode="0" detail="" time="0" memory="0" score="0"/><testcase status="14" exitcode="0" detail="" time="0" memory="0" score="0"/><testcase status="14" exitcode="0" detail="" time="0" memory="0" score="0"/></problem><problem title="4&#x3001;&#x6570;&#x7684;&#x8BA1;&#x6570;" filename="count.cpp" status="1" hash="1323810836" detail=""><testcase status="7" exitcode="0" detail="" time="0" memory="448" score="10"/><testcase status="7" exitcode="0" detail="" time="0" memory="448" score="10"/><testcase status="7" exitcode="0" detail="" time="0" memory="448" score="10"/><testcase status="7" exitcode="0" detail="" time="0.01" memory="452" score="10"/><testcase status="7" exitcode="0" detail="" time="0" memory="448" score="10"/><testcase status="7" exitcode="0" detail="" time="0" memory="448" score="10"/><testcase status="7" exitcode="0" detail="" time="0" memory="448" score="10"/><testcase status="7" exitcode="0" detail="" time="0" memory="452" score="10"/><testcase status="7" exitcode="0" detail="" time="0" memory="452" score="10"/><testcase status="7" exitcode="0" detail="" time="0" memory="452" score="10"/></problem></result></cena>
