<?xml version="1.0"?>
<cena version="0.8.1"><result judgetime="44123.67276375"><problem title="&#x6C42;&#x6700;&#x957F;&#x516C;&#x5171;&#x5B50;&#x5E8F;&#x5217;LCS" filename="public.cpp" status="1" hash="3810163130" detail=""><testcase status="7" exitcode="0" detail="" time="0" memory="464" score="10"/><testcase status="7" exitcode="0" detail="" time="0" memory="468" score="10"/><testcase status="7" exitcode="0" detail="" time="0" memory="472" score="10"/><testcase status="7" exitcode="0" detail="" time="0.01" memory="460" score="10"/><testcase status="7" exitcode="0" detail="" time="0.01" memory="468" score="10"/><testcase status="7" exitcode="0" detail="" time="0.01" memory="464" score="10"/><testcase status="7" exitcode="0" detail="" time="0.01" memory="468" score="10"/><testcase status="7" exitcode="0" detail="" time="0.01" memory="464" score="10"/><testcase status="7" exitcode="0" detail="" time="0.01" memory="464" score="10"/><testcase status="7" exitcode="0" detail="" time="0.01" memory="464" score="10"/></problem><problem title="&#x6700;&#x957F;&#x4E0A;&#x5347;&#x5B50;&#x5E8F;&#x5217;" filename="longrise.cpp" status="1" hash="1083595647" detail=""><testcase status="7" exitcode="0" detail="" time="0" memory="552" score="10"/><testcase status="7" exitcode="0" detail="" time="0" memory="556" score="10"/><testcase status="7" exitcode="0" detail="" time="0" memory="552" score="10"/><testcase status="7" exitcode="0" detail="" time="0" memory="560" score="10"/><testcase status="7" exitcode="0" detail="" time="0" memory="552" score="10"/><testcase status="7" exitcode="0" detail="" time="0" memory="560" score="10"/><testcase status="7" exitcode="0" detail="" time="0" memory="556" score="10"/><testcase status="7" exitcode="0" detail="" time="0" memory="560" score="10"/><testcase status="7" exitcode="0" detail="" time="0.01" memory="560" score="10"/><testcase status="7" exitcode="0" detail="" time="0" memory="552" score="10"/></problem><problem title="&#x548C;&#x6700;&#x5927;&#x5B50;&#x5E8F;&#x5217;" filename="mlong.cpp" status="1" hash="2121093157" detail=""><testcase status="7" exitcode="0" detail="" time="0" memory="556" score="10"/><testcase status="7" exitcode="0" detail="" time="0" memory="552" score="10"/><testcase status="7" exitcode="0" detail="" time="0" memory="556" score="10"/><testcase status="7" exitcode="0" detail="" time="0" memory="552" score="10"/><testcase status="7" exitcode="0" detail="" time="0" memory="552" score="10"/><testcase status="7" exitcode="0" detail="" time="0" memory="556" score="10"/><testcase status="7" exitcode="0" detail="" time="0" memory="560" score="10"/><testcase status="7" exitcode="0" detail="" time="0" memory="552" score="10"/><testcase status="7" exitcode="0" detail="" time="0.01" memory="556" score="10"/><testcase status="7" exitcode="0" detail="" time="0" memory="548" score="10"/></problem><problem title="01&#x80CC;&#x5305;" filename="bag.cpp" status="1" hash="496055524" detail=""><testcase status="7" exitcode="0" detail="" time="0" memory="476" score="10"/><testcase status="7" exitcode="0" detail="" time="0" memory="472" score="10"/><testcase status="7" exitcode="0" detail="" time="0" memory="476" score="10"/><testcase status="7" exitcode="0" detail="" time="0.01" memory="468" score="10"/><testcase status="7" exitcode="0" detail="" time="0.01" memory="472" score="10"/><testcase status="7" exitcode="0" detail="" time="0" memory="472" score="10"/><testcase status="7" exitcode="0" detail="" time="0" memory="476" score="10"/><testcase status="7" exitcode="0" detail="" time="0" memory="476" score="10"/><testcase status="7" exitcode="0" detail="" time="0" memory="480" score="10"/><testcase status="7" exitcode="0" detail="" time="0.01" memory="472" score="10"/></problem><problem title="&#x6446;&#x52A8;&#x5E8F;&#x5217;" filename="list.cpp" status="1" hash="221612744" detail=""><testcase status="7" exitcode="0" detail="" time="0" memory="528" score="10"/><testcase status="7" exitcode="0" detail="" time="0" memory="536" score="10"/><testcase status="7" exitcode="0" detail="" time="0.01" memory="528" score="10"/><testcase status="7" exitcode="0" detail="" time="0" memory="532" score="10"/><testcase status="7" exitcode="0" detail="" time="0" memory="528" score="10"/><testcase status="7" exitcode="0" detail="" time="0" memory="528" score="10"/><testcase status="7" exitcode="0" detail="" time="0" memory="528" score="10"/><testcase status="7" exitcode="0" detail="" time="0" memory="528" score="10"/><testcase status="7" exitcode="0" detail="" time="0" memory="528" score="10"/><testcase status="7" exitcode="0" detail="" time="0" memory="528" score="10"/></problem><problem title="&#x6446;&#x52A8;&#x5E8F;&#x5217;2" filename="listwo.cpp" status="1" hash="2993493323" detail=""><testcase status="7" exitcode="0" detail="" time="0" memory="4008" score="10"/><testcase status="7" exitcode="0" detail="" time="0" memory="4008" score="10"/><testcase status="7" exitcode="0" detail="" time="0" memory="4008" score="10"/><testcase status="7" exitcode="0" detail="" time="0.01" memory="4012" score="10"/><testcase status="7" exitcode="0" detail="" time="0.01" memory="4012" score="10"/><testcase status="7" exitcode="0" detail="" time="0.01" memory="4012" score="10"/><testcase status="7" exitcode="0" detail="" time="0.01" memory="4012" score="10"/><testcase status="7" exitcode="0" detail="" time="0" memory="4004" score="10"/><testcase status="7" exitcode="0" detail="" time="0.03" memory="4008" score="10"/><testcase status="7" exitcode="0" detail="" time="0.03" memory="4008" score="10"/></problem></result></cena>
