<?xml version="1.0"?>
<cena version="0.8.1"><result judgetime="44123.6863880208"><problem title="&#x6C42;&#x6700;&#x957F;&#x516C;&#x5171;&#x5B50;&#x5E8F;&#x5217;LCS" filename="public.cpp" status="1" hash="1060338282" detail=""><testcase status="7" exitcode="0" detail="" time="0" memory="8384" score="10"/><testcase status="7" exitcode="0" detail="" time="0" memory="8384" score="10"/><testcase status="7" exitcode="0" detail="" time="0" memory="8380" score="10"/><testcase status="7" exitcode="0" detail="" time="0" memory="8376" score="10"/><testcase status="7" exitcode="0" detail="" time="0.01" memory="8380" score="10"/><testcase status="7" exitcode="0" detail="" time="0.01" memory="8384" score="10"/><testcase status="7" exitcode="0" detail="" time="0.01" memory="8388" score="10"/><testcase status="7" exitcode="0" detail="" time="0.01" memory="8380" score="10"/><testcase status="7" exitcode="0" detail="" time="0" memory="8380" score="10"/><testcase status="7" exitcode="0" detail="" time="0.01" memory="8388" score="10"/></problem><problem title="&#x6700;&#x957F;&#x4E0A;&#x5347;&#x5B50;&#x5E8F;&#x5217;" filename="longrise.cpp" status="1" hash="2281550945" detail=""><testcase status="7" exitcode="0" detail="" time="0" memory="484" score="10"/><testcase status="7" exitcode="0" detail="" time="0" memory="484" score="10"/><testcase status="7" exitcode="0" detail="" time="0" memory="492" score="10"/><testcase status="7" exitcode="0" detail="" time="0" memory="488" score="10"/><testcase status="7" exitcode="0" detail="" time="0" memory="484" score="10"/><testcase status="7" exitcode="0" detail="" time="0" memory="488" score="10"/><testcase status="8" exitcode="0" detail="&#x5728;&#x7B2C; 1 &#x884C;:&#13;&#10;----&#x9009;&#x624B;&#x8F93;&#x51FA;&#x7684;&#x7B2C; 2 &#x5217;----&#13;&#10;&gt;...3&#13;&#10;----&#x6807;&#x51C6;&#x8F93;&#x51FA;&#x7684;&#x7B2C; 2 &#x5217;----&#13;&#10;&gt;...2" time="0" memory="492" score="0"/><testcase status="8" exitcode="0" detail="&#x5728;&#x7B2C; 1 &#x884C;:&#13;&#10;----&#x9009;&#x624B;&#x8F93;&#x51FA;&#x7684;&#x7B2C; 2 &#x5217;----&#13;&#10;&gt;...5&#13;&#10;----&#x6807;&#x51C6;&#x8F93;&#x51FA;&#x7684;&#x7B2C; 2 &#x5217;----&#13;&#10;&gt;...4" time="0" memory="492" score="0"/><testcase status="7" exitcode="0" detail="" time="0" memory="488" score="10"/><testcase status="7" exitcode="0" detail="" time="0" memory="492" score="10"/></problem><problem title="&#x548C;&#x6700;&#x5927;&#x5B50;&#x5E8F;&#x5217;" filename="mlong.cpp" status="1" hash="1603758499" detail=""><testcase status="7" exitcode="0" detail="" time="0.01" memory="2040" score="10"/><testcase status="7" exitcode="0" detail="" time="0" memory="2048" score="10"/><testcase status="7" exitcode="0" detail="" time="0" memory="2036" score="10"/><testcase status="7" exitcode="0" detail="" time="0" memory="2036" score="10"/><testcase status="7" exitcode="0" detail="" time="0" memory="2044" score="10"/><testcase status="7" exitcode="0" detail="" time="0" memory="2044" score="10"/><testcase status="7" exitcode="0" detail="" time="0" memory="2040" score="10"/><testcase status="7" exitcode="0" detail="" time="0" memory="2036" score="10"/><testcase status="7" exitcode="0" detail="" time="0" memory="2040" score="10"/><testcase status="7" exitcode="0" detail="" time="0.01" memory="2040" score="10"/></problem><problem title="01&#x80CC;&#x5305;" filename="bag.cpp" status="1" hash="1150559372" detail=""><testcase status="4" exitcode="0" detail="" time="0.01" memory="196568" score="0"/><testcase status="4" exitcode="0" detail="" time="0" memory="196564" score="0"/><testcase status="4" exitcode="0" detail="" time="0" memory="196560" score="0"/><testcase status="4" exitcode="0" detail="" time="0.01" memory="196564" score="0"/><testcase status="4" exitcode="1" detail="" time="0" memory="196504" score="0"/><testcase status="4" exitcode="0" detail="" time="0" memory="196560" score="0"/><testcase status="4" exitcode="0" detail="" time="0" memory="196564" score="0"/><testcase status="4" exitcode="0" detail="" time="0" memory="196568" score="0"/><testcase status="4" exitcode="0" detail="" time="0.03" memory="196568" score="0"/><testcase status="4" exitcode="0" detail="" time="0" memory="196564" score="0"/></problem><problem title="&#x6446;&#x52A8;&#x5E8F;&#x5217;" filename="list.cpp" status="16" hash="1171715310" detail="GWWXEPYF.cpp: In function `int main()':&#13;&#10;GWWXEPYF.cpp:14: error: call of overloaded `pow(int, long long int&amp;)' is ambiguous&#13;&#10;C:/Program Files (x86)/Cena/compilers/bin/../lib/gcc/mingw32/3.4.2/../../../../include/math.h:150: note: candidates are: double pow(double, double)&#13;&#10;C:/Program Files (x86)/Cena/compilers/bin/../lib/gcc/mingw32/3.4.2/../../../../include/c++/3.4.2/cmath:361: note:                 long double std::pow(long double, int)&#13;&#10;C:/Program Files (x86)/Cena/compilers/bin/../lib/gcc/mingw32/3.4.2/../../../../include/c++/3.4.2/cmath:357: note:                 float std::pow(float, int)&#13;&#10;C:/Program Files (x86)/Cena/compilers/bin/../lib/gcc/mingw32/3.4.2/../../../../include/c++/3.4.2/cmath:353: note:                 double std::pow(double, int)&#13;&#10;C:/Program Files (x86)/Cena/compilers/bin/../lib/gcc/mingw32/3.4.2/../../../../include/c++/3.4.2/cmath:349: note:                 long double std::pow(long double, long double)&#13;&#10;C:/Program Files (x86)/Cena/compilers/bin/../lib/gcc/mingw32/3.4.2/../../../../include/c++/3.4.2/cmath:345: note:                 float std::pow(float, float)&#13;&#10;"><testcase status="16" exitcode="1" detail="" time="0" memory="0" score="0"/><testcase status="16" exitcode="1" detail="" time="0" memory="0" score="0"/><testcase status="16" exitcode="1" detail="" time="0" memory="0" score="0"/><testcase status="16" exitcode="1" detail="" time="0" memory="0" score="0"/><testcase status="16" exitcode="1" detail="" time="0" memory="0" score="0"/><testcase status="16" exitcode="1" detail="" time="0" memory="0" score="0"/><testcase status="16" exitcode="1" detail="" time="0" memory="0" score="0"/><testcase status="16" exitcode="1" detail="" time="0" memory="0" score="0"/><testcase status="16" exitcode="1" detail="" time="0" memory="0" score="0"/><testcase status="16" exitcode="1" detail="" time="0" memory="0" score="0"/></problem><problem title="&#x6446;&#x52A8;&#x5E8F;&#x5217;2" filename="" status="14" hash="0" detail=""><testcase status="14" exitcode="0" detail="" time="0" memory="0" score="0"/><testcase status="14" exitcode="0" detail="" time="0" memory="0" score="0"/><testcase status="14" exitcode="0" detail="" time="0" memory="0" score="0"/><testcase status="14" exitcode="0" detail="" time="0" memory="0" score="0"/><testcase status="14" exitcode="0" detail="" time="0" memory="0" score="0"/><testcase status="14" exitcode="0" detail="" time="0" memory="0" score="0"/><testcase status="14" exitcode="0" detail="" time="0" memory="0" score="0"/><testcase status="14" exitcode="0" detail="" time="0" memory="0" score="0"/><testcase status="14" exitcode="0" detail="" time="0" memory="0" score="0"/><testcase status="14" exitcode="0" detail="" time="0" memory="0" score="0"/></problem></result></cena>
