<?xml version="1.0"?>
<cena version="0.8.2"><result judgetime="44088.6461719213"><problem title="&#x5B57;&#x7B26;&#x6392;&#x5E8F;" filename="sstr.cpp" status="1" hash="2437918075" detail=""><testcase status="7" exitcode="0" detail="" time="0" memory="444" score="10"/><testcase status="7" exitcode="0" detail="" time="0.01" memory="444" score="10"/><testcase status="7" exitcode="0" detail="" time="0.01" memory="444" score="10"/><testcase status="7" exitcode="0" detail="" time="0" memory="444" score="10"/><testcase status="7" exitcode="0" detail="" time="0" memory="444" score="10"/><testcase status="7" exitcode="0" detail="" time="0" memory="444" score="10"/><testcase status="7" exitcode="0" detail="" time="0" memory="444" score="10"/><testcase status="7" exitcode="0" detail="" time="0" memory="444" score="10"/><testcase status="7" exitcode="0" detail="" time="0.01" memory="444" score="10"/><testcase status="7" exitcode="0" detail="" time="0" memory="448" score="10"/></problem><problem title="&#x7279;&#x6B8A;&#x6392;&#x5E8F;" filename="ssort.cpp" status="1" hash="3453496008" detail=""><testcase status="7" exitcode="0" detail="" time="0" memory="448" score="10"/><testcase status="7" exitcode="0" detail="" time="0" memory="448" score="10"/><testcase status="7" exitcode="0" detail="" time="0" memory="452" score="10"/><testcase status="7" exitcode="0" detail="" time="0.01" memory="452" score="10"/><testcase status="7" exitcode="0" detail="" time="0.03" memory="452" score="10"/><testcase status="7" exitcode="0" detail="" time="0.03" memory="452" score="10"/><testcase status="7" exitcode="0" detail="" time="0.03" memory="452" score="10"/><testcase status="7" exitcode="0" detail="" time="0.03" memory="452" score="10"/><testcase status="7" exitcode="0" detail="" time="0.03" memory="452" score="10"/><testcase status="7" exitcode="0" detail="" time="0.03" memory="452" score="10"/></problem><problem title="EXCEL&#x6392;&#x5E8F;" filename="excel.cpp" status="1" hash="2975912211" detail=""><testcase status="7" exitcode="0" detail="" time="0" memory="2408" score="10"/><testcase status="7" exitcode="0" detail="" time="0" memory="2412" score="10"/><testcase status="7" exitcode="0" detail="" time="0.01" memory="2408" score="10"/><testcase status="7" exitcode="0" detail="" time="0.01" memory="2408" score="10"/><testcase status="7" exitcode="0" detail="" time="0.48" memory="2408" score="10"/><testcase status="7" exitcode="0" detail="" time="0.01" memory="2404" score="10"/><testcase status="7" exitcode="0" detail="" time="0.09" memory="2408" score="10"/><testcase status="7" exitcode="0" detail="" time="0" memory="2408" score="10"/><testcase status="7" exitcode="0" detail="" time="0" memory="2408" score="10"/><testcase status="7" exitcode="0" detail="" time="0.48" memory="2408" score="10"/></problem><problem title="&#x6251;&#x514B;&#x6392;&#x5E8F;" filename="card.cpp" status="1" hash="3107770084" detail=""><testcase status="10" exitcode="0" detail="" time="0" memory="440" score="0"/><testcase status="10" exitcode="0" detail="" time="0" memory="440" score="0"/><testcase status="10" exitcode="0" detail="" time="0" memory="440" score="0"/><testcase status="10" exitcode="0" detail="" time="0" memory="436" score="0"/><testcase status="10" exitcode="0" detail="" time="0" memory="440" score="0"/><testcase status="10" exitcode="0" detail="" time="0" memory="440" score="0"/><testcase status="10" exitcode="0" detail="" time="0" memory="440" score="0"/><testcase status="10" exitcode="0" detail="" time="0" memory="440" score="0"/><testcase status="10" exitcode="0" detail="" time="0" memory="440" score="0"/><testcase status="10" exitcode="0" detail="" time="0" memory="440" score="0"/></problem></result></cena>
