<?xml version="1.0"?>
<cena version="0.8.1"><result judgetime="44123.6721365046"><problem title="&#x6C42;&#x6700;&#x957F;&#x516C;&#x5171;&#x5B50;&#x5E8F;&#x5217;LCS" filename="public.cpp" status="1" hash="2876835551" detail=""><testcase status="7" exitcode="0" detail="" time="0" memory="4408" score="10"/><testcase status="7" exitcode="0" detail="" time="0" memory="4416" score="10"/><testcase status="7" exitcode="0" detail="" time="0" memory="4412" score="10"/><testcase status="7" exitcode="0" detail="" time="0.01" memory="4412" score="10"/><testcase status="7" exitcode="0" detail="" time="0" memory="4412" score="10"/><testcase status="7" exitcode="0" detail="" time="0" memory="4408" score="10"/><testcase status="7" exitcode="0" detail="" time="0" memory="4412" score="10"/><testcase status="7" exitcode="0" detail="" time="0" memory="4412" score="10"/><testcase status="7" exitcode="0" detail="" time="0" memory="4412" score="10"/><testcase status="7" exitcode="0" detail="" time="0" memory="4412" score="10"/></problem><problem title="&#x6700;&#x957F;&#x4E0A;&#x5347;&#x5B50;&#x5E8F;&#x5217;" filename="longrise.cpp" status="1" hash="1070761631" detail=""><testcase status="7" exitcode="0" detail="" time="0" memory="464" score="10"/><testcase status="7" exitcode="0" detail="" time="0" memory="464" score="10"/><testcase status="7" exitcode="0" detail="" time="0" memory="460" score="10"/><testcase status="7" exitcode="0" detail="" time="0" memory="464" score="10"/><testcase status="7" exitcode="0" detail="" time="0" memory="468" score="10"/><testcase status="7" exitcode="0" detail="" time="0" memory="464" score="10"/><testcase status="7" exitcode="0" detail="" time="0" memory="460" score="10"/><testcase status="7" exitcode="0" detail="" time="0" memory="472" score="10"/><testcase status="7" exitcode="0" detail="" time="0" memory="460" score="10"/><testcase status="7" exitcode="0" detail="" time="0" memory="464" score="10"/></problem><problem title="&#x548C;&#x6700;&#x5927;&#x5B50;&#x5E8F;&#x5217;" filename="mlong.cpp" status="1" hash="603085631" detail=""><testcase status="7" exitcode="0" detail="" time="0" memory="1244" score="10"/><testcase status="7" exitcode="0" detail="" time="0" memory="1244" score="10"/><testcase status="7" exitcode="0" detail="" time="0" memory="1240" score="10"/><testcase status="7" exitcode="0" detail="" time="0" memory="1236" score="10"/><testcase status="7" exitcode="0" detail="" time="0" memory="1240" score="10"/><testcase status="7" exitcode="0" detail="" time="0" memory="1236" score="10"/><testcase status="7" exitcode="0" detail="" time="0" memory="1244" score="10"/><testcase status="7" exitcode="0" detail="" time="0" memory="1236" score="10"/><testcase status="7" exitcode="0" detail="" time="0" memory="1240" score="10"/><testcase status="7" exitcode="0" detail="" time="0" memory="1240" score="10"/></problem><problem title="01&#x80CC;&#x5305;" filename="bag.cpp" status="1" hash="3600986201" detail=""><testcase status="7" exitcode="0" detail="" time="0" memory="480" score="10"/><testcase status="7" exitcode="0" detail="" time="0.01" memory="476" score="10"/><testcase status="7" exitcode="0" detail="" time="0" memory="472" score="10"/><testcase status="7" exitcode="0" detail="" time="0" memory="476" score="10"/><testcase status="7" exitcode="0" detail="" time="0" memory="472" score="10"/><testcase status="7" exitcode="0" detail="" time="0" memory="476" score="10"/><testcase status="7" exitcode="0" detail="" time="0" memory="480" score="10"/><testcase status="7" exitcode="0" detail="" time="0" memory="476" score="10"/><testcase status="7" exitcode="0" detail="" time="0.01" memory="476" score="10"/><testcase status="7" exitcode="0" detail="" time="0" memory="480" score="10"/></problem><problem title="&#x6446;&#x52A8;&#x5E8F;&#x5217;" filename="list.cpp" status="1" hash="509743650" detail=""><testcase status="7" exitcode="0" detail="" time="0" memory="456" score="10"/><testcase status="7" exitcode="0" detail="" time="0" memory="460" score="10"/><testcase status="7" exitcode="0" detail="" time="0" memory="456" score="10"/><testcase status="7" exitcode="0" detail="" time="0" memory="456" score="10"/><testcase status="7" exitcode="0" detail="" time="0" memory="460" score="10"/><testcase status="7" exitcode="0" detail="" time="0" memory="460" score="10"/><testcase status="7" exitcode="0" detail="" time="0" memory="460" score="10"/><testcase status="7" exitcode="0" detail="" time="0" memory="456" score="10"/><testcase status="7" exitcode="0" detail="" time="0.01" memory="452" score="10"/><testcase status="7" exitcode="0" detail="" time="0" memory="456" score="10"/></problem><problem title="&#x6446;&#x52A8;&#x5E8F;&#x5217;2" filename="listwo.cpp" status="1" hash="1807134097" detail=""><testcase status="7" exitcode="0" detail="" time="0" memory="456" score="10"/><testcase status="7" exitcode="0" detail="" time="0" memory="460" score="10"/><testcase status="7" exitcode="0" detail="" time="0" memory="456" score="10"/><testcase status="7" exitcode="0" detail="" time="0" memory="460" score="10"/><testcase status="7" exitcode="0" detail="" time="0.01" memory="460" score="10"/><testcase status="7" exitcode="0" detail="" time="0" memory="460" score="10"/><testcase status="7" exitcode="0" detail="" time="0" memory="456" score="10"/><testcase status="7" exitcode="0" detail="" time="0" memory="460" score="10"/><testcase status="7" exitcode="0" detail="" time="0" memory="456" score="10"/><testcase status="7" exitcode="0" detail="" time="0" memory="460" score="10"/></problem></result></cena>
