<?xml version="1.0"?>
<cena version="0.8.2"><result judgetime="44088.6485689815"><problem title="&#x5B57;&#x7B26;&#x6392;&#x5E8F;" filename="sstr.cpp" status="1" hash="765054747" detail=""><testcase status="7" exitcode="0" detail="" time="0" memory="544" score="10"/><testcase status="7" exitcode="0" detail="" time="0" memory="544" score="10"/><testcase status="7" exitcode="0" detail="" time="0" memory="544" score="10"/><testcase status="7" exitcode="0" detail="" time="0" memory="544" score="10"/><testcase status="7" exitcode="0" detail="" time="0" memory="544" score="10"/><testcase status="7" exitcode="0" detail="" time="0.01" memory="544" score="10"/><testcase status="7" exitcode="0" detail="" time="0" memory="544" score="10"/><testcase status="7" exitcode="0" detail="" time="0" memory="544" score="10"/><testcase status="7" exitcode="0" detail="" time="0" memory="544" score="10"/><testcase status="7" exitcode="0" detail="" time="0" memory="544" score="10"/></problem><problem title="&#x7279;&#x6B8A;&#x6392;&#x5E8F;" filename="ssort.cpp" status="1" hash="4188032427" detail=""><testcase status="7" exitcode="0" detail="" time="0" memory="840" score="10"/><testcase status="7" exitcode="0" detail="" time="0" memory="840" score="10"/><testcase status="7" exitcode="0" detail="" time="0" memory="844" score="10"/><testcase status="7" exitcode="0" detail="" time="0.03" memory="840" score="10"/><testcase status="7" exitcode="0" detail="" time="0.03" memory="844" score="10"/><testcase status="7" exitcode="0" detail="" time="0.03" memory="840" score="10"/><testcase status="7" exitcode="0" detail="" time="0.03" memory="840" score="10"/><testcase status="7" exitcode="0" detail="" time="0.03" memory="840" score="10"/><testcase status="7" exitcode="0" detail="" time="0.03" memory="840" score="10"/><testcase status="7" exitcode="0" detail="" time="0.03" memory="840" score="10"/></problem><problem title="EXCEL&#x6392;&#x5E8F;" filename="excel.cpp" status="1" hash="1728268827" detail=""><testcase status="7" exitcode="0" detail="" time="0.01" memory="5588" score="10"/><testcase status="7" exitcode="0" detail="" time="0.01" memory="5592" score="10"/><testcase status="7" exitcode="0" detail="" time="0.03" memory="5592" score="10"/><testcase status="7" exitcode="0" detail="" time="0.01" memory="5588" score="10"/><testcase status="3" exitcode="1" detail="" time="1.1856076" memory="5588" score="0"/><testcase status="7" exitcode="0" detail="" time="0.01" memory="5588" score="10"/><testcase status="7" exitcode="0" detail="" time="0.1" memory="5588" score="10"/><testcase status="7" exitcode="0" detail="" time="0" memory="5592" score="10"/><testcase status="7" exitcode="0" detail="" time="0" memory="5588" score="10"/><testcase status="3" exitcode="1" detail="" time="1.2012077" memory="5588" score="0"/></problem><problem title="&#x6251;&#x514B;&#x6392;&#x5E8F;" filename="card.cpp" status="1" hash="2100825169" detail="LTPJSPXL.cpp:36:13: warning: multi-character character constant [-Wmultichar]&#10;   if (ch == '10') a[i].num = 10;&#10;             ^~~~&#10;"><testcase status="7" exitcode="0" detail="" time="0" memory="480" score="10"/><testcase status="7" exitcode="0" detail="" time="0" memory="480" score="10"/><testcase status="7" exitcode="0" detail="" time="0" memory="480" score="10"/><testcase status="7" exitcode="0" detail="" time="0" memory="480" score="10"/><testcase status="7" exitcode="0" detail="" time="0" memory="484" score="10"/><testcase status="7" exitcode="0" detail="" time="0" memory="480" score="10"/><testcase status="7" exitcode="0" detail="" time="0" memory="480" score="10"/><testcase status="7" exitcode="0" detail="" time="0" memory="480" score="10"/><testcase status="7" exitcode="0" detail="" time="0" memory="480" score="10"/><testcase status="7" exitcode="0" detail="" time="0" memory="480" score="10"/></problem></result></cena>
