<?xml version="1.0"?>
<cena version="0.8.2"><result judgetime="44102.6394960417"><problem title="1&#x3001;&#x6570;&#x5B57;&#x4E09;&#x89D2;&#x5F62;" filename="triangle.cpp" status="1" hash="4068621865" detail=""><testcase status="3" exitcode="1" detail="" time="1.0140065" memory="484" score="0"/><testcase status="3" exitcode="1" detail="" time="1.0140065" memory="484" score="0"/><testcase status="3" exitcode="1" detail="" time="1.0608068" memory="484" score="0"/><testcase status="3" exitcode="1" detail="" time="1.0296066" memory="484" score="0"/><testcase status="3" exitcode="1" detail="" time="1.0608068" memory="484" score="0"/><testcase status="3" exitcode="1" detail="" time="1.0140065" memory="484" score="0"/><testcase status="3" exitcode="1" detail="" time="1.0296066" memory="484" score="0"/><testcase status="3" exitcode="1" detail="" time="1.0764069" memory="484" score="0"/><testcase status="3" exitcode="1" detail="" time="1.0140065" memory="484" score="0"/><testcase status="3" exitcode="1" detail="" time="1.0140065" memory="484" score="0"/></problem><problem title="2&#x3001;&#x6700;&#x957F;&#x4E0A;&#x5347;&#x5B50;&#x5E8F;&#x5217;" filename="" status="14" hash="0" detail=""><testcase status="14" exitcode="0" detail="" time="0" memory="0" score="0"/><testcase status="14" exitcode="0" detail="" time="0" memory="0" score="0"/><testcase status="14" exitcode="0" detail="" time="0" memory="0" score="0"/><testcase status="14" exitcode="0" detail="" time="0" memory="0" score="0"/><testcase status="14" exitcode="0" detail="" time="0" memory="0" score="0"/><testcase status="14" exitcode="0" detail="" time="0" memory="0" score="0"/><testcase status="14" exitcode="0" detail="" time="0" memory="0" score="0"/><testcase status="14" exitcode="0" detail="" time="0" memory="0" score="0"/><testcase status="14" exitcode="0" detail="" time="0" memory="0" score="0"/><testcase status="14" exitcode="0" detail="" time="0" memory="0" score="0"/></problem><problem title="3&#x3001;&#x6700;&#x957F;&#x516C;&#x5171;&#x5B50;&#x5E8F;&#x5217;" filename="" status="14" hash="0" detail=""><testcase status="14" exitcode="0" detail="" time="0" memory="0" score="0"/><testcase status="14" exitcode="0" detail="" time="0" memory="0" score="0"/><testcase status="14" exitcode="0" detail="" time="0" memory="0" score="0"/><testcase status="14" exitcode="0" detail="" time="0" memory="0" score="0"/><testcase status="14" exitcode="0" detail="" time="0" memory="0" score="0"/><testcase status="14" exitcode="0" detail="" time="0" memory="0" score="0"/><testcase status="14" exitcode="0" detail="" time="0" memory="0" score="0"/><testcase status="14" exitcode="0" detail="" time="0" memory="0" score="0"/><testcase status="14" exitcode="0" detail="" time="0" memory="0" score="0"/><testcase status="14" exitcode="0" detail="" time="0" memory="0" score="0"/></problem><problem title="4&#x3001;&#x6570;&#x7684;&#x8BA1;&#x6570;" filename="count.cpp" status="1" hash="2669892734" detail=""><testcase status="7" exitcode="0" detail="" time="0" memory="452" score="10"/><testcase status="6" exitcode="3221225477" detail="" time="0" memory="444" score="0"/><testcase status="6" exitcode="3221225477" detail="" time="0.01" memory="444" score="0"/><testcase status="6" exitcode="3221225477" detail="" time="0" memory="444" score="0"/><testcase status="6" exitcode="3221225477" detail="" time="0" memory="444" score="0"/><testcase status="6" exitcode="3221225477" detail="" time="0" memory="444" score="0"/><testcase status="7" exitcode="0" detail="" time="0" memory="452" score="10"/><testcase status="6" exitcode="3221225477" detail="" time="0" memory="444" score="0"/><testcase status="6" exitcode="3221225477" detail="" time="0.01" memory="444" score="0"/><testcase status="7" exitcode="0" detail="" time="0" memory="452" score="10"/></problem></result></cena>
