<?xml version="1.0"?>
<cena version="0.8.2"><result judgetime="44106.6422859491"><problem title="square" filename="square.cpp" status="1" hash="662808316" detail="DKPNPZGM.cpp:9:11: warning: built-in function 'y1' declared as non-function [-Wbuiltin-declaration-mismatch]&#10; int x1,x2,y1,y2,l,n,x,y,ans;&#10;           ^~&#10;"><testcase status="7" exitcode="0" detail="" time="0.01" memory="1140" score="10"/><testcase status="7" exitcode="0" detail="" time="0.01" memory="1076" score="10"/><testcase status="7" exitcode="0" detail="" time="0" memory="1080" score="10"/><testcase status="7" exitcode="0" detail="" time="0" memory="1084" score="10"/><testcase status="7" exitcode="0" detail="" time="0" memory="1076" score="10"/><testcase status="7" exitcode="0" detail="" time="0" memory="1084" score="10"/><testcase status="7" exitcode="0" detail="" time="0" memory="1084" score="10"/><testcase status="7" exitcode="0" detail="" time="0" memory="1088" score="10"/><testcase status="7" exitcode="0" detail="" time="0" memory="1084" score="10"/><testcase status="7" exitcode="0" detail="" time="0" memory="1088" score="10"/></problem><problem title="pairs" filename="pairs.cpp" status="1" hash="1378052795" detail=""><testcase status="7" exitcode="0" detail="" time="0" memory="1132" score="10"/><testcase status="7" exitcode="0" detail="" time="0" memory="1084" score="10"/><testcase status="7" exitcode="0" detail="" time="0" memory="1084" score="10"/><testcase status="7" exitcode="0" detail="" time="0" memory="1080" score="10"/><testcase status="7" exitcode="0" detail="" time="0" memory="1088" score="10"/><testcase status="7" exitcode="0" detail="" time="0" memory="1088" score="10"/><testcase status="7" exitcode="0" detail="" time="0" memory="1080" score="10"/><testcase status="7" exitcode="0" detail="" time="0" memory="1072" score="10"/><testcase status="7" exitcode="0" detail="" time="0" memory="1084" score="10"/><testcase status="7" exitcode="0" detail="" time="0" memory="1080" score="10"/></problem><problem title="qbin" filename="qbin.cpp" status="1" hash="1173459680" detail=""><testcase status="7" exitcode="0" detail="" time="0" memory="1144" score="10"/><testcase status="7" exitcode="0" detail="" time="0" memory="1088" score="10"/><testcase status="7" exitcode="0" detail="" time="0" memory="1088" score="10"/><testcase status="7" exitcode="0" detail="" time="0.01" memory="1092" score="10"/><testcase status="7" exitcode="0" detail="" time="0" memory="1080" score="10"/><testcase status="7" exitcode="0" detail="" time="0" memory="1088" score="10"/><testcase status="7" exitcode="0" detail="" time="0.01" memory="1092" score="10"/><testcase status="7" exitcode="0" detail="" time="0" memory="1088" score="10"/><testcase status="7" exitcode="0" detail="" time="0" memory="1092" score="10"/><testcase status="7" exitcode="0" detail="" time="0" memory="1092" score="10"/></problem><problem title="statistic" filename="statistic.cpp" status="1" hash="2604149943" detail=""><testcase status="7" exitcode="0" detail="" time="0" memory="12888" score="10"/><testcase status="7" exitcode="0" detail="" time="0.01" memory="12828" score="10"/><testcase status="7" exitcode="0" detail="" time="0" memory="12832" score="10"/><testcase status="7" exitcode="0" detail="" time="0.37" memory="12828" score="10"/><testcase status="7" exitcode="0" detail="" time="0.37" memory="12820" score="10"/><testcase status="7" exitcode="0" detail="" time="0.37" memory="12824" score="10"/><testcase status="7" exitcode="0" detail="" time="1.45" memory="12828" score="10"/><testcase status="3" exitcode="1" detail="" time="1.5066831" memory="12824" score="0"/><testcase status="3" exitcode="1" detail="" time="1.5232335" memory="12832" score="0"/><testcase status="7" exitcode="0" detail="" time="1.42" memory="12824" score="10"/></problem><problem title="cut" filename="" status="14" hash="0" detail=""><testcase status="14" exitcode="0" detail="" time="0" memory="0" score="0"/><testcase status="14" exitcode="0" detail="" time="0" memory="0" score="0"/><testcase status="14" exitcode="0" detail="" time="0" memory="0" score="0"/><testcase status="14" exitcode="0" detail="" time="0" memory="0" score="0"/><testcase status="14" exitcode="0" detail="" time="0" memory="0" score="0"/><testcase status="14" exitcode="0" detail="" time="0" memory="0" score="0"/><testcase status="14" exitcode="0" detail="" time="0" memory="0" score="0"/><testcase status="14" exitcode="0" detail="" time="0" memory="0" score="0"/><testcase status="14" exitcode="0" detail="" time="0" memory="0" score="0"/><testcase status="14" exitcode="0" detail="" time="0" memory="0" score="0"/></problem><problem title="diff" filename="diff.cpp" status="1" hash="1028831152" detail=""><testcase status="3" exitcode="1" detail="" time="1.03125" memory="1136" score="0"/><testcase status="3" exitcode="1" detail="" time="1.015625" memory="1088" score="0"/><testcase status="3" exitcode="1" detail="" time="1.015625" memory="1092" score="0"/><testcase status="3" exitcode="1" detail="" time="1.203125" memory="1100" score="0"/><testcase status="3" exitcode="1" detail="" time="1.0358511" memory="1096" score="0"/><testcase status="3" exitcode="1" detail="" time="1.1099258" memory="1100" score="0"/><testcase status="3" exitcode="1" detail="" time="1.0458181" memory="1096" score="0"/><testcase status="3" exitcode="1" detail="" time="1.0291156" memory="1100" score="0"/><testcase status="3" exitcode="1" detail="" time="1.0244984" memory="1100" score="0"/><testcase status="3" exitcode="1" detail="" time="1.0186862" memory="1096" score="0"/></problem></result></cena>
