<?xml version="1.0"?>
<cena version="0.8.2"><result judgetime="44095.7348858681"><problem title="notepad" filename="notepad.cpp" status="1" hash="3325720874" detail=""><testcase status="7" exitcode="0" detail="" time="0.01" memory="504" score="5"/><testcase status="7" exitcode="0" detail="" time="0.74" memory="5392" score="5"/><testcase status="7" exitcode="0" detail="" time="0.35" memory="452" score="5"/><testcase status="7" exitcode="0" detail="" time="0.87" memory="7500" score="5"/><testcase status="7" exitcode="0" detail="" time="0" memory="456" score="5"/><testcase status="7" exitcode="0" detail="" time="0" memory="452" score="5"/><testcase status="7" exitcode="0" detail="" time="0" memory="452" score="5"/><testcase status="7" exitcode="0" detail="" time="0.43" memory="1056" score="5"/><testcase status="7" exitcode="0" detail="" time="0.37" memory="1056" score="5"/><testcase status="7" exitcode="0" detail="" time="0.37" memory="1052" score="5"/><testcase status="7" exitcode="0" detail="" time="0.45" memory="1056" score="10"/><testcase status="7" exitcode="0" detail="" time="0.43" memory="1056" score="10"/><testcase status="7" exitcode="0" detail="" time="0" memory="452" score="10"/><testcase status="7" exitcode="0" detail="" time="0" memory="452" score="10"/><testcase status="7" exitcode="0" detail="" time="0.17" memory="452" score="10"/></problem><problem title="window" filename="window.cpp" status="1" hash="2094474938" detail=""><testcase status="8" exitcode="0" detail="&#x5728;&#x7B2C; 1 &#x884C;:&#13;&#10;----&#x9009;&#x624B;&#x8F93;&#x51FA;&#x7684;&#x7B2C; 22 &#x5217;----&#13;&#10;&gt;...41452 ...&#13;&#10;----&#x6807;&#x51C6;&#x8F93;&#x51FA;&#x7684;&#x7B2C; 22 &#x5217;----&#13;&#10;&gt;...15261 ..." time="0" memory="12192" score="0"/><testcase status="8" exitcode="0" detail="&#x5728;&#x7B2C; 1 &#x884C;:&#13;&#10;----&#x9009;&#x624B;&#x8F93;&#x51FA;&#x7684;&#x7B2C; 22 &#x5217;----&#13;&#10;&gt;...41452 ...&#13;&#10;----&#x6807;&#x51C6;&#x8F93;&#x51FA;&#x7684;&#x7B2C; 22 &#x5217;----&#13;&#10;&gt;...15261 ..." time="0" memory="12188" score="0"/><testcase status="7" exitcode="0" detail="" time="0.29" memory="12416" score="10"/><testcase status="8" exitcode="0" detail="&#x5728;&#x7B2C; 1 &#x884C;:&#13;&#10;----&#x9009;&#x624B;&#x8F93;&#x51FA;&#x7684;&#x7B2C; 15719 &#x5217;----&#13;&#10;&gt;...6109 -...&#13;&#10;----&#x6807;&#x51C6;&#x8F93;&#x51FA;&#x7684;&#x7B2C; 15719 &#x5217;----&#13;&#10;&gt;...5314 -..." time="0.28" memory="12208" score="0"/><testcase status="7" exitcode="0" detail="" time="0.14" memory="12376" score="10"/><testcase status="3" exitcode="1" detail="" time="1.1856076" memory="12184" score="0"/><testcase status="3" exitcode="1" detail="" time="1.0140065" memory="12184" score="0"/><testcase status="3" exitcode="1" detail="" time="1.0140065" memory="12184" score="0"/><testcase status="3" exitcode="1" detail="" time="1.2012077" memory="12188" score="0"/><testcase status="3" exitcode="1" detail="" time="1.0140065" memory="12188" score="0"/></problem><problem title="apples" filename="" status="14" hash="0" detail=""><testcase status="14" exitcode="0" detail="" time="0" memory="0" score="0"/><testcase status="14" exitcode="0" detail="" time="0" memory="0" score="0"/><testcase status="14" exitcode="0" detail="" time="0" memory="0" score="0"/><testcase status="14" exitcode="0" detail="" time="0" memory="0" score="0"/><testcase status="14" exitcode="0" detail="" time="0" memory="0" score="0"/><testcase status="14" exitcode="0" detail="" time="0" memory="0" score="0"/><testcase status="14" exitcode="0" detail="" time="0" memory="0" score="0"/><testcase status="14" exitcode="0" detail="" time="0" memory="0" score="0"/></problem><problem title="zipper" filename="" status="14" hash="0" detail=""><testcase status="14" exitcode="0" detail="" time="0" memory="0" score="0"/><testcase status="14" exitcode="0" detail="" time="0" memory="0" score="0"/><testcase status="14" exitcode="0" detail="" time="0" memory="0" score="0"/><testcase status="14" exitcode="0" detail="" time="0" memory="0" score="0"/><testcase status="14" exitcode="0" detail="" time="0" memory="0" score="0"/><testcase status="14" exitcode="0" detail="" time="0" memory="0" score="0"/><testcase status="14" exitcode="0" detail="" time="0" memory="0" score="0"/><testcase status="14" exitcode="0" detail="" time="0" memory="0" score="0"/><testcase status="14" exitcode="0" detail="" time="0" memory="0" score="0"/><testcase status="14" exitcode="0" detail="" time="0" memory="0" score="0"/></problem></result></cena>
