<?xml version="1.0"?>
<cena version="0.8.2"><result judgetime="44106.6380398148"><problem title="square" filename="square.cpp" status="1" hash="2819795497" detail=""><testcase status="7" exitcode="0" detail="" time="0" memory="1144" score="10"/><testcase status="7" exitcode="0" detail="" time="0.01" memory="1080" score="10"/><testcase status="7" exitcode="0" detail="" time="0" memory="1084" score="10"/><testcase status="7" exitcode="0" detail="" time="0" memory="1076" score="10"/><testcase status="7" exitcode="0" detail="" time="0" memory="1088" score="10"/><testcase status="7" exitcode="0" detail="" time="0" memory="1084" score="10"/><testcase status="7" exitcode="0" detail="" time="0" memory="1076" score="10"/><testcase status="7" exitcode="0" detail="" time="0" memory="1084" score="10"/><testcase status="7" exitcode="0" detail="" time="0" memory="1076" score="10"/><testcase status="7" exitcode="0" detail="" time="0.01" memory="1076" score="10"/></problem><problem title="pairs" filename="pairs.cpp" status="1" hash="3139000805" detail=""><testcase status="7" exitcode="0" detail="" time="0" memory="1140" score="10"/><testcase status="7" exitcode="0" detail="" time="0" memory="1072" score="10"/><testcase status="7" exitcode="0" detail="" time="0" memory="1084" score="10"/><testcase status="7" exitcode="0" detail="" time="0" memory="1072" score="10"/><testcase status="7" exitcode="0" detail="" time="0" memory="1080" score="10"/><testcase status="7" exitcode="0" detail="" time="0" memory="1076" score="10"/><testcase status="7" exitcode="0" detail="" time="0" memory="1088" score="10"/><testcase status="7" exitcode="0" detail="" time="0" memory="1080" score="10"/><testcase status="7" exitcode="0" detail="" time="0" memory="1076" score="10"/><testcase status="7" exitcode="0" detail="" time="0" memory="1076" score="10"/></problem><problem title="qbin" filename="qbin.cpp" status="1" hash="81471250" detail=""><testcase status="7" exitcode="0" detail="" time="0" memory="1136" score="10"/><testcase status="7" exitcode="0" detail="" time="0" memory="1088" score="10"/><testcase status="7" exitcode="0" detail="" time="0" memory="1084" score="10"/><testcase status="7" exitcode="0" detail="" time="0" memory="1076" score="10"/><testcase status="7" exitcode="0" detail="" time="0" memory="1084" score="10"/><testcase status="7" exitcode="0" detail="" time="0.01" memory="1084" score="10"/><testcase status="7" exitcode="0" detail="" time="0.01" memory="1072" score="10"/><testcase status="7" exitcode="0" detail="" time="0" memory="1080" score="10"/><testcase status="7" exitcode="0" detail="" time="0" memory="1076" score="10"/><testcase status="7" exitcode="0" detail="" time="0" memory="1080" score="10"/></problem><problem title="statistic" filename="statistic.cpp" status="1" hash="3086847875" detail=""><testcase status="7" exitcode="0" detail="" time="0" memory="12880" score="10"/><testcase status="7" exitcode="0" detail="" time="0" memory="12820" score="10"/><testcase status="7" exitcode="0" detail="" time="0.01" memory="12816" score="10"/><testcase status="7" exitcode="0" detail="" time="0.37" memory="12816" score="10"/><testcase status="7" exitcode="0" detail="" time="0.32" memory="12820" score="10"/><testcase status="7" exitcode="0" detail="" time="0.37" memory="12828" score="10"/><testcase status="7" exitcode="0" detail="" time="1.39" memory="12828" score="10"/><testcase status="7" exitcode="0" detail="" time="1.43" memory="12816" score="10"/><testcase status="7" exitcode="0" detail="" time="1.43" memory="12820" score="10"/><testcase status="7" exitcode="0" detail="" time="1.45" memory="12820" score="10"/></problem><problem title="cut" filename="cut.cpp" status="1" hash="3612218736" detail=""><testcase status="7" exitcode="0" detail="" time="0" memory="2744" score="10"/><testcase status="7" exitcode="0" detail="" time="0.03" memory="2684" score="10"/><testcase status="7" exitcode="0" detail="" time="0.03" memory="2692" score="10"/><testcase status="7" exitcode="0" detail="" time="0.04" memory="3048" score="10"/><testcase status="7" exitcode="0" detail="" time="0.04" memory="3044" score="10"/><testcase status="7" exitcode="0" detail="" time="0.03" memory="3040" score="10"/><testcase status="7" exitcode="0" detail="" time="0.03" memory="3028" score="10"/><testcase status="7" exitcode="0" detail="" time="0.51" memory="7076" score="10"/><testcase status="7" exitcode="0" detail="" time="0.4" memory="6928" score="10"/><testcase status="7" exitcode="0" detail="" time="0.37" memory="6772" score="10"/></problem><problem title="diff" filename="diff.cpp" status="1" hash="671820829" detail=""><testcase status="8" exitcode="0" detail="&#x5728;&#x7B2C; 1 &#x884C;:&#13;&#10;----&#x9009;&#x624B;&#x8F93;&#x51FA;&#x7684;&#x7B2C; 1 &#x5217;----&#13;&#10;&gt;13&#13;&#10;----&#x6807;&#x51C6;&#x8F93;&#x51FA;&#x7684;&#x7B2C; 1 &#x5217;----&#13;&#10;&gt;63" time="0" memory="1136" score="0"/><testcase status="8" exitcode="0" detail="&#x5728;&#x7B2C; 1 &#x884C;:&#13;&#10;----&#x9009;&#x624B;&#x8F93;&#x51FA;&#x7684;&#x7B2C; 1 &#x5217;----&#13;&#10;&gt;30&#13;&#10;----&#x6807;&#x51C6;&#x8F93;&#x51FA;&#x7684;&#x7B2C; 1 &#x5217;----&#13;&#10;&gt;89" time="0" memory="1076" score="0"/><testcase status="8" exitcode="0" detail="&#x5728;&#x7B2C; 1 &#x884C;:&#13;&#10;----&#x9009;&#x624B;&#x8F93;&#x51FA;&#x7684;&#x7B2C; 1 &#x5217;----&#13;&#10;&gt;20&#13;&#10;----&#x6807;&#x51C6;&#x8F93;&#x51FA;&#x7684;&#x7B2C; 1 &#x5217;----&#13;&#10;&gt;71" time="0" memory="1076" score="0"/><testcase status="8" exitcode="0" detail="&#x5728;&#x7B2C; 1 &#x884C;:&#13;&#10;----&#x9009;&#x624B;&#x8F93;&#x51FA;&#x7684;&#x7B2C; 1 &#x5217;----&#13;&#10;&gt;25&#13;&#10;----&#x6807;&#x51C6;&#x8F93;&#x51FA;&#x7684;&#x7B2C; 1 &#x5217;----&#13;&#10;&gt;93" time="0" memory="1080" score="0"/><testcase status="8" exitcode="0" detail="&#x5728;&#x7B2C; 1 &#x884C;:&#13;&#10;----&#x9009;&#x624B;&#x8F93;&#x51FA;&#x7684;&#x7B2C; 1 &#x5217;----&#13;&#10;&gt;46&#13;&#10;----&#x6807;&#x51C6;&#x8F93;&#x51FA;&#x7684;&#x7B2C; 1 &#x5217;----&#13;&#10;&gt;90" time="0" memory="1080" score="0"/><testcase status="8" exitcode="0" detail="&#x5728;&#x7B2C; 1 &#x884C;:&#13;&#10;----&#x9009;&#x624B;&#x8F93;&#x51FA;&#x7684;&#x7B2C; 1 &#x5217;----&#13;&#10;&gt;80&#13;&#10;----&#x6807;&#x51C6;&#x8F93;&#x51FA;&#x7684;&#x7B2C; 1 &#x5217;----&#13;&#10;&gt;70" time="0" memory="1076" score="0"/><testcase status="8" exitcode="0" detail="&#x5728;&#x7B2C; 1 &#x884C;:&#13;&#10;----&#x9009;&#x624B;&#x8F93;&#x51FA;&#x7684;&#x7B2C; 1 &#x5217;----&#13;&#10;&gt;17&#13;&#10;----&#x6807;&#x51C6;&#x8F93;&#x51FA;&#x7684;&#x7B2C; 1 &#x5217;----&#13;&#10;&gt;69" time="0.01" memory="1076" score="0"/><testcase status="8" exitcode="0" detail="&#x5728;&#x7B2C; 1 &#x884C;:&#13;&#10;----&#x9009;&#x624B;&#x8F93;&#x51FA;&#x7684;&#x7B2C; 1 &#x5217;----&#13;&#10;&gt;52&#13;&#10;----&#x6807;&#x51C6;&#x8F93;&#x51FA;&#x7684;&#x7B2C; 1 &#x5217;----&#13;&#10;&gt;65" time="0" memory="1084" score="0"/><testcase status="8" exitcode="0" detail="&#x5728;&#x7B2C; 1 &#x884C;:&#13;&#10;----&#x9009;&#x624B;&#x8F93;&#x51FA;&#x7684;&#x7B2C; 1 &#x5217;----&#13;&#10;&gt;58&#13;&#10;----&#x6807;&#x51C6;&#x8F93;&#x51FA;&#x7684;&#x7B2C; 1 &#x5217;----&#13;&#10;&gt;68" time="0" memory="1080" score="0"/><testcase status="8" exitcode="0" detail="&#x5728;&#x7B2C; 1 &#x884C;:&#13;&#10;----&#x9009;&#x624B;&#x8F93;&#x51FA;&#x7684;&#x7B2C; 1 &#x5217;----&#13;&#10;&gt;32&#13;&#10;----&#x6807;&#x51C6;&#x8F93;&#x51FA;&#x7684;&#x7B2C; 1 &#x5217;----&#13;&#10;&gt;74" time="0" memory="1076" score="0"/></problem></result></cena>
