<?xml version="1.0"?>
<cena version="0.8.2"><result judgetime="44095.7335951273"><problem title="notepad" filename="notepad.cpp" status="16" hash="1350444809" detail="LKIBGQKJ.cpp:12:21: warning: multi-character character constant [-Wmultichar]&#10;      '7', '7', '7', ' 7',&#10;                     ^~~~&#10;LKIBGQKJ.cpp:15:1: error: narrowing conversion of '8247' from 'int' to 'char' inside { } [-Wnarrowing]&#10; };&#10; ^&#10;"><testcase status="16" exitcode="1" detail="" time="0" memory="0" score="0"/><testcase status="16" exitcode="1" detail="" time="0" memory="0" score="0"/><testcase status="16" exitcode="1" detail="" time="0" memory="0" score="0"/><testcase status="16" exitcode="1" detail="" time="0" memory="0" score="0"/><testcase status="16" exitcode="1" detail="" time="0" memory="0" score="0"/><testcase status="16" exitcode="1" detail="" time="0" memory="0" score="0"/><testcase status="16" exitcode="1" detail="" time="0" memory="0" score="0"/><testcase status="16" exitcode="1" detail="" time="0" memory="0" score="0"/><testcase status="16" exitcode="1" detail="" time="0" memory="0" score="0"/><testcase status="16" exitcode="1" detail="" time="0" memory="0" score="0"/><testcase status="16" exitcode="1" detail="" time="0" memory="0" score="0"/><testcase status="16" exitcode="1" detail="" time="0" memory="0" score="0"/><testcase status="16" exitcode="1" detail="" time="0" memory="0" score="0"/><testcase status="16" exitcode="1" detail="" time="0" memory="0" score="0"/><testcase status="16" exitcode="1" detail="" time="0" memory="0" score="0"/></problem><problem title="window" filename="window.cpp" status="1" hash="2195956903" detail=""><testcase status="10" exitcode="0" detail="" time="0" memory="1232" score="0"/><testcase status="10" exitcode="0" detail="" time="0" memory="1236" score="0"/><testcase status="10" exitcode="0" detail="" time="0" memory="1232" score="0"/><testcase status="10" exitcode="0" detail="" time="0" memory="1232" score="0"/><testcase status="10" exitcode="0" detail="" time="0" memory="1232" score="0"/><testcase status="10" exitcode="0" detail="" time="0" memory="1232" score="0"/><testcase status="10" exitcode="0" detail="" time="0.01" memory="1232" score="0"/><testcase status="10" exitcode="0" detail="" time="0.01" memory="1232" score="0"/><testcase status="10" exitcode="0" detail="" time="0.01" memory="1232" score="0"/><testcase status="10" exitcode="0" detail="" time="0.01" memory="1232" score="0"/></problem><problem title="apples" filename="" status="14" hash="0" detail=""><testcase status="14" exitcode="0" detail="" time="0" memory="0" score="0"/><testcase status="14" exitcode="0" detail="" time="0" memory="0" score="0"/><testcase status="14" exitcode="0" detail="" time="0" memory="0" score="0"/><testcase status="14" exitcode="0" detail="" time="0" memory="0" score="0"/><testcase status="14" exitcode="0" detail="" time="0" memory="0" score="0"/><testcase status="14" exitcode="0" detail="" time="0" memory="0" score="0"/><testcase status="14" exitcode="0" detail="" time="0" memory="0" score="0"/><testcase status="14" exitcode="0" detail="" time="0" memory="0" score="0"/></problem><problem title="zipper" filename="" status="14" hash="0" detail=""><testcase status="14" exitcode="0" detail="" time="0" memory="0" score="0"/><testcase status="14" exitcode="0" detail="" time="0" memory="0" score="0"/><testcase status="14" exitcode="0" detail="" time="0" memory="0" score="0"/><testcase status="14" exitcode="0" detail="" time="0" memory="0" score="0"/><testcase status="14" exitcode="0" detail="" time="0" memory="0" score="0"/><testcase status="14" exitcode="0" detail="" time="0" memory="0" score="0"/><testcase status="14" exitcode="0" detail="" time="0" memory="0" score="0"/><testcase status="14" exitcode="0" detail="" time="0" memory="0" score="0"/><testcase status="14" exitcode="0" detail="" time="0" memory="0" score="0"/><testcase status="14" exitcode="0" detail="" time="0" memory="0" score="0"/></problem></result></cena>
