<?xml version="1.0"?>
<cena version="0.8.1"><result judgetime="44088.4776782176"><problem title="&#x5B57;&#x7B26;&#x6392;&#x5E8F;" filename="sstr.cpp" status="1" hash="1092279699" detail=""><testcase status="7" exitcode="0" detail="" time="0" memory="464" score="10"/><testcase status="7" exitcode="0" detail="" time="0" memory="464" score="10"/><testcase status="7" exitcode="0" detail="" time="0" memory="464" score="10"/><testcase status="7" exitcode="0" detail="" time="0" memory="468" score="10"/><testcase status="7" exitcode="0" detail="" time="0" memory="468" score="10"/><testcase status="7" exitcode="0" detail="" time="0" memory="460" score="10"/><testcase status="7" exitcode="0" detail="" time="0" memory="460" score="10"/><testcase status="7" exitcode="0" detail="" time="0" memory="468" score="10"/><testcase status="7" exitcode="0" detail="" time="0" memory="468" score="10"/><testcase status="7" exitcode="0" detail="" time="0" memory="460" score="10"/></problem><problem title="&#x7279;&#x6B8A;&#x6392;&#x5E8F;" filename="ssort.cpp" status="1" hash="3432609342" detail=""><testcase status="7" exitcode="0" detail="" time="0" memory="472" score="10"/><testcase status="7" exitcode="0" detail="" time="0" memory="472" score="10"/><testcase status="7" exitcode="0" detail="" time="0" memory="472" score="10"/><testcase status="7" exitcode="0" detail="" time="0.03" memory="468" score="10"/><testcase status="7" exitcode="0" detail="" time="0.03" memory="476" score="10"/><testcase status="7" exitcode="0" detail="" time="0.03" memory="464" score="10"/><testcase status="7" exitcode="0" detail="" time="0.03" memory="476" score="10"/><testcase status="7" exitcode="0" detail="" time="0.03" memory="468" score="10"/><testcase status="7" exitcode="0" detail="" time="0.01" memory="464" score="10"/><testcase status="7" exitcode="0" detail="" time="0.01" memory="472" score="10"/></problem><problem title="EXCEL&#x6392;&#x5E8F;" filename="excel.cpp" status="1" hash="3702188394" detail=""><testcase status="7" exitcode="0" detail="" time="0" memory="2816" score="10"/><testcase status="7" exitcode="0" detail="" time="0" memory="2812" score="10"/><testcase status="7" exitcode="0" detail="" time="0" memory="2812" score="10"/><testcase status="7" exitcode="0" detail="" time="0" memory="2816" score="10"/><testcase status="7" exitcode="0" detail="" time="0.29" memory="2812" score="10"/><testcase status="7" exitcode="0" detail="" time="0" memory="2812" score="10"/><testcase status="7" exitcode="0" detail="" time="0.01" memory="2820" score="10"/><testcase status="7" exitcode="0" detail="" time="0" memory="2816" score="10"/><testcase status="7" exitcode="0" detail="" time="0" memory="2812" score="10"/><testcase status="7" exitcode="0" detail="" time="0.2" memory="2812" score="10"/></problem><problem title="&#x6251;&#x514B;&#x6392;&#x5E8F;" filename="card.cpp" status="1" hash="2435877024" detail=""><testcase status="7" exitcode="0" detail="" time="0" memory="464" score="10"/><testcase status="7" exitcode="0" detail="" time="0" memory="468" score="10"/><testcase status="7" exitcode="0" detail="" time="0" memory="464" score="10"/><testcase status="7" exitcode="0" detail="" time="0.01" memory="464" score="10"/><testcase status="7" exitcode="0" detail="" time="0" memory="468" score="10"/><testcase status="7" exitcode="0" detail="" time="0" memory="468" score="10"/><testcase status="7" exitcode="0" detail="" time="0" memory="468" score="10"/><testcase status="7" exitcode="0" detail="" time="0" memory="464" score="10"/><testcase status="7" exitcode="0" detail="" time="0" memory="468" score="10"/><testcase status="7" exitcode="0" detail="" time="0.01" memory="464" score="10"/></problem></result></cena>
