<?xml version="1.0"?>
<cena version="0.8.2"><result judgetime="44088.721915787"><problem title="correlate" filename="correlate.cpp" status="1" hash="1937568595" detail=""><testcase status="7" exitcode="0" detail="" time="0" memory="456" score="10"/><testcase status="7" exitcode="0" detail="" time="0" memory="452" score="10"/><testcase status="7" exitcode="0" detail="" time="0.01" memory="452" score="10"/><testcase status="7" exitcode="0" detail="" time="0.01" memory="448" score="10"/><testcase status="7" exitcode="0" detail="" time="0" memory="452" score="10"/><testcase status="7" exitcode="0" detail="" time="0" memory="452" score="10"/><testcase status="7" exitcode="0" detail="" time="0" memory="452" score="10"/><testcase status="7" exitcode="0" detail="" time="0" memory="452" score="10"/><testcase status="7" exitcode="0" detail="" time="0" memory="448" score="10"/><testcase status="7" exitcode="0" detail="" time="0" memory="452" score="10"/></problem><problem title="happy" filename="happy.cpp" status="1" hash="4258362539" detail=""><testcase status="7" exitcode="0" detail="" time="0" memory="400" score="10"/><testcase status="7" exitcode="0" detail="" time="0" memory="400" score="10"/><testcase status="7" exitcode="0" detail="" time="0" memory="396" score="10"/><testcase status="7" exitcode="0" detail="" time="0" memory="396" score="10"/><testcase status="7" exitcode="0" detail="" time="0" memory="400" score="10"/><testcase status="7" exitcode="0" detail="" time="0" memory="396" score="10"/><testcase status="7" exitcode="0" detail="" time="0" memory="400" score="10"/><testcase status="7" exitcode="0" detail="" time="0" memory="400" score="10"/><testcase status="7" exitcode="0" detail="" time="0.01" memory="400" score="10"/><testcase status="7" exitcode="0" detail="" time="0" memory="396" score="10"/></problem><problem title="gene" filename="gene.cpp" status="1" hash="1551443553" detail=""><testcase status="7" exitcode="0" detail="" time="0" memory="284" score="10"/><testcase status="8" exitcode="0" detail="&#x5728;&#x7B2C; 1 &#x884C;:&#13;&#10;----&#x9009;&#x624B;&#x8F93;&#x51FA;&#x7684;&#x7B2C; 1 &#x5217;----&#13;&#10;&gt;6&#13;&#10;----&#x6807;&#x51C6;&#x8F93;&#x51FA;&#x7684;&#x7B2C; 1 &#x5217;----&#13;&#10;&gt;1" time="0" memory="288" score="0"/><testcase status="7" exitcode="0" detail="" time="0" memory="288" score="10"/><testcase status="8" exitcode="0" detail="&#x5728;&#x7B2C; 1 &#x884C;:&#13;&#10;----&#x9009;&#x624B;&#x8F93;&#x51FA;&#x7684;&#x7B2C; 2 &#x5217;----&#13;&#10;&gt;...31&#13;&#10;----&#x6807;&#x51C6;&#x8F93;&#x51FA;&#x7684;&#x7B2C; 2 &#x5217;----&#13;&#10;&gt;...40" time="0" memory="288" score="0"/><testcase status="8" exitcode="0" detail="&#x5728;&#x7B2C; 1 &#x884C;:&#13;&#10;----&#x9009;&#x624B;&#x8F93;&#x51FA;&#x7684;&#x7B2C; 1 &#x5217;----&#13;&#10;&gt;102&#13;&#10;----&#x6807;&#x51C6;&#x8F93;&#x51FA;&#x7684;&#x7B2C; 1 &#x5217;----&#13;&#10;&gt;93" time="0" memory="288" score="0"/><testcase status="8" exitcode="0" detail="&#x5728;&#x7B2C; 1 &#x884C;:&#13;&#10;----&#x9009;&#x624B;&#x8F93;&#x51FA;&#x7684;&#x7B2C; 2 &#x5217;----&#13;&#10;&gt;...4&#13;&#10;----&#x6807;&#x51C6;&#x8F93;&#x51FA;&#x7684;&#x7B2C; 2 &#x5217;----&#13;&#10;&gt;...3" time="0" memory="284" score="0"/><testcase status="7" exitcode="0" detail="" time="0" memory="288" score="10"/><testcase status="8" exitcode="0" detail="&#x5728;&#x7B2C; 1 &#x884C;:&#13;&#10;----&#x9009;&#x624B;&#x8F93;&#x51FA;&#x7684;&#x7B2C; 2 &#x5217;----&#13;&#10;&gt;...9&#13;&#10;----&#x6807;&#x51C6;&#x8F93;&#x51FA;&#x7684;&#x7B2C; 2 &#x5217;----&#13;&#10;&gt;...3" time="0" memory="288" score="0"/><testcase status="7" exitcode="0" detail="" time="0" memory="288" score="10"/><testcase status="8" exitcode="0" detail="&#x5728;&#x7B2C; 1 &#x884C;:&#13;&#10;----&#x9009;&#x624B;&#x8F93;&#x51FA;&#x7684;&#x7B2C; 3 &#x5217;----&#13;&#10;&gt;...3&#13;&#10;----&#x6807;&#x51C6;&#x8F93;&#x51FA;&#x7684;&#x7B2C; 3 &#x5217;----&#13;&#10;&gt;...1" time="0" memory="288" score="0"/></problem><problem title="shopping" filename="shopping.cpp" status="16" hash="1390033208" detail="QJJLQIMA.cpp: In function 'int main()':&#10;QJJLQIMA.cpp:5:21: error: 'n' was not declared in this scope&#10;  while(~scanf(&quot;%d&quot;,&amp;n));&#10;                     ^&#10;"><testcase status="16" exitcode="1" detail="" time="0" memory="0" score="0"/><testcase status="16" exitcode="1" detail="" time="0" memory="0" score="0"/><testcase status="16" exitcode="1" detail="" time="0" memory="0" score="0"/><testcase status="16" exitcode="1" detail="" time="0" memory="0" score="0"/><testcase status="16" exitcode="1" detail="" time="0" memory="0" score="0"/><testcase status="16" exitcode="1" detail="" time="0" memory="0" score="0"/><testcase status="16" exitcode="1" detail="" time="0" memory="0" score="0"/></problem></result></cena>
