<?xml version="1.0"?>
<cena version="0.8.2"><result judgetime="44106.4177116204"><problem title="square" filename="square.cpp" status="1" hash="204935441" detail=""><testcase status="7" exitcode="0" detail="" time="0" memory="332" score="10"/><testcase status="7" exitcode="0" detail="" time="0" memory="336" score="10"/><testcase status="7" exitcode="0" detail="" time="0" memory="336" score="10"/><testcase status="7" exitcode="0" detail="" time="0" memory="332" score="10"/><testcase status="7" exitcode="0" detail="" time="0" memory="336" score="10"/><testcase status="7" exitcode="0" detail="" time="0" memory="332" score="10"/><testcase status="7" exitcode="0" detail="" time="0" memory="336" score="10"/><testcase status="7" exitcode="0" detail="" time="0" memory="336" score="10"/><testcase status="7" exitcode="0" detail="" time="0" memory="336" score="10"/><testcase status="7" exitcode="0" detail="" time="0" memory="336" score="10"/></problem><problem title="pairs" filename="pairs.cpp" status="1" hash="4046154815" detail=""><testcase status="7" exitcode="0" detail="" time="0" memory="332" score="10"/><testcase status="7" exitcode="0" detail="" time="0" memory="336" score="10"/><testcase status="7" exitcode="0" detail="" time="0" memory="332" score="10"/><testcase status="7" exitcode="0" detail="" time="0" memory="336" score="10"/><testcase status="7" exitcode="0" detail="" time="0" memory="332" score="10"/><testcase status="7" exitcode="0" detail="" time="0" memory="332" score="10"/><testcase status="7" exitcode="0" detail="" time="0" memory="332" score="10"/><testcase status="7" exitcode="0" detail="" time="0" memory="332" score="10"/><testcase status="7" exitcode="0" detail="" time="0" memory="336" score="10"/><testcase status="7" exitcode="0" detail="" time="0" memory="332" score="10"/></problem><problem title="qbin" filename="qbin.cpp" status="1" hash="21638998" detail=""><testcase status="7" exitcode="0" detail="" time="0" memory="336" score="10"/><testcase status="7" exitcode="0" detail="" time="0" memory="332" score="10"/><testcase status="7" exitcode="0" detail="" time="0" memory="332" score="10"/><testcase status="7" exitcode="0" detail="" time="0" memory="332" score="10"/><testcase status="7" exitcode="0" detail="" time="0" memory="336" score="10"/><testcase status="7" exitcode="0" detail="" time="0" memory="332" score="10"/><testcase status="7" exitcode="0" detail="" time="0" memory="336" score="10"/><testcase status="7" exitcode="0" detail="" time="0" memory="332" score="10"/><testcase status="7" exitcode="0" detail="" time="0" memory="332" score="10"/><testcase status="7" exitcode="0" detail="" time="0" memory="336" score="10"/></problem><problem title="statistic" filename="statistic.cpp" status="1" hash="3508097763" detail=""><testcase status="7" exitcode="0" detail="" time="0" memory="12068" score="10"/><testcase status="7" exitcode="0" detail="" time="0" memory="12068" score="10"/><testcase status="7" exitcode="0" detail="" time="0" memory="12072" score="10"/><testcase status="7" exitcode="0" detail="" time="0.06" memory="12076" score="10"/><testcase status="7" exitcode="0" detail="" time="0.06" memory="12076" score="10"/><testcase status="7" exitcode="0" detail="" time="0.04" memory="12076" score="10"/><testcase status="7" exitcode="0" detail="" time="0.21" memory="12076" score="10"/><testcase status="7" exitcode="0" detail="" time="0.21" memory="12068" score="10"/><testcase status="7" exitcode="0" detail="" time="0.26" memory="12076" score="10"/><testcase status="7" exitcode="0" detail="" time="0.23" memory="12068" score="10"/></problem><problem title="cut" filename="cut.cpp" status="1" hash="38205460" detail=""><testcase status="7" exitcode="0" detail="" time="0" memory="1656" score="10"/><testcase status="7" exitcode="0" detail="" time="0" memory="1648" score="10"/><testcase status="7" exitcode="0" detail="" time="0" memory="1720" score="10"/><testcase status="7" exitcode="0" detail="" time="0.03" memory="3288" score="10"/><testcase status="7" exitcode="0" detail="" time="0.04" memory="4476" score="10"/><testcase status="7" exitcode="0" detail="" time="0.04" memory="4468" score="10"/><testcase status="7" exitcode="0" detail="" time="0.04" memory="3840" score="10"/><testcase status="7" exitcode="0" detail="" time="0.32" memory="19304" score="10"/><testcase status="7" exitcode="0" detail="" time="0.34" memory="19352" score="10"/><testcase status="7" exitcode="0" detail="" time="0.51" memory="31028" score="10"/></problem><problem title="diff" filename="diff.cpp" status="1" hash="4198101653" detail=""><testcase status="7" exitcode="0" detail="" time="0" memory="452" score="10"/><testcase status="7" exitcode="0" detail="" time="0.01" memory="448" score="10"/><testcase status="7" exitcode="0" detail="" time="0.01" memory="448" score="10"/><testcase status="7" exitcode="0" detail="" time="0.1" memory="452" score="10"/><testcase status="7" exitcode="0" detail="" time="0.07" memory="448" score="10"/><testcase status="7" exitcode="0" detail="" time="0.07" memory="452" score="10"/><testcase status="7" exitcode="0" detail="" time="0.09" memory="452" score="10"/><testcase status="7" exitcode="0" detail="" time="0.07" memory="448" score="10"/><testcase status="7" exitcode="0" detail="" time="0.07" memory="452" score="10"/><testcase status="7" exitcode="0" detail="" time="0.09" memory="448" score="10"/></problem></result></cena>
