<?xml version="1.0"?>
<cena version="0.8.2"><result judgetime="44106.6378729745"><problem title="square" filename="square.cpp" status="1" hash="3722189123" detail=""><testcase status="7" exitcode="0" detail="" time="0" memory="980" score="10"/><testcase status="7" exitcode="0" detail="" time="0" memory="916" score="10"/><testcase status="7" exitcode="0" detail="" time="0" memory="916" score="10"/><testcase status="7" exitcode="0" detail="" time="0" memory="920" score="10"/><testcase status="7" exitcode="0" detail="" time="0" memory="920" score="10"/><testcase status="7" exitcode="0" detail="" time="0.01" memory="912" score="10"/><testcase status="7" exitcode="0" detail="" time="0" memory="912" score="10"/><testcase status="7" exitcode="0" detail="" time="0" memory="912" score="10"/><testcase status="7" exitcode="0" detail="" time="0" memory="916" score="10"/><testcase status="7" exitcode="0" detail="" time="0" memory="920" score="10"/></problem><problem title="pairs" filename="pairs.cpp" status="1" hash="414630916" detail=""><testcase status="7" exitcode="0" detail="" time="0" memory="904" score="10"/><testcase status="7" exitcode="0" detail="" time="0" memory="836" score="10"/><testcase status="7" exitcode="0" detail="" time="0" memory="832" score="10"/><testcase status="7" exitcode="0" detail="" time="0" memory="832" score="10"/><testcase status="7" exitcode="0" detail="" time="0" memory="836" score="10"/><testcase status="7" exitcode="0" detail="" time="0" memory="840" score="10"/><testcase status="7" exitcode="0" detail="" time="0" memory="836" score="10"/><testcase status="7" exitcode="0" detail="" time="0" memory="832" score="10"/><testcase status="7" exitcode="0" detail="" time="0" memory="836" score="10"/><testcase status="7" exitcode="0" detail="" time="0" memory="836" score="10"/></problem><problem title="qbin" filename="qbin.cpp" status="1" hash="298637599" detail=""><testcase status="7" exitcode="0" detail="" time="0" memory="900" score="10"/><testcase status="7" exitcode="0" detail="" time="0" memory="836" score="10"/><testcase status="7" exitcode="0" detail="" time="0" memory="832" score="10"/><testcase status="7" exitcode="0" detail="" time="0" memory="836" score="10"/><testcase status="7" exitcode="0" detail="" time="0" memory="836" score="10"/><testcase status="7" exitcode="0" detail="" time="0" memory="836" score="10"/><testcase status="7" exitcode="0" detail="" time="0" memory="840" score="10"/><testcase status="7" exitcode="0" detail="" time="0" memory="836" score="10"/><testcase status="7" exitcode="0" detail="" time="0" memory="840" score="10"/><testcase status="7" exitcode="0" detail="" time="0" memory="832" score="10"/></problem><problem title="statistic" filename="statistic.cpp" status="1" hash="867863095" detail=""><testcase status="7" exitcode="0" detail="" time="0" memory="12648" score="10"/><testcase status="7" exitcode="0" detail="" time="0" memory="12584" score="10"/><testcase status="7" exitcode="0" detail="" time="0" memory="12580" score="10"/><testcase status="7" exitcode="0" detail="" time="0.37" memory="12576" score="10"/><testcase status="7" exitcode="0" detail="" time="0.35" memory="12580" score="10"/><testcase status="7" exitcode="0" detail="" time="0.37" memory="12572" score="10"/><testcase status="7" exitcode="0" detail="" time="1.45" memory="12576" score="10"/><testcase status="7" exitcode="0" detail="" time="1.42" memory="12576" score="10"/><testcase status="7" exitcode="0" detail="" time="1.43" memory="12580" score="10"/><testcase status="7" exitcode="0" detail="" time="1.43" memory="12576" score="10"/></problem><problem title="cut" filename="cut.cpp" status="1" hash="2114097604" detail=""><testcase status="7" exitcode="0" detail="" time="0.01" memory="3648" score="10"/><testcase status="7" exitcode="0" detail="" time="0" memory="3580" score="10"/><testcase status="7" exitcode="0" detail="" time="0" memory="3576" score="10"/><testcase status="7" exitcode="0" detail="" time="0.01" memory="3580" score="10"/><testcase status="7" exitcode="0" detail="" time="0.01" memory="3580" score="10"/><testcase status="7" exitcode="0" detail="" time="0" memory="3580" score="10"/><testcase status="7" exitcode="0" detail="" time="0" memory="3580" score="10"/><testcase status="7" exitcode="0" detail="" time="0.21" memory="3592" score="10"/><testcase status="7" exitcode="0" detail="" time="0.18" memory="3584" score="10"/><testcase status="7" exitcode="0" detail="" time="0.14" memory="3580" score="10"/></problem><problem title="diff" filename="diff.cpp" status="1" hash="321797247" detail=""><testcase status="7" exitcode="0" detail="" time="0.1" memory="18812" score="10"/><testcase status="7" exitcode="0" detail="" time="0.1" memory="18748" score="10"/><testcase status="7" exitcode="0" detail="" time="0.09" memory="18748" score="10"/><testcase status="7" exitcode="0" detail="" time="0.4" memory="18748" score="10"/><testcase status="7" exitcode="0" detail="" time="0.29" memory="18748" score="10"/><testcase status="7" exitcode="0" detail="" time="0.31" memory="18744" score="10"/><testcase status="7" exitcode="0" detail="" time="0.37" memory="18744" score="10"/><testcase status="7" exitcode="0" detail="" time="0.31" memory="18744" score="10"/><testcase status="7" exitcode="0" detail="" time="0.32" memory="18748" score="10"/><testcase status="7" exitcode="0" detail="" time="0.37" memory="18748" score="10"/></problem></result></cena>
