<?xml version="1.0"?>
<cena version="0.8.2"><result judgetime="44106.6460882407"><problem title="square" filename="square.cpp" status="1" hash="1546404991" detail=""><testcase status="7" exitcode="0" detail="" time="0.01" memory="1168" score="10"/><testcase status="7" exitcode="0" detail="" time="0.01" memory="1116" score="10"/><testcase status="7" exitcode="0" detail="" time="0.03" memory="1112" score="10"/><testcase status="7" exitcode="0" detail="" time="0.01" memory="1120" score="10"/><testcase status="7" exitcode="0" detail="" time="0.03" memory="1112" score="10"/><testcase status="7" exitcode="0" detail="" time="0.03" memory="1104" score="10"/><testcase status="7" exitcode="0" detail="" time="0.03" memory="1112" score="10"/><testcase status="7" exitcode="0" detail="" time="0.04" memory="1116" score="10"/><testcase status="7" exitcode="0" detail="" time="0.03" memory="1116" score="10"/><testcase status="7" exitcode="0" detail="" time="0.03" memory="1112" score="10"/></problem><problem title="pairs" filename="pairs.cpp" status="1" hash="1092575832" detail=""><testcase status="7" exitcode="0" detail="" time="0" memory="1172" score="10"/><testcase status="7" exitcode="0" detail="" time="0" memory="1116" score="10"/><testcase status="7" exitcode="0" detail="" time="0" memory="1120" score="10"/><testcase status="7" exitcode="0" detail="" time="0.01" memory="1116" score="10"/><testcase status="7" exitcode="0" detail="" time="0" memory="1112" score="10"/><testcase status="7" exitcode="0" detail="" time="0" memory="1112" score="10"/><testcase status="7" exitcode="0" detail="" time="0.01" memory="1116" score="10"/><testcase status="7" exitcode="0" detail="" time="0" memory="1120" score="10"/><testcase status="7" exitcode="0" detail="" time="0.01" memory="1120" score="10"/><testcase status="7" exitcode="0" detail="" time="0" memory="1116" score="10"/></problem><problem title="qbin" filename="qbin.cpp" status="1" hash="2670282933" detail=""><testcase status="6" exitcode="3221225477" detail="" time="0" memory="1880" score="0"/><testcase status="6" exitcode="3221225477" detail="" time="0" memory="1804" score="0"/><testcase status="6" exitcode="3221225477" detail="" time="0" memory="1820" score="0"/><testcase status="6" exitcode="3221225477" detail="" time="0" memory="1816" score="0"/><testcase status="6" exitcode="3221225477" detail="" time="0" memory="1820" score="0"/><testcase status="6" exitcode="3221225477" detail="" time="0" memory="1816" score="0"/><testcase status="6" exitcode="3221225477" detail="" time="0" memory="1816" score="0"/><testcase status="6" exitcode="3221225477" detail="" time="0" memory="1812" score="0"/><testcase status="6" exitcode="3221225477" detail="" time="0" memory="1808" score="0"/><testcase status="6" exitcode="3221225477" detail="" time="0" memory="1820" score="0"/></problem><problem title="statistic" filename="statistic.cpp" status="1" hash="1930545939" detail=""><testcase status="7" exitcode="0" detail="" time="0.03" memory="24628" score="10"/><testcase status="7" exitcode="0" detail="" time="0.03" memory="24576" score="10"/><testcase status="7" exitcode="0" detail="" time="0.03" memory="24556" score="10"/><testcase status="3" exitcode="1" detail="" time="1.0771854" memory="24560" score="0"/><testcase status="3" exitcode="1" detail="" time="1.0297251" memory="24572" score="0"/><testcase status="3" exitcode="1" detail="" time="1.0170797" memory="24572" score="0"/><testcase status="3" exitcode="1" detail="" time="1.6394377" memory="24572" score="0"/><testcase status="3" exitcode="1" detail="" time="1.6975705" memory="24556" score="0"/><testcase status="3" exitcode="1" detail="" time="1.640625" memory="24572" score="0"/><testcase status="3" exitcode="1" detail="" time="1.640625" memory="24572" score="0"/></problem><problem title="cut" filename="cut.cpp" status="1" hash="1049510245" detail=""><testcase status="8" exitcode="0" detail="&#x5728;&#x7B2C; 1 &#x884C;:&#13;&#10;----&#x9009;&#x624B;&#x8F93;&#x51FA;&#x7684;&#x7B2C; 1 &#x5217;----&#13;&#10;&gt;3 5 7 ...&#13;&#10;----&#x6807;&#x51C6;&#x8F93;&#x51FA;&#x7684;&#x7B2C; 1 &#x5217;----&#13;&#10;&gt;426 " time="0" memory="3912" score="0"/><testcase status="8" exitcode="0" detail="&#x5728;&#x7B2C; 1 &#x884C;:&#13;&#10;----&#x9009;&#x624B;&#x8F93;&#x51FA;&#x7684;&#x7B2C; 1 &#x5217;----&#13;&#10;&gt;6 7 15...&#13;&#10;----&#x6807;&#x51C6;&#x8F93;&#x51FA;&#x7684;&#x7B2C; 1 &#x5217;----&#13;&#10;&gt;587 " time="0.01" memory="3860" score="0"/><testcase status="8" exitcode="0" detail="&#x5728;&#x7B2C; 1 &#x884C;:&#13;&#10;----&#x9009;&#x624B;&#x8F93;&#x51FA;&#x7684;&#x7B2C; 3 &#x5217;----&#13;&#10;&gt;... 7 8 11...&#13;&#10;----&#x6807;&#x51C6;&#x8F93;&#x51FA;&#x7684;&#x7B2C; 2 &#x5217;----&#13;&#10;&gt;...7 " time="0" memory="3856" score="0"/><testcase status="8" exitcode="0" detail="&#x5728;&#x7B2C; 1 &#x884C;:&#13;&#10;----&#x9009;&#x624B;&#x8F93;&#x51FA;&#x7684;&#x7B2C; 1 &#x5217;----&#13;&#10;&gt;2 3 6 ...&#13;&#10;----&#x6807;&#x51C6;&#x8F93;&#x51FA;&#x7684;&#x7B2C; 1 &#x5217;----&#13;&#10;&gt;1709 " time="0.07" memory="3860" score="0"/><testcase status="8" exitcode="0" detail="&#x5728;&#x7B2C; 1 &#x884C;:&#13;&#10;----&#x9009;&#x624B;&#x8F93;&#x51FA;&#x7684;&#x7B2C; 1 &#x5217;----&#13;&#10;&gt;3 4 7 ...&#13;&#10;----&#x6807;&#x51C6;&#x8F93;&#x51FA;&#x7684;&#x7B2C; 1 &#x5217;----&#13;&#10;&gt;8800 " time="0.06" memory="3864" score="0"/><testcase status="8" exitcode="0" detail="&#x5728;&#x7B2C; 1 &#x884C;:&#13;&#10;----&#x9009;&#x624B;&#x8F93;&#x51FA;&#x7684;&#x7B2C; 1 &#x5217;----&#13;&#10;&gt;2 4 5 ...&#13;&#10;----&#x6807;&#x51C6;&#x8F93;&#x51FA;&#x7684;&#x7B2C; 1 &#x5217;----&#13;&#10;&gt;5357 " time="0.06" memory="3856" score="0"/><testcase status="8" exitcode="0" detail="&#x5728;&#x7B2C; 1 &#x884C;:&#13;&#10;----&#x9009;&#x624B;&#x8F93;&#x51FA;&#x7684;&#x7B2C; 1 &#x5217;----&#13;&#10;&gt;4 8 9 ...&#13;&#10;----&#x6807;&#x51C6;&#x8F93;&#x51FA;&#x7684;&#x7B2C; 1 &#x5217;----&#13;&#10;&gt;2808 " time="0.07" memory="3856" score="0"/><testcase status="3" exitcode="1" detail="" time="1.0373812" memory="3860" score="0"/><testcase status="8" exitcode="0" detail="&#x5728;&#x7B2C; 1 &#x884C;:&#13;&#10;----&#x9009;&#x624B;&#x8F93;&#x51FA;&#x7684;&#x7B2C; 1 &#x5217;----&#13;&#10;&gt;2 5 6 ...&#13;&#10;----&#x6807;&#x51C6;&#x8F93;&#x51FA;&#x7684;&#x7B2C; 1 &#x5217;----&#13;&#10;&gt;78398 " time="0.93" memory="3856" score="0"/><testcase status="8" exitcode="0" detail="&#x5728;&#x7B2C; 1 &#x884C;:&#13;&#10;----&#x9009;&#x624B;&#x8F93;&#x51FA;&#x7684;&#x7B2C; 1 &#x5217;----&#13;&#10;&gt;3 7 8 ...&#13;&#10;----&#x6807;&#x51C6;&#x8F93;&#x51FA;&#x7684;&#x7B2C; 1 &#x5217;----&#13;&#10;&gt;77150 " time="0.73" memory="3860" score="0"/></problem><problem title="diff" filename="" status="14" hash="0" detail=""><testcase status="14" exitcode="0" detail="" time="0" memory="0" score="0"/><testcase status="14" exitcode="0" detail="" time="0" memory="0" score="0"/><testcase status="14" exitcode="0" detail="" time="0" memory="0" score="0"/><testcase status="14" exitcode="0" detail="" time="0" memory="0" score="0"/><testcase status="14" exitcode="0" detail="" time="0" memory="0" score="0"/><testcase status="14" exitcode="0" detail="" time="0" memory="0" score="0"/><testcase status="14" exitcode="0" detail="" time="0" memory="0" score="0"/><testcase status="14" exitcode="0" detail="" time="0" memory="0" score="0"/><testcase status="14" exitcode="0" detail="" time="0" memory="0" score="0"/><testcase status="14" exitcode="0" detail="" time="0" memory="0" score="0"/></problem></result></cena>
