<?xml version="1.0"?>
<cena version="0.8.1"><result judgetime="44081.665257581"><problem title="&#x6570;&#x5217;&#x6392;&#x5E8F;" filename="grop.cpp" status="1" hash="170235122" detail=""><testcase status="7" exitcode="0" detail="" time="0.01" memory="1024" score="10"/><testcase status="7" exitcode="0" detail="" time="0" memory="1024" score="10"/><testcase status="7" exitcode="0" detail="" time="0" memory="1024" score="10"/><testcase status="7" exitcode="0" detail="" time="0" memory="1024" score="10"/><testcase status="7" exitcode="0" detail="" time="0" memory="1028" score="10"/><testcase status="7" exitcode="0" detail="" time="0.01" memory="1020" score="10"/><testcase status="7" exitcode="0" detail="" time="0" memory="1020" score="10"/><testcase status="7" exitcode="0" detail="" time="0.01" memory="1028" score="10"/><testcase status="7" exitcode="0" detail="" time="0.01" memory="1024" score="10"/><testcase status="7" exitcode="0" detail="" time="0" memory="1028" score="10"/></problem><problem title="&#x65E5;&#x671F;&#x6392;&#x5E8F;" filename="date.cpp" status="1" hash="3036587492" detail=""><testcase status="7" exitcode="0" detail="" time="0" memory="1052" score="10"/><testcase status="7" exitcode="0" detail="" time="0" memory="1052" score="10"/><testcase status="7" exitcode="0" detail="" time="0.01" memory="1052" score="10"/><testcase status="7" exitcode="0" detail="" time="0.01" memory="1052" score="10"/><testcase status="7" exitcode="0" detail="" time="0" memory="1048" score="10"/><testcase status="7" exitcode="0" detail="" time="0.01" memory="1052" score="10"/><testcase status="7" exitcode="0" detail="" time="0" memory="1052" score="10"/><testcase status="7" exitcode="0" detail="" time="0" memory="1056" score="10"/><testcase status="7" exitcode="0" detail="" time="0.01" memory="1052" score="10"/><testcase status="7" exitcode="0" detail="" time="0" memory="1052" score="10"/></problem><problem title="&#x8EAB;&#x4EFD;&#x8BC1;&#x6392;&#x5E8F;" filename="idcard.cpp" status="1" hash="3958697269" detail=""><testcase status="7" exitcode="0" detail="" time="0.03" memory="32256" score="10"/><testcase status="7" exitcode="0" detail="" time="0.03" memory="32252" score="10"/><testcase status="7" exitcode="0" detail="" time="0.03" memory="32256" score="10"/><testcase status="7" exitcode="0" detail="" time="0.01" memory="32252" score="10"/><testcase status="7" exitcode="0" detail="" time="0.04" memory="32252" score="10"/><testcase status="7" exitcode="0" detail="" time="0.03" memory="32252" score="10"/><testcase status="7" exitcode="0" detail="" time="0.04" memory="32252" score="10"/><testcase status="7" exitcode="0" detail="" time="0.01" memory="32248" score="10"/><testcase status="7" exitcode="0" detail="" time="0.04" memory="32248" score="10"/><testcase status="7" exitcode="0" detail="" time="0.03" memory="32248" score="10"/></problem><problem title="&#x6210;&#x7EE9;&#x6392;&#x5E8F;" filename="score.cpp" status="1" hash="2269660224" detail=""><testcase status="7" exitcode="0" detail="" time="0.01" memory="1252" score="10"/><testcase status="7" exitcode="0" detail="" time="0.03" memory="1252" score="10"/><testcase status="7" exitcode="0" detail="" time="0.03" memory="1252" score="10"/><testcase status="7" exitcode="0" detail="" time="0.01" memory="1248" score="10"/><testcase status="7" exitcode="0" detail="" time="0.01" memory="1244" score="10"/><testcase status="7" exitcode="0" detail="" time="0.01" memory="1244" score="10"/><testcase status="7" exitcode="0" detail="" time="0.01" memory="1232" score="10"/><testcase status="7" exitcode="0" detail="" time="0.01" memory="1236" score="10"/><testcase status="3" exitcode="1" detail="" time="1.1232072" memory="1172" score="0"/><testcase status="3" exitcode="1" detail="" time="1.0296066" memory="1172" score="0"/></problem><problem title="&#x6392;&#x5E8F;" filename="ssort.cpp" status="1" hash="339408779" detail=""><testcase status="7" exitcode="0" detail="" time="0" memory="1028" score="10"/><testcase status="7" exitcode="0" detail="" time="0.01" memory="1028" score="10"/><testcase status="7" exitcode="0" detail="" time="0" memory="1024" score="10"/><testcase status="7" exitcode="0" detail="" time="0" memory="1032" score="10"/><testcase status="7" exitcode="0" detail="" time="0.03" memory="1032" score="10"/><testcase status="7" exitcode="0" detail="" time="0.01" memory="1028" score="10"/><testcase status="7" exitcode="0" detail="" time="0.01" memory="1032" score="10"/><testcase status="7" exitcode="0" detail="" time="0" memory="1028" score="10"/><testcase status="7" exitcode="0" detail="" time="0.01" memory="1028" score="10"/><testcase status="7" exitcode="0" detail="" time="0.01" memory="1024" score="10"/></problem><problem title="&#x7EDD;&#x5BF9;&#x503C;&#x6392;&#x5E8F;" filename="absolute.cpp" status="1" hash="1197128963" detail=""><testcase status="7" exitcode="0" detail="" time="0" memory="1028" score="10"/><testcase status="7" exitcode="0" detail="" time="0" memory="1032" score="10"/><testcase status="7" exitcode="0" detail="" time="0.01" memory="1028" score="10"/><testcase status="7" exitcode="0" detail="" time="0" memory="1024" score="10"/><testcase status="7" exitcode="0" detail="" time="0" memory="1028" score="10"/><testcase status="7" exitcode="0" detail="" time="0" memory="1028" score="10"/><testcase status="7" exitcode="0" detail="" time="0" memory="1032" score="10"/><testcase status="7" exitcode="0" detail="" time="0.01" memory="1024" score="10"/><testcase status="7" exitcode="0" detail="" time="0" memory="1024" score="10"/><testcase status="7" exitcode="0" detail="" time="0" memory="1024" score="10"/></problem></result></cena>
