<?xml version="1.0"?>
<cena version="0.8.1"><result judgetime="44081.6642840162"><problem title="&#x6570;&#x5217;&#x6392;&#x5E8F;" filename="grop.cpp" status="1" hash="1794622904" detail=""><testcase status="7" exitcode="0" detail="" time="0.01" memory="1060" score="10"/><testcase status="7" exitcode="0" detail="" time="0.01" memory="1060" score="10"/><testcase status="7" exitcode="0" detail="" time="0.01" memory="1060" score="10"/><testcase status="7" exitcode="0" detail="" time="0" memory="1060" score="10"/><testcase status="7" exitcode="0" detail="" time="0" memory="1060" score="10"/><testcase status="7" exitcode="0" detail="" time="0" memory="1060" score="10"/><testcase status="7" exitcode="0" detail="" time="0" memory="1060" score="10"/><testcase status="7" exitcode="0" detail="" time="0.01" memory="1060" score="10"/><testcase status="7" exitcode="0" detail="" time="0.01" memory="1060" score="10"/><testcase status="7" exitcode="0" detail="" time="0" memory="1056" score="10"/></problem><problem title="&#x65E5;&#x671F;&#x6392;&#x5E8F;" filename="date.cpp" status="1" hash="4258660629" detail=""><testcase status="7" exitcode="0" detail="" time="0" memory="3248" score="10"/><testcase status="7" exitcode="0" detail="" time="0" memory="3252" score="10"/><testcase status="7" exitcode="0" detail="" time="0.01" memory="3252" score="10"/><testcase status="7" exitcode="0" detail="" time="0" memory="3252" score="10"/><testcase status="7" exitcode="0" detail="" time="0" memory="3248" score="10"/><testcase status="7" exitcode="0" detail="" time="0" memory="3252" score="10"/><testcase status="7" exitcode="0" detail="" time="0.01" memory="3248" score="10"/><testcase status="7" exitcode="0" detail="" time="0.01" memory="3248" score="10"/><testcase status="7" exitcode="0" detail="" time="0" memory="3248" score="10"/><testcase status="7" exitcode="0" detail="" time="0" memory="3248" score="10"/></problem><problem title="&#x8EAB;&#x4EFD;&#x8BC1;&#x6392;&#x5E8F;" filename="idcard.cpp" status="1" hash="438236084" detail=""><testcase status="7" exitcode="0" detail="" time="0" memory="4028" score="10"/><testcase status="7" exitcode="0" detail="" time="0" memory="4028" score="10"/><testcase status="7" exitcode="0" detail="" time="0.01" memory="4024" score="10"/><testcase status="7" exitcode="0" detail="" time="0" memory="4028" score="10"/><testcase status="7" exitcode="0" detail="" time="0" memory="4028" score="10"/><testcase status="7" exitcode="0" detail="" time="0" memory="4024" score="10"/><testcase status="7" exitcode="0" detail="" time="0" memory="4032" score="10"/><testcase status="7" exitcode="0" detail="" time="0" memory="4024" score="10"/><testcase status="7" exitcode="0" detail="" time="0" memory="4024" score="10"/><testcase status="7" exitcode="0" detail="" time="0.01" memory="4028" score="10"/></problem><problem title="&#x6210;&#x7EE9;&#x6392;&#x5E8F;" filename="score.cpp" status="1" hash="1082773755" detail=""><testcase status="7" exitcode="0" detail="" time="0" memory="1136" score="10"/><testcase status="7" exitcode="0" detail="" time="0" memory="1136" score="10"/><testcase status="7" exitcode="0" detail="" time="0.01" memory="1132" score="10"/><testcase status="7" exitcode="0" detail="" time="0" memory="1136" score="10"/><testcase status="7" exitcode="0" detail="" time="0" memory="1136" score="10"/><testcase status="7" exitcode="0" detail="" time="0.03" memory="1132" score="10"/><testcase status="7" exitcode="0" detail="" time="0" memory="1120" score="10"/><testcase status="7" exitcode="0" detail="" time="0.01" memory="1116" score="10"/><testcase status="7" exitcode="0" detail="" time="0.01" memory="1052" score="10"/><testcase status="7" exitcode="0" detail="" time="0.01" memory="1048" score="10"/></problem><problem title="&#x6392;&#x5E8F;" filename="ssort.cpp" status="1" hash="2546459162" detail=""><testcase status="7" exitcode="0" detail="" time="0.01" memory="1676" score="10"/><testcase status="7" exitcode="0" detail="" time="0" memory="1680" score="10"/><testcase status="7" exitcode="0" detail="" time="0.01" memory="1680" score="10"/><testcase status="7" exitcode="0" detail="" time="0" memory="1680" score="10"/><testcase status="7" exitcode="0" detail="" time="0.01" memory="1680" score="10"/><testcase status="7" exitcode="0" detail="" time="0" memory="1680" score="10"/><testcase status="7" exitcode="0" detail="" time="0.01" memory="1676" score="10"/><testcase status="7" exitcode="0" detail="" time="0" memory="1680" score="10"/><testcase status="7" exitcode="0" detail="" time="0.01" memory="1680" score="10"/><testcase status="7" exitcode="0" detail="" time="0.01" memory="1684" score="10"/></problem><problem title="&#x7EDD;&#x5BF9;&#x503C;&#x6392;&#x5E8F;" filename="absolute.cpp" status="1" hash="2839936509" detail=""><testcase status="7" exitcode="0" detail="" time="0" memory="1680" score="10"/><testcase status="7" exitcode="0" detail="" time="0.01" memory="1680" score="10"/><testcase status="7" exitcode="0" detail="" time="0.01" memory="1680" score="10"/><testcase status="7" exitcode="0" detail="" time="0" memory="1680" score="10"/><testcase status="7" exitcode="0" detail="" time="0" memory="1676" score="10"/><testcase status="7" exitcode="0" detail="" time="0.01" memory="1680" score="10"/><testcase status="7" exitcode="0" detail="" time="0" memory="1680" score="10"/><testcase status="7" exitcode="0" detail="" time="0.01" memory="1684" score="10"/><testcase status="7" exitcode="0" detail="" time="0" memory="1680" score="10"/><testcase status="7" exitcode="0" detail="" time="0" memory="1684" score="10"/></problem></result></cena>
