<?xml version="1.0"?>
<cena version="0.8.1"><result judgetime="44123.6942637847"><problem title="&#x6C42;&#x6700;&#x957F;&#x516C;&#x5171;&#x5B50;&#x5E8F;&#x5217;LCS" filename="public.cpp" status="1" hash="2681874934" detail=""><testcase status="7" exitcode="0" detail="" time="0.01" memory="4432" score="10"/><testcase status="7" exitcode="0" detail="" time="0" memory="4428" score="10"/><testcase status="7" exitcode="0" detail="" time="0" memory="4428" score="10"/><testcase status="7" exitcode="0" detail="" time="0.2" memory="4436" score="10"/><testcase status="7" exitcode="0" detail="" time="0.17" memory="4428" score="10"/><testcase status="7" exitcode="0" detail="" time="0.2" memory="4432" score="10"/><testcase status="7" exitcode="0" detail="" time="0.18" memory="4424" score="10"/><testcase status="7" exitcode="0" detail="" time="0.18" memory="4428" score="10"/><testcase status="7" exitcode="0" detail="" time="0.18" memory="4432" score="10"/><testcase status="7" exitcode="0" detail="" time="0.21" memory="4428" score="10"/></problem><problem title="&#x6700;&#x957F;&#x4E0A;&#x5347;&#x5B50;&#x5E8F;&#x5217;" filename="longrise.cpp" status="1" hash="2394640902" detail=""><testcase status="7" exitcode="0" detail="" time="0" memory="464" score="10"/><testcase status="7" exitcode="0" detail="" time="0.01" memory="468" score="10"/><testcase status="7" exitcode="0" detail="" time="0" memory="468" score="10"/><testcase status="7" exitcode="0" detail="" time="0" memory="460" score="10"/><testcase status="7" exitcode="0" detail="" time="0" memory="464" score="10"/><testcase status="7" exitcode="0" detail="" time="0" memory="464" score="10"/><testcase status="7" exitcode="0" detail="" time="0" memory="460" score="10"/><testcase status="7" exitcode="0" detail="" time="0" memory="468" score="10"/><testcase status="7" exitcode="0" detail="" time="0" memory="468" score="10"/><testcase status="7" exitcode="0" detail="" time="0.01" memory="464" score="10"/></problem><problem title="&#x548C;&#x6700;&#x5927;&#x5B50;&#x5E8F;&#x5217;" filename="mlong.cpp" status="1" hash="3558634056" detail=""><testcase status="7" exitcode="0" detail="" time="0" memory="1628" score="10"/><testcase status="7" exitcode="0" detail="" time="0.01" memory="1640" score="10"/><testcase status="7" exitcode="0" detail="" time="0" memory="1628" score="10"/><testcase status="7" exitcode="0" detail="" time="0" memory="1632" score="10"/><testcase status="7" exitcode="0" detail="" time="0" memory="1632" score="10"/><testcase status="7" exitcode="0" detail="" time="0" memory="1636" score="10"/><testcase status="7" exitcode="0" detail="" time="0" memory="1628" score="10"/><testcase status="7" exitcode="0" detail="" time="0" memory="1628" score="10"/><testcase status="7" exitcode="0" detail="" time="0.01" memory="1636" score="10"/><testcase status="7" exitcode="0" detail="" time="0.01" memory="1632" score="10"/></problem><problem title="01&#x80CC;&#x5305;" filename="bag.cpp" status="1" hash="1445494050" detail=""><testcase status="7" exitcode="0" detail="" time="0" memory="476" score="10"/><testcase status="7" exitcode="0" detail="" time="0.01" memory="476" score="10"/><testcase status="7" exitcode="0" detail="" time="0" memory="480" score="10"/><testcase status="7" exitcode="0" detail="" time="0.01" memory="476" score="10"/><testcase status="7" exitcode="0" detail="" time="0" memory="476" score="10"/><testcase status="7" exitcode="0" detail="" time="0" memory="472" score="10"/><testcase status="7" exitcode="0" detail="" time="0" memory="480" score="10"/><testcase status="7" exitcode="0" detail="" time="0" memory="476" score="10"/><testcase status="7" exitcode="0" detail="" time="0" memory="476" score="10"/><testcase status="7" exitcode="0" detail="" time="0" memory="480" score="10"/></problem><problem title="&#x6446;&#x52A8;&#x5E8F;&#x5217;" filename="list.cpp" status="1" hash="1174280444" detail=""><testcase status="7" exitcode="0" detail="" time="0.03" memory="460" score="10"/><testcase status="7" exitcode="0" detail="" time="0" memory="456" score="10"/><testcase status="7" exitcode="0" detail="" time="0" memory="460" score="10"/><testcase status="7" exitcode="0" detail="" time="0" memory="456" score="10"/><testcase status="7" exitcode="0" detail="" time="0" memory="456" score="10"/><testcase status="7" exitcode="0" detail="" time="0" memory="460" score="10"/><testcase status="7" exitcode="0" detail="" time="0" memory="464" score="10"/><testcase status="7" exitcode="0" detail="" time="0" memory="460" score="10"/><testcase status="7" exitcode="0" detail="" time="0" memory="460" score="10"/><testcase status="7" exitcode="0" detail="" time="0" memory="460" score="10"/></problem><problem title="&#x6446;&#x52A8;&#x5E8F;&#x5217;2" filename="listwo.cpp" status="1" hash="2535173461" detail=""><testcase status="7" exitcode="0" detail="" time="0.01" memory="460" score="10"/><testcase status="7" exitcode="0" detail="" time="0" memory="460" score="10"/><testcase status="7" exitcode="0" detail="" time="0" memory="452" score="10"/><testcase status="7" exitcode="0" detail="" time="0" memory="460" score="10"/><testcase status="7" exitcode="0" detail="" time="0" memory="456" score="10"/><testcase status="7" exitcode="0" detail="" time="0" memory="460" score="10"/><testcase status="7" exitcode="0" detail="" time="0" memory="456" score="10"/><testcase status="7" exitcode="0" detail="" time="0" memory="452" score="10"/><testcase status="7" exitcode="0" detail="" time="0" memory="460" score="10"/><testcase status="7" exitcode="0" detail="" time="0" memory="460" score="10"/></problem></result></cena>
