<?xml version="1.0"?>
<cena version="0.8.2"><result judgetime="44088.7218708218"><problem title="correlate" filename="correlate.cpp" status="1" hash="724610596" detail=""><testcase status="7" exitcode="0" detail="" time="0" memory="240" score="10"/><testcase status="7" exitcode="0" detail="" time="0" memory="244" score="10"/><testcase status="7" exitcode="0" detail="" time="0" memory="244" score="10"/><testcase status="7" exitcode="0" detail="" time="0" memory="244" score="10"/><testcase status="7" exitcode="0" detail="" time="0" memory="244" score="10"/><testcase status="7" exitcode="0" detail="" time="0" memory="244" score="10"/><testcase status="7" exitcode="0" detail="" time="0" memory="244" score="10"/><testcase status="7" exitcode="0" detail="" time="0" memory="240" score="10"/><testcase status="7" exitcode="0" detail="" time="0" memory="244" score="10"/><testcase status="7" exitcode="0" detail="" time="0" memory="244" score="10"/></problem><problem title="happy" filename="happy.cpp" status="1" hash="2267439415" detail=""><testcase status="7" exitcode="0" detail="" time="0" memory="252" score="10"/><testcase status="7" exitcode="0" detail="" time="0" memory="256" score="10"/><testcase status="7" exitcode="0" detail="" time="0" memory="252" score="10"/><testcase status="7" exitcode="0" detail="" time="0" memory="252" score="10"/><testcase status="7" exitcode="0" detail="" time="0" memory="256" score="10"/><testcase status="7" exitcode="0" detail="" time="0" memory="252" score="10"/><testcase status="7" exitcode="0" detail="" time="0" memory="252" score="10"/><testcase status="7" exitcode="0" detail="" time="0" memory="256" score="10"/><testcase status="7" exitcode="0" detail="" time="0" memory="252" score="10"/><testcase status="7" exitcode="0" detail="" time="0" memory="256" score="10"/></problem><problem title="gene" filename="gene.cpp" status="1" hash="1231193652" detail=""><testcase status="7" exitcode="0" detail="" time="0" memory="488" score="10"/><testcase status="7" exitcode="0" detail="" time="0" memory="488" score="10"/><testcase status="7" exitcode="0" detail="" time="0" memory="492" score="10"/><testcase status="7" exitcode="0" detail="" time="0" memory="488" score="10"/><testcase status="7" exitcode="0" detail="" time="0" memory="488" score="10"/><testcase status="7" exitcode="0" detail="" time="0" memory="488" score="10"/><testcase status="7" exitcode="0" detail="" time="0" memory="492" score="10"/><testcase status="7" exitcode="0" detail="" time="0" memory="488" score="10"/><testcase status="7" exitcode="0" detail="" time="0" memory="488" score="10"/><testcase status="7" exitcode="0" detail="" time="0" memory="488" score="10"/></problem><problem title="shopping" filename="" status="14" hash="0" detail=""><testcase status="14" exitcode="0" detail="" time="0" memory="0" score="0"/><testcase status="14" exitcode="0" detail="" time="0" memory="0" score="0"/><testcase status="14" exitcode="0" detail="" time="0" memory="0" score="0"/><testcase status="14" exitcode="0" detail="" time="0" memory="0" score="0"/><testcase status="14" exitcode="0" detail="" time="0" memory="0" score="0"/><testcase status="14" exitcode="0" detail="" time="0" memory="0" score="0"/><testcase status="14" exitcode="0" detail="" time="0" memory="0" score="0"/></problem></result></cena>
