<?xml version="1.0"?>
<cena version="0.8.1"><result judgetime="44116.6882437847"><problem title="&#x5C0F;&#x660E;&#x5206;&#x7CD6;" filename="xiaoming.cpp" status="1" hash="1602304992" detail=""><testcase status="7" exitcode="0" detail="" time="0" memory="452" score="10"/><testcase status="7" exitcode="0" detail="" time="0" memory="452" score="10"/><testcase status="7" exitcode="0" detail="" time="0" memory="452" score="10"/><testcase status="7" exitcode="0" detail="" time="0" memory="448" score="10"/><testcase status="7" exitcode="0" detail="" time="0" memory="444" score="10"/><testcase status="7" exitcode="0" detail="" time="0" memory="452" score="10"/><testcase status="7" exitcode="0" detail="" time="0" memory="444" score="10"/><testcase status="7" exitcode="0" detail="" time="0" memory="448" score="10"/><testcase status="7" exitcode="0" detail="" time="0" memory="448" score="10"/><testcase status="7" exitcode="0" detail="" time="0" memory="444" score="10"/></problem><problem title="&#x6700;&#x5927;&#x5B50;&#x77E9;&#x9635;" filename="matrix.cpp" status="1" hash="3261939044" detail=""><testcase status="7" exitcode="0" detail="" time="0" memory="528" score="10"/><testcase status="7" exitcode="0" detail="" time="0" memory="536" score="10"/><testcase status="7" exitcode="0" detail="" time="0" memory="532" score="10"/><testcase status="7" exitcode="0" detail="" time="0" memory="532" score="10"/><testcase status="7" exitcode="0" detail="" time="0" memory="532" score="10"/><testcase status="7" exitcode="0" detail="" time="0" memory="532" score="10"/><testcase status="7" exitcode="0" detail="" time="0" memory="528" score="10"/><testcase status="7" exitcode="0" detail="" time="0" memory="540" score="10"/><testcase status="7" exitcode="0" detail="" time="0" memory="532" score="10"/><testcase status="7" exitcode="0" detail="" time="0" memory="528" score="10"/></problem><problem title="&#x5403;&#x6843;&#x5B50;" filename="peach.cpp" status="1" hash="3096257534" detail=""><testcase status="7" exitcode="0" detail="" time="0" memory="560" score="10"/><testcase status="7" exitcode="0" detail="" time="0" memory="548" score="10"/><testcase status="7" exitcode="0" detail="" time="0" memory="548" score="10"/><testcase status="7" exitcode="0" detail="" time="0" memory="552" score="10"/><testcase status="7" exitcode="0" detail="" time="0.01" memory="552" score="10"/><testcase status="7" exitcode="0" detail="" time="0.04" memory="556" score="10"/><testcase status="7" exitcode="0" detail="" time="0.03" memory="552" score="10"/><testcase status="7" exitcode="0" detail="" time="0.06" memory="556" score="10"/><testcase status="7" exitcode="0" detail="" time="0.01" memory="552" score="10"/><testcase status="7" exitcode="0" detail="" time="0.01" memory="552" score="10"/></problem><problem title="&#x5B57;&#x7B26;&#x4E32;&#x8DDD;&#x79BB;" filename="zifu.cpp" status="1" hash="1177271177" detail=""><testcase status="7" exitcode="0" detail="" time="0.01" memory="4416" score="10"/><testcase status="7" exitcode="0" detail="" time="0" memory="4420" score="10"/><testcase status="7" exitcode="0" detail="" time="0.01" memory="4420" score="10"/><testcase status="7" exitcode="0" detail="" time="0.01" memory="4424" score="10"/><testcase status="7" exitcode="0" detail="" time="0.04" memory="4420" score="10"/><testcase status="7" exitcode="0" detail="" time="0.15" memory="4420" score="10"/><testcase status="7" exitcode="0" detail="" time="0.14" memory="4416" score="10"/><testcase status="7" exitcode="0" detail="" time="0.24" memory="4420" score="10"/><testcase status="7" exitcode="0" detail="" time="0.34" memory="4424" score="10"/><testcase status="7" exitcode="0" detail="" time="0.46" memory="4416" score="10"/></problem></result></cena>
