<?xml version="1.0"?>
<cena version="0.8.2"><result judgetime="44088.7239719792"><problem title="correlate" filename="correlate.cpp" status="1" hash="57174120" detail=""><testcase status="7" exitcode="0" detail="" time="0" memory="452" score="10"/><testcase status="7" exitcode="0" detail="" time="0" memory="452" score="10"/><testcase status="7" exitcode="0" detail="" time="0" memory="452" score="10"/><testcase status="7" exitcode="0" detail="" time="0" memory="452" score="10"/><testcase status="7" exitcode="0" detail="" time="0" memory="452" score="10"/><testcase status="7" exitcode="0" detail="" time="0" memory="452" score="10"/><testcase status="7" exitcode="0" detail="" time="0.01" memory="452" score="10"/><testcase status="7" exitcode="0" detail="" time="0" memory="456" score="10"/><testcase status="7" exitcode="0" detail="" time="0" memory="452" score="10"/><testcase status="7" exitcode="0" detail="" time="0" memory="452" score="10"/></problem><problem title="happy" filename="happy.cpp" status="1" hash="2124931293" detail=""><testcase status="7" exitcode="0" detail="" time="0" memory="452" score="10"/><testcase status="7" exitcode="0" detail="" time="0" memory="452" score="10"/><testcase status="7" exitcode="0" detail="" time="0" memory="452" score="10"/><testcase status="7" exitcode="0" detail="" time="0" memory="452" score="10"/><testcase status="7" exitcode="0" detail="" time="0" memory="452" score="10"/><testcase status="7" exitcode="0" detail="" time="0" memory="452" score="10"/><testcase status="7" exitcode="0" detail="" time="0" memory="452" score="10"/><testcase status="7" exitcode="0" detail="" time="0" memory="452" score="10"/><testcase status="7" exitcode="0" detail="" time="0" memory="452" score="10"/><testcase status="7" exitcode="0" detail="" time="0" memory="452" score="10"/></problem><problem title="gene" filename="gene.cpp" status="1" hash="3352059286" detail="XQWRQHHU.cpp: In function 'int cal(char, char)':&#10;XQWRQHHU.cpp:70:1: warning: control reaches end of non-void function [-Wreturn-type]&#10; }&#10; ^&#10;"><testcase status="7" exitcode="0" detail="" time="0" memory="492" score="10"/><testcase status="7" exitcode="0" detail="" time="0" memory="492" score="10"/><testcase status="7" exitcode="0" detail="" time="0" memory="492" score="10"/><testcase status="7" exitcode="0" detail="" time="0" memory="492" score="10"/><testcase status="7" exitcode="0" detail="" time="0.01" memory="492" score="10"/><testcase status="7" exitcode="0" detail="" time="0" memory="496" score="10"/><testcase status="7" exitcode="0" detail="" time="0" memory="492" score="10"/><testcase status="7" exitcode="0" detail="" time="0" memory="492" score="10"/><testcase status="7" exitcode="0" detail="" time="0" memory="492" score="10"/><testcase status="7" exitcode="0" detail="" time="0" memory="492" score="10"/></problem><problem title="shopping" filename="shopping.cpp" status="1" hash="3976625039" detail=""><testcase status="7" exitcode="0" detail="" time="0" memory="8296" score="10"/><testcase status="7" exitcode="0" detail="" time="0" memory="8296" score="10"/><testcase status="7" exitcode="0" detail="" time="0" memory="8292" score="10"/><testcase status="7" exitcode="0" detail="" time="0" memory="8292" score="10"/><testcase status="7" exitcode="0" detail="" time="0.01" memory="8292" score="20"/><testcase status="7" exitcode="0" detail="" time="0" memory="8296" score="20"/><testcase status="7" exitcode="0" detail="" time="0" memory="8296" score="20"/></problem></result></cena>
