<?xml version="1.0"?>
<cena version="0.8.2"><result judgetime="44123.6315909606"><problem title="&#x6C42;&#x6700;&#x957F;&#x516C;&#x5171;&#x5B50;&#x5E8F;&#x5217;LCS" filename="public.cpp" status="1" hash="4020971229" detail=""><testcase status="7" exitcode="0" detail="" time="0" memory="4400" score="10"/><testcase status="7" exitcode="0" detail="" time="0" memory="4400" score="10"/><testcase status="7" exitcode="0" detail="" time="0" memory="4400" score="10"/><testcase status="7" exitcode="0" detail="" time="0" memory="4400" score="10"/><testcase status="7" exitcode="0" detail="" time="0.01" memory="4400" score="10"/><testcase status="7" exitcode="0" detail="" time="0.01" memory="4400" score="10"/><testcase status="7" exitcode="0" detail="" time="0.01" memory="4400" score="10"/><testcase status="7" exitcode="0" detail="" time="0.01" memory="4400" score="10"/><testcase status="7" exitcode="0" detail="" time="0" memory="4400" score="10"/><testcase status="7" exitcode="0" detail="" time="0" memory="4400" score="10"/></problem><problem title="&#x6700;&#x957F;&#x4E0A;&#x5347;&#x5B50;&#x5E8F;&#x5217;" filename="longrise.cpp" status="1" hash="850103288" detail=""><testcase status="7" exitcode="0" detail="" time="0" memory="452" score="10"/><testcase status="7" exitcode="0" detail="" time="0" memory="452" score="10"/><testcase status="7" exitcode="0" detail="" time="0" memory="452" score="10"/><testcase status="7" exitcode="0" detail="" time="0" memory="456" score="10"/><testcase status="7" exitcode="0" detail="" time="0" memory="456" score="10"/><testcase status="7" exitcode="0" detail="" time="0" memory="452" score="10"/><testcase status="7" exitcode="0" detail="" time="0" memory="452" score="10"/><testcase status="7" exitcode="0" detail="" time="0" memory="452" score="10"/><testcase status="7" exitcode="0" detail="" time="0" memory="452" score="10"/><testcase status="7" exitcode="0" detail="" time="0" memory="452" score="10"/></problem><problem title="&#x548C;&#x6700;&#x5927;&#x5B50;&#x5E8F;&#x5217;" filename="mlong.cpp" status="1" hash="3238441808" detail=""><testcase status="7" exitcode="0" detail="" time="0" memory="1620" score="10"/><testcase status="7" exitcode="0" detail="" time="0" memory="1616" score="10"/><testcase status="7" exitcode="0" detail="" time="0" memory="1620" score="10"/><testcase status="7" exitcode="0" detail="" time="0" memory="1616" score="10"/><testcase status="7" exitcode="0" detail="" time="0" memory="1616" score="10"/><testcase status="7" exitcode="0" detail="" time="0" memory="1620" score="10"/><testcase status="7" exitcode="0" detail="" time="0" memory="1616" score="10"/><testcase status="7" exitcode="0" detail="" time="0" memory="1620" score="10"/><testcase status="7" exitcode="0" detail="" time="0" memory="1620" score="10"/><testcase status="7" exitcode="0" detail="" time="0.01" memory="1620" score="10"/></problem><problem title="01&#x80CC;&#x5305;" filename="bag.cpp" status="1" hash="3366095309" detail=""><testcase status="7" exitcode="0" detail="" time="0" memory="4460" score="10"/><testcase status="7" exitcode="0" detail="" time="0" memory="4460" score="10"/><testcase status="7" exitcode="0" detail="" time="0" memory="4460" score="10"/><testcase status="7" exitcode="0" detail="" time="0" memory="4460" score="10"/><testcase status="7" exitcode="0" detail="" time="0" memory="4460" score="10"/><testcase status="7" exitcode="0" detail="" time="0.01" memory="4460" score="10"/><testcase status="7" exitcode="0" detail="" time="0.01" memory="4460" score="10"/><testcase status="7" exitcode="0" detail="" time="0" memory="4460" score="10"/><testcase status="7" exitcode="0" detail="" time="0" memory="4456" score="10"/><testcase status="7" exitcode="0" detail="" time="0" memory="4460" score="10"/></problem><problem title="&#x6446;&#x52A8;&#x5E8F;&#x5217;" filename="list.cpp" status="1" hash="724810474" detail=""><testcase status="7" exitcode="0" detail="" time="0" memory="444" score="10"/><testcase status="7" exitcode="0" detail="" time="0" memory="444" score="10"/><testcase status="7" exitcode="0" detail="" time="0" memory="444" score="10"/><testcase status="7" exitcode="0" detail="" time="0" memory="440" score="10"/><testcase status="7" exitcode="0" detail="" time="0" memory="444" score="10"/><testcase status="7" exitcode="0" detail="" time="0" memory="440" score="10"/><testcase status="7" exitcode="0" detail="" time="0" memory="444" score="10"/><testcase status="7" exitcode="0" detail="" time="0" memory="444" score="10"/><testcase status="7" exitcode="0" detail="" time="0" memory="444" score="10"/><testcase status="7" exitcode="0" detail="" time="0" memory="444" score="10"/></problem><problem title="&#x6446;&#x52A8;&#x5E8F;&#x5217;2" filename="listwo.cpp" status="1" hash="3211753871" detail=""><testcase status="7" exitcode="0" detail="" time="0" memory="444" score="10"/><testcase status="7" exitcode="0" detail="" time="0" memory="444" score="10"/><testcase status="7" exitcode="0" detail="" time="0" memory="440" score="10"/><testcase status="7" exitcode="0" detail="" time="0" memory="444" score="10"/><testcase status="7" exitcode="0" detail="" time="0" memory="440" score="10"/><testcase status="7" exitcode="0" detail="" time="0" memory="444" score="10"/><testcase status="7" exitcode="0" detail="" time="0.01" memory="448" score="10"/><testcase status="7" exitcode="0" detail="" time="0" memory="444" score="10"/><testcase status="7" exitcode="0" detail="" time="0" memory="444" score="10"/><testcase status="7" exitcode="0" detail="" time="0" memory="444" score="10"/></problem></result></cena>
