<?xml version="1.0"?>
<cena version="0.8.2"><result judgetime="44098.6554358796"><problem title="maths" filename="maths.cpp" status="1" hash="2208548243" detail=""><testcase status="7" exitcode="0" detail="" time="0" memory="548" score="10"/><testcase status="7" exitcode="0" detail="" time="0" memory="544" score="10"/><testcase status="7" exitcode="0" detail="" time="0" memory="544" score="10"/><testcase status="7" exitcode="0" detail="" time="0" memory="544" score="10"/><testcase status="7" exitcode="0" detail="" time="0" memory="544" score="10"/><testcase status="7" exitcode="0" detail="" time="0.01" memory="544" score="10"/><testcase status="7" exitcode="0" detail="" time="0" memory="544" score="10"/><testcase status="7" exitcode="0" detail="" time="0" memory="548" score="10"/><testcase status="7" exitcode="0" detail="" time="0" memory="544" score="10"/><testcase status="7" exitcode="0" detail="" time="0.01" memory="544" score="10"/></problem><problem title="close" filename="close.cpp" status="16" hash="63294712" detail="BNJJAWUL.cpp:22:12: error: 'long long int abs(long long int)' conflicts with a previous declaration&#10; LL abs(LL x) {&#10;            ^&#10;In file included from E:/wen/tools/mingw32/lib/gcc/i686-w64-mingw32/8.1.0/include/c++/cmath:47,&#10;                 from E:/wen/tools/mingw32/lib/gcc/i686-w64-mingw32/8.1.0/include/c++/math.h:36,&#10;                 from BNJJAWUL.cpp:2:&#10;E:/wen/tools/mingw32/lib/gcc/i686-w64-mingw32/8.1.0/include/c++/bits/std_abs.h:61:3: note: previous declaration 'long long int std::abs(long long int)'&#10;   abs(long long __x) { return __builtin_llabs (__x); }&#10;   ^~~&#10;BNJJAWUL.cpp: In function 'int main()':&#10;BNJJAWUL.cpp:54:37: error: call of overloaded 'abs(long long int)' is ambiguous&#10;     ans = min(ans, abs(oes * oes - n));&#10;                                     ^&#10;In file included from E:/wen/tools/mingw32/lib/gcc/i686-w64-mingw32/8.1.0/include/c++/cmath:45,&#10;                 from E:/wen/tools/mingw32/lib/gcc/i686-w64-mingw32/8.1.0/include/c++/math.h:36,&#10;                 from BNJJAWUL.cpp:2:&#10;E:/wen/tools/mingw32/i686-w64-mingw32/include/math.h:254:15: note: candidate: 'int abs(int)'&#10;   int __cdecl abs(int _X);&#10;               ^~~&#10;BNJJAWUL.cpp:22:4: note: candidate: 'long long int abs(long long int)'&#10; LL abs(LL x) {&#10;    ^~~&#10;In file included from E:/wen/tools/mingw32/lib/gcc/i686-w64-mingw32/8.1.0/include/c++/cmath:47,&#10;                 from E:/wen/tools/mingw32/lib/gcc/i686-w64-mingw32/8.1.0/include/c++/math.h:36,&#10;                 from BNJJAWUL.cpp:2:&#10;E:/wen/tools/mingw32/lib/gcc/i686-w64-mingw32/8.1.0/include/c++/bits/std_abs.h:102:3: note: candidate: 'constexpr __float128 std::abs(__float128)'&#10;   abs(__float128 __x)&#10;   ^~~&#10;E:/wen/tools/mingw32/lib/gcc/i686-w64-mingw32/8.1.0/include/c++/bits/std_abs.h:78:3: note: candidate: 'constexpr long double std::abs(long double)'&#10;   abs(long double __x)&#10;   ^~~&#10;E:/wen/tools/mingw32/lib/gcc/i686-w64-mingw32/8.1.0/include/c++/bits/std_abs.h:74:3: note: candidate: 'constexpr float std::abs(float)'&#10;   abs(float __x)&#10;   ^~~&#10;E:/wen/tools/mingw32/lib/gcc/i686-w64-mingw32/8.1.0/include/c++/bits/std_abs.h:70:3: note: candidate: 'constexpr double std::abs(double)'&#10;   abs(double __x)&#10;   ^~~&#10;E:/wen/tools/mingw32/lib/gcc/i686-w64-mingw32/8.1.0/include/c++/bits/std_abs.h:61:3: note: candidate: 'long long int std::abs(long long int)'&#10;   abs(long long __x) { return __builtin_llabs (__x); }&#10;   ^~~&#10;E:/wen/tools/mingw32/lib/gcc/i686-w64-mingw32/8.1.0/include/c++/bits/std_abs.h:56:3: note: candidate: 'long int std::abs(long int)'&#10;   abs(long __i) { return __builtin_labs(__i); }&#10;   ^~~&#10;BNJJAWUL.cpp:68:37: error: call of overloaded 'abs(long long int)' is ambiguous&#10;     ans = min(ans, abs(oes * oes - n));&#10;                                     ^&#10;In file included from E:/wen/tools/mingw32/lib/gcc/i686-w64-mingw32/8.1.0/include/c++/cmath:45,&#10;                 from E:/wen/tools/mingw32/lib/gcc/i686-w64-mingw32/8.1.0/include/c++/math.h:36,&#10;                 from BNJJAWUL.cpp:2:&#10;E:/wen/tools/mingw32/i686-w64-mingw32/include/math.h:254:15: note: candidate: 'int abs(int)'&#10;   int __cdecl abs(int _X);&#10;               ^~~&#10;BNJJAWUL.cpp:22:4: note: candidate: 'long long int abs(long long int)'&#10; LL abs(LL x) {&#10;    ^~~&#10;In file included from E:/wen/tools/mingw32/lib/gcc/i686-w64-mingw32/8.1.0/include/c++/cmath:47,&#10;                 from E:/wen/tools/mingw32/lib/gcc/i686-w64-mingw32/8.1.0/include/c++/math.h:36,&#10;                 from BNJJAWUL.cpp:2:&#10;E:/wen/tools/mingw32/lib/gcc/i686-w64-mingw32/8.1.0/include/c++/bits/std_abs.h:102:3: note: candidate: 'constexpr __float128 std::abs(__float128)'&#10;   abs(__float128 __x)&#10;   ^~~&#10;E:/wen/tools/mingw32/lib/gcc/i686-w64-mingw32/8.1.0/include/c++/bits/std_abs.h:78:3: note: candidate: 'constexpr long double std::abs(long double)'&#10;   abs(long double __x)&#10;   ^~~&#10;E:/wen/tools/mingw32/lib/gcc/i686-w64-mingw32/8.1.0/include/c++/bits/std_abs.h:74:3: note: candidate: 'constexpr float std::abs(float)'&#10;   abs(float __x)&#10;   ^~~&#10;E:/wen/tools/mingw32/lib/gcc/i686-w64-mingw32/8.1.0/include/c++/bits/std_abs.h:70:3: note: candidate: 'constexpr double std::abs(double)'&#10;   abs(double __x)&#10;   ^~~&#10;E:/wen/tools/mingw32/lib/gcc/i686-w64-mingw32/8.1.0/include/c++/bits/std_abs.h:61:3: note: candidate: 'long long int std::abs(long long int)'&#10;   abs(long long __x) { return __builtin_llabs (__x); }&#10;   ^~~&#10;E:/wen/tools/mingw32/lib/gcc/i686-w64-mingw32/8.1.0/include/c++/bits/std_abs.h:56:3: note: candidate: 'long int std::abs(long int)'&#10;   abs(long __i) { return __builtin_labs(__i); }&#10;   ^~~&#10;"><testcase status="16" exitcode="1" detail="" time="0" memory="0" score="0"/><testcase status="16" exitcode="1" detail="" time="0" memory="0" score="0"/><testcase status="16" exitcode="1" detail="" time="0" memory="0" score="0"/><testcase status="16" exitcode="1" detail="" time="0" memory="0" score="0"/><testcase status="16" exitcode="1" detail="" time="0" memory="0" score="0"/><testcase status="16" exitcode="1" detail="" time="0" memory="0" score="0"/><testcase status="16" exitcode="1" detail="" time="0" memory="0" score="0"/><testcase status="16" exitcode="1" detail="" time="0" memory="0" score="0"/><testcase status="16" exitcode="1" detail="" time="0" memory="0" score="0"/><testcase status="16" exitcode="1" detail="" time="0" memory="0" score="0"/></problem><problem title="dna" filename="dna.cpp" status="16" hash="8088165" detail="ACWTLYLN.cpp: In function 'int main()':&#10;ACWTLYLN.cpp:13:37: error: invalid operands of types 'int [2]' and 'int [2]' to binary 'operator+'&#10;    f[i % 2][1] = (f[(i + 1) % 2][0] + f[(i + 1) % 2][1] ) % Mod;&#10;                   ~~~~~~~~~~~~~~~~~~^~~~~~~~~~~~~~~~~~~&#10;ACWTLYLN.cpp:14:34: error: invalid array assignment&#10;    f[i % 2][0] = f[(i + 1) % 2][1];&#10;                                  ^&#10;ACWTLYLN.cpp:19:7: error: invalid operands of types 'int' and 'int*' to binary 'operator-'&#10;   ans -= f[n % 2][1];&#10;   ~~~~^~~~~~~~~~~~~~&#10;ACWTLYLN.cpp:19:20: error:   in evaluation of 'operator-=(int, int*)'&#10;   ans -= f[n % 2][1];&#10;                    ^&#10;"><testcase status="16" exitcode="1" detail="" time="0" memory="0" score="0"/><testcase status="16" exitcode="1" detail="" time="0" memory="0" score="0"/><testcase status="16" exitcode="1" detail="" time="0" memory="0" score="0"/><testcase status="16" exitcode="1" detail="" time="0" memory="0" score="0"/><testcase status="16" exitcode="1" detail="" time="0" memory="0" score="0"/><testcase status="16" exitcode="1" detail="" time="0" memory="0" score="0"/><testcase status="16" exitcode="1" detail="" time="0" memory="0" score="0"/><testcase status="16" exitcode="1" detail="" time="0" memory="0" score="0"/><testcase status="16" exitcode="1" detail="" time="0" memory="0" score="0"/><testcase status="16" exitcode="1" detail="" time="0" memory="0" score="0"/></problem><problem title="game" filename="game.cpp" status="1" hash="4294242845" detail=""><testcase status="10" exitcode="0" detail="" time="0" memory="836" score="0"/><testcase status="10" exitcode="0" detail="" time="0" memory="840" score="0"/><testcase status="10" exitcode="0" detail="" time="0" memory="836" score="0"/><testcase status="10" exitcode="0" detail="" time="0" memory="836" score="0"/><testcase status="10" exitcode="0" detail="" time="0" memory="836" score="0"/><testcase status="10" exitcode="0" detail="" time="0" memory="836" score="0"/><testcase status="10" exitcode="0" detail="" time="0" memory="836" score="0"/><testcase status="10" exitcode="0" detail="" time="0" memory="836" score="0"/><testcase status="10" exitcode="0" detail="" time="0" memory="836" score="0"/><testcase status="10" exitcode="0" detail="" time="0" memory="836" score="0"/></problem></result></cena>
