<?xml version="1.0"?>
<cena version="0.8.1"><result judgetime="44081.6653955208"><problem title="&#x6570;&#x5217;&#x6392;&#x5E8F;" filename="grop.cpp" status="1" hash="1882487047" detail=""><testcase status="7" exitcode="0" detail="" time="0" memory="1120" score="10"/><testcase status="7" exitcode="0" detail="" time="0.01" memory="1120" score="10"/><testcase status="7" exitcode="0" detail="" time="0" memory="1116" score="10"/><testcase status="7" exitcode="0" detail="" time="0" memory="1120" score="10"/><testcase status="7" exitcode="0" detail="" time="0" memory="1120" score="10"/><testcase status="7" exitcode="0" detail="" time="0" memory="1120" score="10"/><testcase status="7" exitcode="0" detail="" time="0" memory="1120" score="10"/><testcase status="7" exitcode="0" detail="" time="0" memory="1120" score="10"/><testcase status="7" exitcode="0" detail="" time="0.01" memory="1116" score="10"/><testcase status="7" exitcode="0" detail="" time="0.01" memory="1124" score="10"/></problem><problem title="&#x65E5;&#x671F;&#x6392;&#x5E8F;" filename="date.cpp" status="1" hash="1121707434" detail=""><testcase status="7" exitcode="0" detail="" time="0" memory="1192" score="10"/><testcase status="7" exitcode="0" detail="" time="0.01" memory="1192" score="10"/><testcase status="7" exitcode="0" detail="" time="0" memory="1188" score="10"/><testcase status="7" exitcode="0" detail="" time="0.01" memory="1192" score="10"/><testcase status="7" exitcode="0" detail="" time="0.01" memory="1188" score="10"/><testcase status="7" exitcode="0" detail="" time="0" memory="1188" score="10"/><testcase status="7" exitcode="0" detail="" time="0.03" memory="1192" score="10"/><testcase status="7" exitcode="0" detail="" time="0.01" memory="1192" score="10"/><testcase status="7" exitcode="0" detail="" time="0.01" memory="1188" score="10"/><testcase status="7" exitcode="0" detail="" time="0.01" memory="1196" score="10"/></problem><problem title="&#x8EAB;&#x4EFD;&#x8BC1;&#x6392;&#x5E8F;" filename="idcard.cpp" status="1" hash="3961072968" detail=""><testcase status="7" exitcode="0" detail="" time="0.01" memory="2520" score="10"/><testcase status="7" exitcode="0" detail="" time="0" memory="2520" score="10"/><testcase status="7" exitcode="0" detail="" time="0.01" memory="2524" score="10"/><testcase status="7" exitcode="0" detail="" time="0" memory="2520" score="10"/><testcase status="7" exitcode="0" detail="" time="0.01" memory="2520" score="10"/><testcase status="7" exitcode="0" detail="" time="0.01" memory="2520" score="10"/><testcase status="7" exitcode="0" detail="" time="0.03" memory="2520" score="10"/><testcase status="7" exitcode="0" detail="" time="0.01" memory="2520" score="10"/><testcase status="7" exitcode="0" detail="" time="0" memory="2520" score="10"/><testcase status="7" exitcode="0" detail="" time="0" memory="2520" score="10"/></problem><problem title="&#x6210;&#x7EE9;&#x6392;&#x5E8F;" filename="score.cpp" status="1" hash="2563604959" detail=""><testcase status="7" exitcode="0" detail="" time="0.01" memory="1256" score="10"/><testcase status="7" exitcode="0" detail="" time="0.01" memory="1256" score="10"/><testcase status="7" exitcode="0" detail="" time="0.01" memory="1252" score="10"/><testcase status="7" exitcode="0" detail="" time="0.01" memory="1252" score="10"/><testcase status="7" exitcode="0" detail="" time="0.01" memory="1248" score="10"/><testcase status="7" exitcode="0" detail="" time="0.01" memory="1248" score="10"/><testcase status="7" exitcode="0" detail="" time="0.01" memory="1232" score="10"/><testcase status="7" exitcode="0" detail="" time="0.01" memory="1240" score="10"/><testcase status="3" exitcode="1" detail="" time="1.1076071" memory="1172" score="0"/><testcase status="3" exitcode="1" detail="" time="1.0140065" memory="1176" score="0"/></problem><problem title="&#x6392;&#x5E8F;" filename="ssort.cpp" status="1" hash="1244289295" detail=""><testcase status="7" exitcode="0" detail="" time="0" memory="1080" score="10"/><testcase status="7" exitcode="0" detail="" time="0.01" memory="1084" score="10"/><testcase status="7" exitcode="0" detail="" time="0" memory="1080" score="10"/><testcase status="7" exitcode="0" detail="" time="0.01" memory="1084" score="10"/><testcase status="7" exitcode="0" detail="" time="0" memory="1076" score="10"/><testcase status="7" exitcode="0" detail="" time="0" memory="1080" score="10"/><testcase status="7" exitcode="0" detail="" time="0.01" memory="1084" score="10"/><testcase status="7" exitcode="0" detail="" time="0" memory="1080" score="10"/><testcase status="7" exitcode="0" detail="" time="0" memory="1084" score="10"/><testcase status="7" exitcode="0" detail="" time="0.01" memory="1080" score="10"/></problem><problem title="&#x7EDD;&#x5BF9;&#x503C;&#x6392;&#x5E8F;" filename="absolute.cpp" status="1" hash="3576757220" detail=""><testcase status="7" exitcode="0" detail="" time="0" memory="1080" score="10"/><testcase status="7" exitcode="0" detail="" time="0" memory="1080" score="10"/><testcase status="7" exitcode="0" detail="" time="0" memory="1080" score="10"/><testcase status="7" exitcode="0" detail="" time="0" memory="1080" score="10"/><testcase status="7" exitcode="0" detail="" time="0" memory="1080" score="10"/><testcase status="7" exitcode="0" detail="" time="0" memory="1084" score="10"/><testcase status="7" exitcode="0" detail="" time="0.01" memory="1080" score="10"/><testcase status="7" exitcode="0" detail="" time="0" memory="1076" score="10"/><testcase status="7" exitcode="0" detail="" time="0.01" memory="1080" score="10"/><testcase status="7" exitcode="0" detail="" time="0" memory="1084" score="10"/></problem></result></cena>
