<?xml version="1.0"?>
<cena version="0.8.2"><result judgetime="44098.654309213"><problem title="maths" filename="maths.cpp" status="1" hash="1974243489" detail=""><testcase status="7" exitcode="0" detail="" time="0" memory="540" score="10"/><testcase status="7" exitcode="0" detail="" time="0" memory="540" score="10"/><testcase status="7" exitcode="0" detail="" time="0" memory="540" score="10"/><testcase status="7" exitcode="0" detail="" time="0.06" memory="540" score="10"/><testcase status="7" exitcode="0" detail="" time="0.06" memory="540" score="10"/><testcase status="7" exitcode="0" detail="" time="0.04" memory="540" score="10"/><testcase status="7" exitcode="0" detail="" time="0.04" memory="540" score="10"/><testcase status="7" exitcode="0" detail="" time="0.07" memory="540" score="10"/><testcase status="7" exitcode="0" detail="" time="0.06" memory="540" score="10"/><testcase status="7" exitcode="0" detail="" time="0.04" memory="540" score="10"/></problem><problem title="close" filename="close.cpp" status="1" hash="2528216858" detail=""><testcase status="7" exitcode="0" detail="" time="0" memory="476" score="10"/><testcase status="8" exitcode="0" detail="&#x5728;&#x7B2C; 2 &#x884C;:&#13;&#10;----&#x9009;&#x624B;&#x8F93;&#x51FA;&#x7684;&#x7B2C; 1 &#x5217;----&#13;&#10;&gt;17377&#13;&#10;----&#x6807;&#x51C6;&#x8F93;&#x51FA;&#x7684;&#x7B2C; 1 &#x5217;----&#13;&#10;&gt;2882" time="0" memory="476" score="0"/><testcase status="7" exitcode="0" detail="" time="0" memory="476" score="10"/><testcase status="8" exitcode="0" detail="&#x5728;&#x7B2C; 2 &#x884C;:&#13;&#10;----&#x9009;&#x624B;&#x8F93;&#x51FA;&#x7684;&#x7B2C; 1 &#x5217;----&#13;&#10;&gt;453509...&#13;&#10;----&#x6807;&#x51C6;&#x8F93;&#x51FA;&#x7684;&#x7B2C; 1 &#x5217;----&#13;&#10;&gt;125301..." time="0" memory="476" score="0"/><testcase status="7" exitcode="0" detail="" time="0" memory="476" score="10"/><testcase status="8" exitcode="0" detail="&#x5728;&#x7B2C; 2 &#x884C;:&#13;&#10;----&#x9009;&#x624B;&#x8F93;&#x51FA;&#x7684;&#x7B2C; 1 &#x5217;----&#13;&#10;&gt;800854...&#13;&#10;----&#x6807;&#x51C6;&#x8F93;&#x51FA;&#x7684;&#x7B2C; 1 &#x5217;----&#13;&#10;&gt;188949..." time="0" memory="476" score="0"/><testcase status="8" exitcode="0" detail="&#x5728;&#x7B2C; 4 &#x884C;:&#13;&#10;----&#x9009;&#x624B;&#x8F93;&#x51FA;&#x7684;&#x7B2C; 1 &#x5217;----&#13;&#10;&gt;313822...&#13;&#10;----&#x6807;&#x51C6;&#x8F93;&#x51FA;&#x7684;&#x7B2C; 1 &#x5217;----&#13;&#10;&gt;220654..." time="0" memory="476" score="0"/><testcase status="7" exitcode="0" detail="" time="0" memory="472" score="10"/><testcase status="8" exitcode="0" detail="&#x5728;&#x7B2C; 3 &#x884C;:&#13;&#10;----&#x9009;&#x624B;&#x8F93;&#x51FA;&#x7684;&#x7B2C; 1 &#x5217;----&#13;&#10;&gt;549480...&#13;&#10;----&#x6807;&#x51C6;&#x8F93;&#x51FA;&#x7684;&#x7B2C; 1 &#x5217;----&#13;&#10;&gt;141108..." time="0.01" memory="476" score="0"/><testcase status="8" exitcode="0" detail="&#x5728;&#x7B2C; 3 &#x884C;:&#13;&#10;----&#x9009;&#x624B;&#x8F93;&#x51FA;&#x7684;&#x7B2C; 1 &#x5217;----&#13;&#10;&gt;634507...&#13;&#10;----&#x6807;&#x51C6;&#x8F93;&#x51FA;&#x7684;&#x7B2C; 1 &#x5217;----&#13;&#10;&gt;215643..." time="0" memory="476" score="0"/></problem><problem title="dna" filename="dna.cpp" status="1" hash="48700266" detail=""><testcase status="4" exitcode="0" detail="" time="0.01" memory="391836" score="0"/><testcase status="4" exitcode="0" detail="" time="0.01" memory="391836" score="0"/><testcase status="4" exitcode="0" detail="" time="0" memory="391832" score="0"/><testcase status="4" exitcode="1" detail="" time="0.2" memory="391832" score="0"/><testcase status="4" exitcode="1" detail="" time="0.18" memory="391828" score="0"/><testcase status="4" exitcode="1" detail="" time="0.18" memory="391832" score="0"/><testcase status="4" exitcode="1" detail="" time="0.18" memory="391832" score="0"/><testcase status="4" exitcode="1" detail="" time="0.17" memory="391828" score="0"/><testcase status="4" exitcode="1" detail="" time="0.2" memory="391832" score="0"/><testcase status="4" exitcode="1" detail="" time="0.18" memory="391832" score="0"/></problem><problem title="game" filename="" status="14" hash="0" detail=""><testcase status="14" exitcode="0" detail="" time="0" memory="0" score="0"/><testcase status="14" exitcode="0" detail="" time="0" memory="0" score="0"/><testcase status="14" exitcode="0" detail="" time="0" memory="0" score="0"/><testcase status="14" exitcode="0" detail="" time="0" memory="0" score="0"/><testcase status="14" exitcode="0" detail="" time="0" memory="0" score="0"/><testcase status="14" exitcode="0" detail="" time="0" memory="0" score="0"/><testcase status="14" exitcode="0" detail="" time="0" memory="0" score="0"/><testcase status="14" exitcode="0" detail="" time="0" memory="0" score="0"/><testcase status="14" exitcode="0" detail="" time="0" memory="0" score="0"/><testcase status="14" exitcode="0" detail="" time="0" memory="0" score="0"/></problem></result></cena>
