<?xml version="1.0"?>
<cena version="0.8.2"><result judgetime="44106.6431515741"><problem title="square" filename="square.cpp" status="1" hash="4068509104" detail=""><testcase status="7" exitcode="0" detail="" time="0" memory="1140" score="10"/><testcase status="7" exitcode="0" detail="" time="0" memory="1076" score="10"/><testcase status="7" exitcode="0" detail="" time="0" memory="1080" score="10"/><testcase status="7" exitcode="0" detail="" time="0" memory="1084" score="10"/><testcase status="7" exitcode="0" detail="" time="0" memory="1076" score="10"/><testcase status="7" exitcode="0" detail="" time="0" memory="1080" score="10"/><testcase status="7" exitcode="0" detail="" time="0.01" memory="1076" score="10"/><testcase status="7" exitcode="0" detail="" time="0" memory="1080" score="10"/><testcase status="7" exitcode="0" detail="" time="0.03" memory="1076" score="10"/><testcase status="7" exitcode="0" detail="" time="0" memory="1080" score="10"/></problem><problem title="pairs" filename="pairs.cpp" status="1" hash="3917480777" detail=""><testcase status="7" exitcode="0" detail="" time="0.01" memory="1136" score="10"/><testcase status="7" exitcode="0" detail="" time="0.01" memory="1072" score="10"/><testcase status="7" exitcode="0" detail="" time="0.01" memory="1084" score="10"/><testcase status="3" exitcode="1" detail="" time="1.046875" memory="1076" score="0"/><testcase status="3" exitcode="1" detail="" time="1.0297826" memory="1076" score="0"/><testcase status="3" exitcode="1" detail="" time="1.0297194" memory="1076" score="0"/><testcase status="3" exitcode="1" detail="" time="1.0590189" memory="1092" score="0"/><testcase status="3" exitcode="1" detail="" time="1.03125" memory="1076" score="0"/><testcase status="3" exitcode="1" detail="" time="1.015625" memory="1088" score="0"/><testcase status="3" exitcode="1" detail="" time="1.1247668" memory="1080" score="0"/></problem><problem title="qbin" filename="qbin.cpp" status="1" hash="803136432" detail=""><testcase status="7" exitcode="0" detail="" time="0.04" memory="2704" score="10"/><testcase status="7" exitcode="0" detail="" time="0" memory="2640" score="10"/><testcase status="7" exitcode="0" detail="" time="0" memory="2640" score="10"/><testcase status="7" exitcode="0" detail="" time="0.04" memory="2648" score="10"/><testcase status="7" exitcode="0" detail="" time="0" memory="2640" score="10"/><testcase status="7" exitcode="0" detail="" time="0" memory="2640" score="10"/><testcase status="7" exitcode="0" detail="" time="0" memory="2644" score="10"/><testcase status="7" exitcode="0" detail="" time="0" memory="2640" score="10"/><testcase status="7" exitcode="0" detail="" time="0" memory="2640" score="10"/><testcase status="7" exitcode="0" detail="" time="0" memory="2640" score="10"/></problem><problem title="statistic" filename="statistic.cpp" status="1" hash="3887894449" detail=""><testcase status="7" exitcode="0" detail="" time="0" memory="12884" score="10"/><testcase status="7" exitcode="0" detail="" time="0" memory="12820" score="10"/><testcase status="7" exitcode="0" detail="" time="0.01" memory="12820" score="10"/><testcase status="7" exitcode="0" detail="" time="0.29" memory="12828" score="10"/><testcase status="7" exitcode="0" detail="" time="0.28" memory="12828" score="10"/><testcase status="7" exitcode="0" detail="" time="0.31" memory="12820" score="10"/><testcase status="7" exitcode="0" detail="" time="1" memory="12820" score="10"/><testcase status="7" exitcode="0" detail="" time="0.96" memory="12820" score="10"/><testcase status="7" exitcode="0" detail="" time="0.95" memory="12824" score="10"/><testcase status="7" exitcode="0" detail="" time="0.98" memory="12820" score="10"/></problem><problem title="cut" filename="" status="14" hash="0" detail=""><testcase status="14" exitcode="0" detail="" time="0" memory="0" score="0"/><testcase status="14" exitcode="0" detail="" time="0" memory="0" score="0"/><testcase status="14" exitcode="0" detail="" time="0" memory="0" score="0"/><testcase status="14" exitcode="0" detail="" time="0" memory="0" score="0"/><testcase status="14" exitcode="0" detail="" time="0" memory="0" score="0"/><testcase status="14" exitcode="0" detail="" time="0" memory="0" score="0"/><testcase status="14" exitcode="0" detail="" time="0" memory="0" score="0"/><testcase status="14" exitcode="0" detail="" time="0" memory="0" score="0"/><testcase status="14" exitcode="0" detail="" time="0" memory="0" score="0"/><testcase status="14" exitcode="0" detail="" time="0" memory="0" score="0"/></problem><problem title="diff" filename="diff.cpp" status="1" hash="2698178718" detail=""><testcase status="8" exitcode="0" detail="&#x5728;&#x7B2C; 1 &#x884C;:&#13;&#10;----&#x9009;&#x624B;&#x8F93;&#x51FA;&#x7684;&#x7B2C; 1 &#x5217;----&#13;&#10;&gt;10&#13;&#10;----&#x6807;&#x51C6;&#x8F93;&#x51FA;&#x7684;&#x7B2C; 1 &#x5217;----&#13;&#10;&gt;63" time="0" memory="1140" score="0"/><testcase status="8" exitcode="0" detail="&#x5728;&#x7B2C; 1 &#x884C;:&#13;&#10;----&#x9009;&#x624B;&#x8F93;&#x51FA;&#x7684;&#x7B2C; 1 &#x5217;----&#13;&#10;&gt;90&#13;&#10;----&#x6807;&#x51C6;&#x8F93;&#x51FA;&#x7684;&#x7B2C; 1 &#x5217;----&#13;&#10;&gt;89" time="0" memory="1080" score="0"/><testcase status="8" exitcode="0" detail="&#x5728;&#x7B2C; 1 &#x884C;:&#13;&#10;----&#x9009;&#x624B;&#x8F93;&#x51FA;&#x7684;&#x7B2C; 1 &#x5217;----&#13;&#10;&gt;24&#13;&#10;----&#x6807;&#x51C6;&#x8F93;&#x51FA;&#x7684;&#x7B2C; 1 &#x5217;----&#13;&#10;&gt;71" time="0.01" memory="1080" score="0"/><testcase status="8" exitcode="0" detail="&#x5728;&#x7B2C; 1 &#x884C;:&#13;&#10;----&#x9009;&#x624B;&#x8F93;&#x51FA;&#x7684;&#x7B2C; 2 &#x5217;----&#13;&#10;&gt;...4&#13;&#10;----&#x6807;&#x51C6;&#x8F93;&#x51FA;&#x7684;&#x7B2C; 2 &#x5217;----&#13;&#10;&gt;...3" time="0" memory="1076" score="0"/><testcase status="8" exitcode="0" detail="&#x5728;&#x7B2C; 1 &#x884C;:&#13;&#10;----&#x9009;&#x624B;&#x8F93;&#x51FA;&#x7684;&#x7B2C; 2 &#x5217;----&#13;&#10;&gt;...1&#13;&#10;----&#x6807;&#x51C6;&#x8F93;&#x51FA;&#x7684;&#x7B2C; 2 &#x5217;----&#13;&#10;&gt;...0" time="0" memory="1084" score="0"/><testcase status="8" exitcode="0" detail="&#x5728;&#x7B2C; 1 &#x884C;:&#13;&#10;----&#x9009;&#x624B;&#x8F93;&#x51FA;&#x7684;&#x7B2C; 1 &#x5217;----&#13;&#10;&gt;62&#13;&#10;----&#x6807;&#x51C6;&#x8F93;&#x51FA;&#x7684;&#x7B2C; 1 &#x5217;----&#13;&#10;&gt;70" time="0" memory="1080" score="0"/><testcase status="8" exitcode="0" detail="&#x5728;&#x7B2C; 1 &#x884C;:&#13;&#10;----&#x9009;&#x624B;&#x8F93;&#x51FA;&#x7684;&#x7B2C; 1 &#x5217;----&#13;&#10;&gt;17&#13;&#10;----&#x6807;&#x51C6;&#x8F93;&#x51FA;&#x7684;&#x7B2C; 1 &#x5217;----&#13;&#10;&gt;69" time="0" memory="1076" score="0"/><testcase status="8" exitcode="0" detail="&#x5728;&#x7B2C; 1 &#x884C;:&#13;&#10;----&#x9009;&#x624B;&#x8F93;&#x51FA;&#x7684;&#x7B2C; 1 &#x5217;----&#13;&#10;&gt;24&#13;&#10;----&#x6807;&#x51C6;&#x8F93;&#x51FA;&#x7684;&#x7B2C; 1 &#x5217;----&#13;&#10;&gt;65" time="0" memory="1076" score="0"/><testcase status="8" exitcode="0" detail="&#x5728;&#x7B2C; 1 &#x884C;:&#13;&#10;----&#x9009;&#x624B;&#x8F93;&#x51FA;&#x7684;&#x7B2C; 1 &#x5217;----&#13;&#10;&gt;20&#13;&#10;----&#x6807;&#x51C6;&#x8F93;&#x51FA;&#x7684;&#x7B2C; 1 &#x5217;----&#13;&#10;&gt;68" time="0" memory="1072" score="0"/><testcase status="8" exitcode="0" detail="&#x5728;&#x7B2C; 1 &#x884C;:&#13;&#10;----&#x9009;&#x624B;&#x8F93;&#x51FA;&#x7684;&#x7B2C; 1 &#x5217;----&#13;&#10;&gt;25&#13;&#10;----&#x6807;&#x51C6;&#x8F93;&#x51FA;&#x7684;&#x7B2C; 1 &#x5217;----&#13;&#10;&gt;74" time="0" memory="1076" score="0"/></problem></result></cena>
