<?xml version="1.0"?>
<cena version="0.8.1"><result judgetime="44081.6650145486"><problem title="&#x6570;&#x5217;&#x6392;&#x5E8F;" filename="grop.cpp" status="1" hash="4007945628" detail=""><testcase status="7" exitcode="0" detail="" time="0" memory="1100" score="10"/><testcase status="7" exitcode="0" detail="" time="0" memory="1100" score="10"/><testcase status="7" exitcode="0" detail="" time="0" memory="1100" score="10"/><testcase status="7" exitcode="0" detail="" time="0.01" memory="1100" score="10"/><testcase status="7" exitcode="0" detail="" time="0.01" memory="1100" score="10"/><testcase status="7" exitcode="0" detail="" time="0" memory="1100" score="10"/><testcase status="7" exitcode="0" detail="" time="0.01" memory="1100" score="10"/><testcase status="7" exitcode="0" detail="" time="0.01" memory="1100" score="10"/><testcase status="7" exitcode="0" detail="" time="0" memory="1100" score="10"/><testcase status="7" exitcode="0" detail="" time="0" memory="1100" score="10"/></problem><problem title="&#x65E5;&#x671F;&#x6392;&#x5E8F;" filename="date.cpp" status="1" hash="2117845578" detail=""><testcase status="7" exitcode="0" detail="" time="0" memory="1056" score="10"/><testcase status="7" exitcode="0" detail="" time="0" memory="1056" score="10"/><testcase status="7" exitcode="0" detail="" time="0.01" memory="1056" score="10"/><testcase status="7" exitcode="0" detail="" time="0" memory="1056" score="10"/><testcase status="7" exitcode="0" detail="" time="0" memory="1056" score="10"/><testcase status="7" exitcode="0" detail="" time="0" memory="1060" score="10"/><testcase status="7" exitcode="0" detail="" time="0" memory="1056" score="10"/><testcase status="7" exitcode="0" detail="" time="0" memory="1056" score="10"/><testcase status="7" exitcode="0" detail="" time="0" memory="1056" score="10"/><testcase status="7" exitcode="0" detail="" time="0" memory="1060" score="10"/></problem><problem title="&#x8EAB;&#x4EFD;&#x8BC1;&#x6392;&#x5E8F;" filename="idcard.cpp" status="1" hash="124951895" detail=""><testcase status="7" exitcode="0" detail="" time="0" memory="24384" score="10"/><testcase status="7" exitcode="0" detail="" time="0" memory="24380" score="10"/><testcase status="7" exitcode="0" detail="" time="0.01" memory="24380" score="10"/><testcase status="7" exitcode="0" detail="" time="0" memory="24380" score="10"/><testcase status="7" exitcode="0" detail="" time="0" memory="24380" score="10"/><testcase status="7" exitcode="0" detail="" time="0" memory="24380" score="10"/><testcase status="7" exitcode="0" detail="" time="0" memory="24380" score="10"/><testcase status="7" exitcode="0" detail="" time="0" memory="24384" score="10"/><testcase status="7" exitcode="0" detail="" time="0.01" memory="24380" score="10"/><testcase status="7" exitcode="0" detail="" time="0" memory="24380" score="10"/></problem><problem title="&#x6210;&#x7EE9;&#x6392;&#x5E8F;" filename="score.cpp" status="1" hash="788632118" detail=""><testcase status="7" exitcode="0" detail="" time="0.06" memory="2944" score="10"/><testcase status="7" exitcode="0" detail="" time="0.07" memory="2944" score="10"/><testcase status="7" exitcode="0" detail="" time="0.04" memory="2944" score="10"/><testcase status="7" exitcode="0" detail="" time="0.04" memory="2944" score="10"/><testcase status="7" exitcode="0" detail="" time="0.06" memory="2944" score="10"/><testcase status="7" exitcode="0" detail="" time="0.06" memory="2948" score="10"/><testcase status="7" exitcode="0" detail="" time="0.04" memory="2948" score="10"/><testcase status="7" exitcode="0" detail="" time="0.04" memory="2944" score="10"/><testcase status="7" exitcode="0" detail="" time="0.01" memory="2948" score="10"/><testcase status="7" exitcode="0" detail="" time="0.01" memory="2948" score="10"/></problem><problem title="&#x6392;&#x5E8F;" filename="ssort.cpp" status="1" hash="4102161773" detail=""><testcase status="7" exitcode="0" detail="" time="0" memory="1080" score="10"/><testcase status="7" exitcode="0" detail="" time="0.01" memory="1080" score="10"/><testcase status="7" exitcode="0" detail="" time="0" memory="1080" score="10"/><testcase status="7" exitcode="0" detail="" time="0" memory="1076" score="10"/><testcase status="7" exitcode="0" detail="" time="0.01" memory="1080" score="10"/><testcase status="7" exitcode="0" detail="" time="0" memory="1080" score="10"/><testcase status="7" exitcode="0" detail="" time="0" memory="1080" score="10"/><testcase status="7" exitcode="0" detail="" time="0.01" memory="1084" score="10"/><testcase status="7" exitcode="0" detail="" time="0.01" memory="1080" score="10"/><testcase status="7" exitcode="0" detail="" time="0.01" memory="1080" score="10"/></problem><problem title="&#x7EDD;&#x5BF9;&#x503C;&#x6392;&#x5E8F;" filename="absolute.cpp" status="1" hash="1452215422" detail=""><testcase status="7" exitcode="0" detail="" time="0" memory="1116" score="10"/><testcase status="7" exitcode="0" detail="" time="0" memory="1120" score="10"/><testcase status="7" exitcode="0" detail="" time="0" memory="1120" score="10"/><testcase status="7" exitcode="0" detail="" time="0.01" memory="1120" score="10"/><testcase status="7" exitcode="0" detail="" time="0" memory="1116" score="10"/><testcase status="7" exitcode="0" detail="" time="0" memory="1120" score="10"/><testcase status="7" exitcode="0" detail="" time="0" memory="1120" score="10"/><testcase status="7" exitcode="0" detail="" time="0" memory="1120" score="10"/><testcase status="7" exitcode="0" detail="" time="0" memory="1120" score="10"/><testcase status="7" exitcode="0" detail="" time="0" memory="1120" score="10"/></problem></result></cena>
