<?xml version="1.0"?>
<cena version="0.8.2"><result judgetime="44106.6384186921"><problem title="square" filename="square.cpp" status="1" hash="4153489875" detail=""><testcase status="7" exitcode="0" detail="" time="0" memory="1140" score="10"/><testcase status="7" exitcode="0" detail="" time="0" memory="1080" score="10"/><testcase status="7" exitcode="0" detail="" time="0" memory="1080" score="10"/><testcase status="7" exitcode="0" detail="" time="0.03" memory="1092" score="10"/><testcase status="7" exitcode="0" detail="" time="0" memory="1080" score="10"/><testcase status="7" exitcode="0" detail="" time="0" memory="1080" score="10"/><testcase status="7" exitcode="0" detail="" time="0" memory="1084" score="10"/><testcase status="7" exitcode="0" detail="" time="0.01" memory="1080" score="10"/><testcase status="7" exitcode="0" detail="" time="0" memory="1080" score="10"/><testcase status="7" exitcode="0" detail="" time="0" memory="1080" score="10"/></problem><problem title="pairs" filename="pairs.cpp" status="1" hash="661515451" detail=""><testcase status="7" exitcode="0" detail="" time="0" memory="1148" score="10"/><testcase status="7" exitcode="0" detail="" time="0" memory="1076" score="10"/><testcase status="7" exitcode="0" detail="" time="0" memory="1076" score="10"/><testcase status="7" exitcode="0" detail="" time="0" memory="1076" score="10"/><testcase status="7" exitcode="0" detail="" time="0" memory="1084" score="10"/><testcase status="7" exitcode="0" detail="" time="0" memory="1080" score="10"/><testcase status="7" exitcode="0" detail="" time="0" memory="1088" score="10"/><testcase status="7" exitcode="0" detail="" time="0" memory="1076" score="10"/><testcase status="7" exitcode="0" detail="" time="0" memory="1076" score="10"/><testcase status="7" exitcode="0" detail="" time="0" memory="1084" score="10"/></problem><problem title="qbin" filename="qbin.cpp" status="1" hash="1009030302" detail=""><testcase status="7" exitcode="0" detail="" time="0" memory="688" score="10"/><testcase status="7" exitcode="0" detail="" time="0" memory="628" score="10"/><testcase status="7" exitcode="0" detail="" time="0" memory="628" score="10"/><testcase status="7" exitcode="0" detail="" time="0" memory="628" score="10"/><testcase status="7" exitcode="0" detail="" time="0" memory="628" score="10"/><testcase status="7" exitcode="0" detail="" time="0" memory="628" score="10"/><testcase status="7" exitcode="0" detail="" time="0" memory="624" score="10"/><testcase status="7" exitcode="0" detail="" time="0" memory="632" score="10"/><testcase status="7" exitcode="0" detail="" time="0" memory="628" score="10"/><testcase status="7" exitcode="0" detail="" time="0" memory="628" score="10"/></problem><problem title="statistic" filename="statistic.cpp" status="1" hash="3794025164" detail=""><testcase status="7" exitcode="0" detail="" time="0" memory="1132" score="10"/><testcase status="7" exitcode="0" detail="" time="0" memory="1080" score="10"/><testcase status="7" exitcode="0" detail="" time="0.01" memory="1080" score="10"/><testcase status="7" exitcode="0" detail="" time="0.21" memory="1072" score="10"/><testcase status="7" exitcode="0" detail="" time="0.18" memory="1080" score="10"/><testcase status="7" exitcode="0" detail="" time="0.18" memory="1080" score="10"/><testcase status="7" exitcode="0" detail="" time="0.82" memory="1076" score="10"/><testcase status="7" exitcode="0" detail="" time="0.85" memory="1080" score="10"/><testcase status="7" exitcode="0" detail="" time="0.85" memory="1076" score="10"/><testcase status="7" exitcode="0" detail="" time="0.84" memory="1084" score="10"/></problem><problem title="cut" filename="cut.cpp" status="1" hash="2287319668" detail=""><testcase status="3" exitcode="1" detail="" time="1.0175247" memory="2700" score="0"/><testcase status="3" exitcode="1" detail="" time="1.0258726" memory="2640" score="0"/><testcase status="3" exitcode="1" detail="" time="1.2260743" memory="2640" score="0"/><testcase status="3" exitcode="1" detail="" time="1.015625" memory="2640" score="0"/><testcase status="3" exitcode="1" detail="" time="1.015625" memory="2640" score="0"/><testcase status="3" exitcode="1" detail="" time="1.015625" memory="2636" score="0"/><testcase status="3" exitcode="1" detail="" time="1.0303036" memory="2628" score="0"/><testcase status="3" exitcode="1" detail="" time="1.03125" memory="2644" score="0"/><testcase status="3" exitcode="1" detail="" time="1.1875" memory="2640" score="0"/><testcase status="3" exitcode="1" detail="" time="1.03125" memory="2648" score="0"/></problem><problem title="diff" filename="diff.cpp" status="1" hash="3575838423" detail=""><testcase status="8" exitcode="0" detail="&#x5728;&#x7B2C; 2 &#x884C;:&#13;&#10;----&#x9009;&#x624B;&#x8F93;&#x51FA;&#x7684;&#x7B2C; 1 &#x5217;----&#13;&#10;&gt;72&#13;&#10;----&#x6807;&#x51C6;&#x8F93;&#x51FA;&#x7684;&#x7B2C; 1 &#x5217;----&#13;&#10;&gt;94" time="0" memory="2320" score="0"/><testcase status="8" exitcode="0" detail="&#x5728;&#x7B2C; 1 &#x884C;:&#13;&#10;----&#x9009;&#x624B;&#x8F93;&#x51FA;&#x7684;&#x7B2C; 1 &#x5217;----&#13;&#10;&gt;68&#13;&#10;----&#x6807;&#x51C6;&#x8F93;&#x51FA;&#x7684;&#x7B2C; 1 &#x5217;----&#13;&#10;&gt;89" time="0" memory="2260" score="0"/><testcase status="8" exitcode="0" detail="&#x5728;&#x7B2C; 1 &#x884C;:&#13;&#10;----&#x9009;&#x624B;&#x8F93;&#x51FA;&#x7684;&#x7B2C; 1 &#x5217;----&#13;&#10;&gt;63&#13;&#10;----&#x6807;&#x51C6;&#x8F93;&#x51FA;&#x7684;&#x7B2C; 1 &#x5217;----&#13;&#10;&gt;71" time="0" memory="2260" score="0"/><testcase status="8" exitcode="0" detail="&#x5728;&#x7B2C; 1 &#x884C;:&#13;&#10;----&#x9009;&#x624B;&#x8F93;&#x51FA;&#x7684;&#x7B2C; 1 &#x5217;----&#13;&#10;&gt;66&#13;&#10;----&#x6807;&#x51C6;&#x8F93;&#x51FA;&#x7684;&#x7B2C; 1 &#x5217;----&#13;&#10;&gt;93" time="0.07" memory="2260" score="0"/><testcase status="8" exitcode="0" detail="&#x5728;&#x7B2C; 1 &#x884C;:&#13;&#10;----&#x9009;&#x624B;&#x8F93;&#x51FA;&#x7684;&#x7B2C; 1 &#x5217;----&#13;&#10;&gt;70&#13;&#10;----&#x6807;&#x51C6;&#x8F93;&#x51FA;&#x7684;&#x7B2C; 1 &#x5217;----&#13;&#10;&gt;90" time="0.09" memory="2264" score="0"/><testcase status="8" exitcode="0" detail="&#x5728;&#x7B2C; 4 &#x884C;:&#13;&#10;----&#x9009;&#x624B;&#x8F93;&#x51FA;&#x7684;&#x7B2C; 2 &#x5217;----&#13;&#10;&gt;...1&#13;&#10;----&#x6807;&#x51C6;&#x8F93;&#x51FA;&#x7684;&#x7B2C; 2 &#x5217;----&#13;&#10;&gt;...2" time="0.06" memory="2252" score="0"/><testcase status="7" exitcode="0" detail="" time="0.09" memory="2252" score="10"/><testcase status="8" exitcode="0" detail="&#x5728;&#x7B2C; 2 &#x884C;:&#13;&#10;----&#x9009;&#x624B;&#x8F93;&#x51FA;&#x7684;&#x7B2C; 1 &#x5217;----&#13;&#10;&gt;70&#13;&#10;----&#x6807;&#x51C6;&#x8F93;&#x51FA;&#x7684;&#x7B2C; 1 &#x5217;----&#13;&#10;&gt;90" time="0.06" memory="2252" score="0"/><testcase status="8" exitcode="0" detail="&#x5728;&#x7B2C; 3 &#x884C;:&#13;&#10;----&#x9009;&#x624B;&#x8F93;&#x51FA;&#x7684;&#x7B2C; 2 &#x5217;----&#13;&#10;&gt;...4&#13;&#10;----&#x6807;&#x51C6;&#x8F93;&#x51FA;&#x7684;&#x7B2C; 2 &#x5217;----&#13;&#10;&gt;...5" time="0.06" memory="2264" score="0"/><testcase status="8" exitcode="0" detail="&#x5728;&#x7B2C; 1 &#x884C;:&#13;&#10;----&#x9009;&#x624B;&#x8F93;&#x51FA;&#x7684;&#x7B2C; 2 &#x5217;----&#13;&#10;&gt;...2&#13;&#10;----&#x6807;&#x51C6;&#x8F93;&#x51FA;&#x7684;&#x7B2C; 2 &#x5217;----&#13;&#10;&gt;...4" time="0.07" memory="2252" score="0"/></problem></result></cena>
