<?xml version="1.0"?>
<cena version="0.8.2"><result judgetime="44106.6394796065"><problem title="square" filename="square.cpp" status="1" hash="3054711129" detail=""><testcase status="7" exitcode="0" detail="" time="0.01" memory="900" score="10"/><testcase status="7" exitcode="0" detail="" time="0" memory="832" score="10"/><testcase status="7" exitcode="0" detail="" time="0" memory="836" score="10"/><testcase status="7" exitcode="0" detail="" time="0" memory="836" score="10"/><testcase status="7" exitcode="0" detail="" time="0.01" memory="836" score="10"/><testcase status="7" exitcode="0" detail="" time="0.01" memory="832" score="10"/><testcase status="7" exitcode="0" detail="" time="0.01" memory="836" score="10"/><testcase status="7" exitcode="0" detail="" time="0.01" memory="832" score="10"/><testcase status="7" exitcode="0" detail="" time="0" memory="840" score="10"/><testcase status="7" exitcode="0" detail="" time="0" memory="836" score="10"/></problem><problem title="pairs" filename="pairs.cpp" status="1" hash="491241402" detail=""><testcase status="7" exitcode="0" detail="" time="0" memory="904" score="10"/><testcase status="7" exitcode="0" detail="" time="0" memory="832" score="10"/><testcase status="7" exitcode="0" detail="" time="0" memory="832" score="10"/><testcase status="7" exitcode="0" detail="" time="0" memory="836" score="10"/><testcase status="7" exitcode="0" detail="" time="0" memory="836" score="10"/><testcase status="7" exitcode="0" detail="" time="0" memory="836" score="10"/><testcase status="7" exitcode="0" detail="" time="0.01" memory="836" score="10"/><testcase status="7" exitcode="0" detail="" time="0" memory="836" score="10"/><testcase status="7" exitcode="0" detail="" time="0.01" memory="832" score="10"/><testcase status="7" exitcode="0" detail="" time="0" memory="832" score="10"/></problem><problem title="qbin" filename="qbin.cpp" status="1" hash="1561912828" detail=""><testcase status="7" exitcode="0" detail="" time="0" memory="900" score="10"/><testcase status="7" exitcode="0" detail="" time="0" memory="832" score="10"/><testcase status="7" exitcode="0" detail="" time="0" memory="832" score="10"/><testcase status="7" exitcode="0" detail="" time="0" memory="832" score="10"/><testcase status="7" exitcode="0" detail="" time="0" memory="836" score="10"/><testcase status="7" exitcode="0" detail="" time="0" memory="836" score="10"/><testcase status="7" exitcode="0" detail="" time="0" memory="836" score="10"/><testcase status="7" exitcode="0" detail="" time="0" memory="836" score="10"/><testcase status="7" exitcode="0" detail="" time="0" memory="832" score="10"/><testcase status="7" exitcode="0" detail="" time="0" memory="832" score="10"/></problem><problem title="statistic" filename="statistic.cpp" status="1" hash="1377327132" detail=""><testcase status="7" exitcode="0" detail="" time="0" memory="12648" score="10"/><testcase status="7" exitcode="0" detail="" time="0" memory="12580" score="10"/><testcase status="7" exitcode="0" detail="" time="0" memory="12576" score="10"/><testcase status="7" exitcode="0" detail="" time="0.37" memory="12576" score="10"/><testcase status="7" exitcode="0" detail="" time="0.37" memory="12584" score="10"/><testcase status="7" exitcode="0" detail="" time="0.35" memory="12580" score="10"/><testcase status="7" exitcode="0" detail="" time="1.43" memory="12580" score="10"/><testcase status="7" exitcode="0" detail="" time="1.43" memory="12572" score="10"/><testcase status="7" exitcode="0" detail="" time="1.45" memory="12580" score="10"/><testcase status="7" exitcode="0" detail="" time="1.43" memory="12580" score="10"/></problem><problem title="cut" filename="cut.cpp" status="1" hash="2419054944" detail=""><testcase status="7" exitcode="0" detail="" time="0.01" memory="2864" score="10"/><testcase status="7" exitcode="0" detail="" time="0.03" memory="2796" score="10"/><testcase status="7" exitcode="0" detail="" time="0.01" memory="2792" score="10"/><testcase status="3" exitcode="1" detail="" time="1.0554654" memory="2796" score="0"/><testcase status="3" exitcode="1" detail="" time="1.0079315" memory="2792" score="0"/><testcase status="3" exitcode="1" detail="" time="1.203125" memory="2796" score="0"/><testcase status="3" exitcode="1" detail="" time="1.203125" memory="2796" score="0"/><testcase status="3" exitcode="1" detail="" time="1.203125" memory="2804" score="0"/><testcase status="3" exitcode="1" detail="" time="1.103928" memory="2804" score="0"/><testcase status="3" exitcode="1" detail="" time="1.2550611" memory="2808" score="0"/></problem><problem title="diff" filename="diff.cpp" status="1" hash="2219925314" detail=""><testcase status="8" exitcode="0" detail="&#x5728;&#x7B2C; 1 &#x884C;:&#13;&#10;----&#x9009;&#x624B;&#x8F93;&#x51FA;&#x7684;&#x7B2C; 1 &#x5217;----&#13;&#10;&gt;90&#13;&#10;----&#x6807;&#x51C6;&#x8F93;&#x51FA;&#x7684;&#x7B2C; 1 &#x5217;----&#13;&#10;&gt;63" time="0" memory="904" score="0"/><testcase status="8" exitcode="0" detail="&#x5728;&#x7B2C; 3 &#x884C;:&#13;&#10;----&#x9009;&#x624B;&#x8F93;&#x51FA;&#x7684;&#x7B2C; 1 &#x5217;----&#13;&#10;&gt;93&#13;&#10;----&#x6807;&#x51C6;&#x8F93;&#x51FA;&#x7684;&#x7B2C; 1 &#x5217;----&#13;&#10;&gt;88" time="0" memory="840" score="0"/><testcase status="8" exitcode="0" detail="&#x5728;&#x7B2C; 1 &#x884C;:&#13;&#10;----&#x9009;&#x624B;&#x8F93;&#x51FA;&#x7684;&#x7B2C; 1 &#x5217;----&#13;&#10;&gt;85&#13;&#10;----&#x6807;&#x51C6;&#x8F93;&#x51FA;&#x7684;&#x7B2C; 1 &#x5217;----&#13;&#10;&gt;71" time="0" memory="840" score="0"/><testcase status="8" exitcode="0" detail="&#x5728;&#x7B2C; 1 &#x884C;:&#13;&#10;----&#x9009;&#x624B;&#x8F93;&#x51FA;&#x7684;&#x7B2C; 2 &#x5217;----&#13;&#10;&gt;...6&#13;&#10;----&#x6807;&#x51C6;&#x8F93;&#x51FA;&#x7684;&#x7B2C; 2 &#x5217;----&#13;&#10;&gt;...3" time="0" memory="840" score="0"/><testcase status="8" exitcode="0" detail="&#x5728;&#x7B2C; 1 &#x884C;:&#13;&#10;----&#x9009;&#x624B;&#x8F93;&#x51FA;&#x7684;&#x7B2C; 1 &#x5217;----&#13;&#10;&gt;100&#13;&#10;----&#x6807;&#x51C6;&#x8F93;&#x51FA;&#x7684;&#x7B2C; 1 &#x5217;----&#13;&#10;&gt;90" time="0" memory="840" score="0"/><testcase status="8" exitcode="0" detail="&#x5728;&#x7B2C; 1 &#x884C;:&#13;&#10;----&#x9009;&#x624B;&#x8F93;&#x51FA;&#x7684;&#x7B2C; 1 &#x5217;----&#13;&#10;&gt;94&#13;&#10;----&#x6807;&#x51C6;&#x8F93;&#x51FA;&#x7684;&#x7B2C; 1 &#x5217;----&#13;&#10;&gt;70" time="0" memory="840" score="0"/><testcase status="8" exitcode="0" detail="&#x5728;&#x7B2C; 1 &#x884C;:&#13;&#10;----&#x9009;&#x624B;&#x8F93;&#x51FA;&#x7684;&#x7B2C; 1 &#x5217;----&#13;&#10;&gt;91&#13;&#10;----&#x6807;&#x51C6;&#x8F93;&#x51FA;&#x7684;&#x7B2C; 1 &#x5217;----&#13;&#10;&gt;69" time="0" memory="836" score="0"/><testcase status="8" exitcode="0" detail="&#x5728;&#x7B2C; 1 &#x884C;:&#13;&#10;----&#x9009;&#x624B;&#x8F93;&#x51FA;&#x7684;&#x7B2C; 1 &#x5217;----&#13;&#10;&gt;95&#13;&#10;----&#x6807;&#x51C6;&#x8F93;&#x51FA;&#x7684;&#x7B2C; 1 &#x5217;----&#13;&#10;&gt;65" time="0" memory="836" score="0"/><testcase status="8" exitcode="0" detail="&#x5728;&#x7B2C; 1 &#x884C;:&#13;&#10;----&#x9009;&#x624B;&#x8F93;&#x51FA;&#x7684;&#x7B2C; 1 &#x5217;----&#13;&#10;&gt;95&#13;&#10;----&#x6807;&#x51C6;&#x8F93;&#x51FA;&#x7684;&#x7B2C; 1 &#x5217;----&#13;&#10;&gt;68" time="0.01" memory="844" score="0"/><testcase status="8" exitcode="0" detail="&#x5728;&#x7B2C; 1 &#x884C;:&#13;&#10;----&#x9009;&#x624B;&#x8F93;&#x51FA;&#x7684;&#x7B2C; 1 &#x5217;----&#13;&#10;&gt;93&#13;&#10;----&#x6807;&#x51C6;&#x8F93;&#x51FA;&#x7684;&#x7B2C; 1 &#x5217;----&#13;&#10;&gt;74" time="0" memory="844" score="0"/></problem></result></cena>
