<?xml version="1.0"?>
<cena version="0.8.1"><result judgetime="44123.6758452199"><problem title="&#x6C42;&#x6700;&#x957F;&#x516C;&#x5171;&#x5B50;&#x5E8F;&#x5217;LCS" filename="public.cpp" status="1" hash="1271871467" detail=""><testcase status="7" exitcode="0" detail="" time="0" memory="4424" score="10"/><testcase status="7" exitcode="0" detail="" time="0" memory="4416" score="10"/><testcase status="7" exitcode="0" detail="" time="0" memory="4416" score="10"/><testcase status="8" exitcode="0" detail="&#x5728;&#x7B2C; 1 &#x884C;:&#13;&#10;----&#x9009;&#x624B;&#x8F93;&#x51FA;&#x7684;&#x7B2C; 1 &#x5217;----&#13;&#10;&gt;205484...&#13;&#10;----&#x6807;&#x51C6;&#x8F93;&#x51FA;&#x7684;&#x7B2C; 1 &#x5217;----&#13;&#10;&gt;309" time="0" memory="4424" score="0"/><testcase status="8" exitcode="0" detail="&#x5728;&#x7B2C; 1 &#x884C;:&#13;&#10;----&#x9009;&#x624B;&#x8F93;&#x51FA;&#x7684;&#x7B2C; 1 &#x5217;----&#13;&#10;&gt;205477...&#13;&#10;----&#x6807;&#x51C6;&#x8F93;&#x51FA;&#x7684;&#x7B2C; 1 &#x5217;----&#13;&#10;&gt;319" time="0.01" memory="4428" score="0"/><testcase status="8" exitcode="0" detail="&#x5728;&#x7B2C; 1 &#x884C;:&#13;&#10;----&#x9009;&#x624B;&#x8F93;&#x51FA;&#x7684;&#x7B2C; 1 &#x5217;----&#13;&#10;&gt;205477...&#13;&#10;----&#x6807;&#x51C6;&#x8F93;&#x51FA;&#x7684;&#x7B2C; 1 &#x5217;----&#13;&#10;&gt;317" time="0.01" memory="4420" score="0"/><testcase status="8" exitcode="0" detail="&#x5728;&#x7B2C; 1 &#x884C;:&#13;&#10;----&#x9009;&#x624B;&#x8F93;&#x51FA;&#x7684;&#x7B2C; 1 &#x5217;----&#13;&#10;&gt;205484...&#13;&#10;----&#x6807;&#x51C6;&#x8F93;&#x51FA;&#x7684;&#x7B2C; 1 &#x5217;----&#13;&#10;&gt;314" time="0" memory="4428" score="0"/><testcase status="8" exitcode="0" detail="&#x5728;&#x7B2C; 1 &#x884C;:&#13;&#10;----&#x9009;&#x624B;&#x8F93;&#x51FA;&#x7684;&#x7B2C; 1 &#x5217;----&#13;&#10;&gt;205458...&#13;&#10;----&#x6807;&#x51C6;&#x8F93;&#x51FA;&#x7684;&#x7B2C; 1 &#x5217;----&#13;&#10;&gt;318" time="0.01" memory="4420" score="0"/><testcase status="8" exitcode="0" detail="&#x5728;&#x7B2C; 1 &#x884C;:&#13;&#10;----&#x9009;&#x624B;&#x8F93;&#x51FA;&#x7684;&#x7B2C; 1 &#x5217;----&#13;&#10;&gt;205471...&#13;&#10;----&#x6807;&#x51C6;&#x8F93;&#x51FA;&#x7684;&#x7B2C; 1 &#x5217;----&#13;&#10;&gt;325" time="0.01" memory="4420" score="0"/><testcase status="8" exitcode="0" detail="&#x5728;&#x7B2C; 1 &#x884C;:&#13;&#10;----&#x9009;&#x624B;&#x8F93;&#x51FA;&#x7684;&#x7B2C; 1 &#x5217;----&#13;&#10;&gt;205471...&#13;&#10;----&#x6807;&#x51C6;&#x8F93;&#x51FA;&#x7684;&#x7B2C; 1 &#x5217;----&#13;&#10;&gt;327" time="0.01" memory="4424" score="0"/></problem><problem title="&#x6700;&#x957F;&#x4E0A;&#x5347;&#x5B50;&#x5E8F;&#x5217;" filename="longrise.cpp" status="1" hash="3345181994" detail=""><testcase status="7" exitcode="0" detail="" time="0" memory="476" score="10"/><testcase status="7" exitcode="0" detail="" time="0" memory="468" score="10"/><testcase status="7" exitcode="0" detail="" time="0" memory="476" score="10"/><testcase status="7" exitcode="0" detail="" time="0" memory="472" score="10"/><testcase status="7" exitcode="0" detail="" time="0" memory="468" score="10"/><testcase status="7" exitcode="0" detail="" time="0" memory="472" score="10"/><testcase status="7" exitcode="0" detail="" time="0" memory="476" score="10"/><testcase status="7" exitcode="0" detail="" time="0" memory="464" score="10"/><testcase status="7" exitcode="0" detail="" time="0" memory="464" score="10"/><testcase status="7" exitcode="0" detail="" time="0.01" memory="468" score="10"/></problem><problem title="&#x548C;&#x6700;&#x5927;&#x5B50;&#x5E8F;&#x5217;" filename="mlong.cpp" status="1" hash="2073904050" detail=""><testcase status="7" exitcode="0" detail="" time="0" memory="1636" score="10"/><testcase status="7" exitcode="0" detail="" time="0" memory="1640" score="10"/><testcase status="7" exitcode="0" detail="" time="0" memory="1636" score="10"/><testcase status="7" exitcode="0" detail="" time="0" memory="1644" score="10"/><testcase status="7" exitcode="0" detail="" time="0" memory="1636" score="10"/><testcase status="7" exitcode="0" detail="" time="0" memory="1640" score="10"/><testcase status="7" exitcode="0" detail="" time="0.01" memory="1636" score="10"/><testcase status="7" exitcode="0" detail="" time="0" memory="1644" score="10"/><testcase status="7" exitcode="0" detail="" time="0" memory="1640" score="10"/><testcase status="7" exitcode="0" detail="" time="0.01" memory="1644" score="10"/></problem><problem title="01&#x80CC;&#x5305;" filename="bag.cpp" status="1" hash="3041068814" detail=""><testcase status="7" exitcode="0" detail="" time="0" memory="484" score="10"/><testcase status="7" exitcode="0" detail="" time="0.01" memory="484" score="10"/><testcase status="7" exitcode="0" detail="" time="0" memory="480" score="10"/><testcase status="7" exitcode="0" detail="" time="0.01" memory="480" score="10"/><testcase status="7" exitcode="0" detail="" time="0" memory="480" score="10"/><testcase status="7" exitcode="0" detail="" time="0" memory="480" score="10"/><testcase status="7" exitcode="0" detail="" time="0" memory="484" score="10"/><testcase status="7" exitcode="0" detail="" time="0" memory="488" score="10"/><testcase status="7" exitcode="0" detail="" time="0" memory="480" score="10"/><testcase status="7" exitcode="0" detail="" time="0" memory="476" score="10"/></problem><problem title="&#x6446;&#x52A8;&#x5E8F;&#x5217;" filename="list.cpp" status="1" hash="3096338396" detail=""><testcase status="7" exitcode="0" detail="" time="0" memory="472" score="10"/><testcase status="7" exitcode="0" detail="" time="0" memory="468" score="10"/><testcase status="7" exitcode="0" detail="" time="0" memory="468" score="10"/><testcase status="7" exitcode="0" detail="" time="0" memory="460" score="10"/><testcase status="7" exitcode="0" detail="" time="0" memory="468" score="10"/><testcase status="7" exitcode="0" detail="" time="0" memory="468" score="10"/><testcase status="7" exitcode="0" detail="" time="0" memory="468" score="10"/><testcase status="7" exitcode="0" detail="" time="0" memory="464" score="10"/><testcase status="7" exitcode="0" detail="" time="0" memory="468" score="10"/><testcase status="7" exitcode="0" detail="" time="0" memory="468" score="10"/></problem><problem title="&#x6446;&#x52A8;&#x5E8F;&#x5217;2" filename="listwo.cpp" status="16" hash="1897848184" detail="NZPBYZIT.cpp: In function `int main()':&#13;&#10;NZPBYZIT.cpp:17: error: call of overloaded `pow(int, long long int)' is ambiguous&#13;&#10;C:/Program Files (x86)/Cena/compilers/bin/../lib/gcc/mingw32/3.4.2/../../../../include/math.h:150: note: candidates are: double pow(double, double)&#13;&#10;C:/Program Files (x86)/Cena/compilers/bin/../lib/gcc/mingw32/3.4.2/../../../../include/c++/3.4.2/cmath:361: note:                 long double std::pow(long double, int)&#13;&#10;C:/Program Files (x86)/Cena/compilers/bin/../lib/gcc/mingw32/3.4.2/../../../../include/c++/3.4.2/cmath:357: note:                 float std::pow(float, int)&#13;&#10;C:/Program Files (x86)/Cena/compilers/bin/../lib/gcc/mingw32/3.4.2/../../../../include/c++/3.4.2/cmath:353: note:                 double std::pow(double, int)&#13;&#10;C:/Program Files (x86)/Cena/compilers/bin/../lib/gcc/mingw32/3.4.2/../../../../include/c++/3.4.2/cmath:349: note:                 long double std::pow(long double, long double)&#13;&#10;C:/Program Files (x86)/Cena/compilers/bin/../lib/gcc/mingw32/3.4.2/../../../../include/c++/3.4.2/cmath:345: note:                 float std::pow(float, float)&#13;&#10;"><testcase status="16" exitcode="1" detail="" time="0" memory="0" score="0"/><testcase status="16" exitcode="1" detail="" time="0" memory="0" score="0"/><testcase status="16" exitcode="1" detail="" time="0" memory="0" score="0"/><testcase status="16" exitcode="1" detail="" time="0" memory="0" score="0"/><testcase status="16" exitcode="1" detail="" time="0" memory="0" score="0"/><testcase status="16" exitcode="1" detail="" time="0" memory="0" score="0"/><testcase status="16" exitcode="1" detail="" time="0" memory="0" score="0"/><testcase status="16" exitcode="1" detail="" time="0" memory="0" score="0"/><testcase status="16" exitcode="1" detail="" time="0" memory="0" score="0"/><testcase status="16" exitcode="1" detail="" time="0" memory="0" score="0"/></problem></result></cena>
