<?xml version="1.0"?>
<cena version="0.8.1"><result judgetime="44081.6675921875"><problem title="&#x6570;&#x5217;&#x6392;&#x5E8F;" filename="grop.cpp" status="1" hash="634845134" detail=""><testcase status="7" exitcode="0" detail="" time="0" memory="1040" score="10"/><testcase status="7" exitcode="0" detail="" time="0" memory="1044" score="10"/><testcase status="7" exitcode="0" detail="" time="0" memory="1040" score="10"/><testcase status="7" exitcode="0" detail="" time="0" memory="1044" score="10"/><testcase status="7" exitcode="0" detail="" time="0" memory="1040" score="10"/><testcase status="7" exitcode="0" detail="" time="0.01" memory="1040" score="10"/><testcase status="7" exitcode="0" detail="" time="0.01" memory="1040" score="10"/><testcase status="7" exitcode="0" detail="" time="0" memory="1040" score="10"/><testcase status="7" exitcode="0" detail="" time="0" memory="1040" score="10"/><testcase status="7" exitcode="0" detail="" time="0" memory="1044" score="10"/></problem><problem title="&#x65E5;&#x671F;&#x6392;&#x5E8F;" filename="date.cpp" status="1" hash="549995488" detail=""><testcase status="3" exitcode="1" detail="" time="1.0140065" memory="1044" score="0"/><testcase status="3" exitcode="1" detail="" time="1.2012077" memory="1044" score="0"/><testcase status="3" exitcode="1" detail="" time="1.2012077" memory="1044" score="0"/><testcase status="3" exitcode="1" detail="" time="1.0140065" memory="1044" score="0"/><testcase status="3" exitcode="1" detail="" time="1.0140065" memory="1044" score="0"/><testcase status="3" exitcode="1" detail="" time="1.0140065" memory="1048" score="0"/><testcase status="3" exitcode="1" detail="" time="1.2324079" memory="1048" score="0"/><testcase status="3" exitcode="1" detail="" time="1.0140065" memory="1040" score="0"/><testcase status="3" exitcode="1" detail="" time="1.0296066" memory="1044" score="0"/><testcase status="3" exitcode="1" detail="" time="1.092007" memory="1048" score="0"/></problem><problem title="&#x8EAB;&#x4EFD;&#x8BC1;&#x6392;&#x5E8F;" filename="" status="14" hash="0" detail=""><testcase status="14" exitcode="0" detail="" time="0" memory="0" score="0"/><testcase status="14" exitcode="0" detail="" time="0" memory="0" score="0"/><testcase status="14" exitcode="0" detail="" time="0" memory="0" score="0"/><testcase status="14" exitcode="0" detail="" time="0" memory="0" score="0"/><testcase status="14" exitcode="0" detail="" time="0" memory="0" score="0"/><testcase status="14" exitcode="0" detail="" time="0" memory="0" score="0"/><testcase status="14" exitcode="0" detail="" time="0" memory="0" score="0"/><testcase status="14" exitcode="0" detail="" time="0" memory="0" score="0"/><testcase status="14" exitcode="0" detail="" time="0" memory="0" score="0"/><testcase status="14" exitcode="0" detail="" time="0" memory="0" score="0"/></problem><problem title="&#x6210;&#x7EE9;&#x6392;&#x5E8F;" filename="score.cpp" status="1" hash="1771585967" detail=""><testcase status="6" exitcode="3221225477" detail="" time="0" memory="1056" score="0"/><testcase status="6" exitcode="3221225477" detail="" time="0" memory="1056" score="0"/><testcase status="6" exitcode="3221225477" detail="" time="0" memory="1056" score="0"/><testcase status="6" exitcode="3221225477" detail="" time="0" memory="1056" score="0"/><testcase status="6" exitcode="3221225477" detail="" time="0" memory="1056" score="0"/><testcase status="6" exitcode="3221225477" detail="" time="0" memory="1056" score="0"/><testcase status="6" exitcode="3221225477" detail="" time="0" memory="1060" score="0"/><testcase status="6" exitcode="3221225477" detail="" time="0" memory="1056" score="0"/><testcase status="8" exitcode="0" detail="&#x5728;&#x7B2C; 20 &#x884C;:&#13;&#10;----&#x9009;&#x624B;&#x8F93;&#x51FA;&#x7684;&#x7B2C; 1 &#x5217;----&#13;&#10;&gt;52 13 ...&#13;&#10;----&#x6807;&#x51C6;&#x8F93;&#x51FA;&#x7684;&#x7B2C; 1 &#x5217;----&#13;&#10;&gt;tccRyy..." time="0" memory="1056" score="0"/><testcase status="8" exitcode="0" detail="&#x5728;&#x7B2C; 20 &#x884C;:&#13;&#10;----&#x9009;&#x624B;&#x8F93;&#x51FA;&#x7684;&#x7B2C; 1 &#x5217;----&#13;&#10;&gt;7 15 3...&#13;&#10;----&#x6807;&#x51C6;&#x8F93;&#x51FA;&#x7684;&#x7B2C; 1 &#x5217;----&#13;&#10;&gt;tccRyy..." time="0" memory="1048" score="0"/></problem><problem title="&#x6392;&#x5E8F;" filename="ssort.cpp" status="1" hash="3704134469" detail=""><testcase status="7" exitcode="0" detail="" time="0" memory="1044" score="10"/><testcase status="7" exitcode="0" detail="" time="0" memory="1040" score="10"/><testcase status="7" exitcode="0" detail="" time="0.01" memory="1040" score="10"/><testcase status="7" exitcode="0" detail="" time="0.01" memory="1040" score="10"/><testcase status="7" exitcode="0" detail="" time="0.01" memory="1040" score="10"/><testcase status="7" exitcode="0" detail="" time="0" memory="1044" score="10"/><testcase status="7" exitcode="0" detail="" time="0" memory="1040" score="10"/><testcase status="7" exitcode="0" detail="" time="0" memory="1040" score="10"/><testcase status="7" exitcode="0" detail="" time="0.01" memory="1044" score="10"/><testcase status="7" exitcode="0" detail="" time="0" memory="1040" score="10"/></problem><problem title="&#x7EDD;&#x5BF9;&#x503C;&#x6392;&#x5E8F;" filename="absolute.cpp" status="1" hash="3652397282" detail=""><testcase status="3" exitcode="1" detail="" time="1.2012077" memory="1020" score="0"/><testcase status="3" exitcode="1" detail="" time="1.0296066" memory="1012" score="0"/><testcase status="3" exitcode="1" detail="" time="1.1856076" memory="1012" score="0"/><testcase status="3" exitcode="1" detail="" time="1.0296066" memory="1016" score="0"/><testcase status="3" exitcode="1" detail="" time="1.0140065" memory="1012" score="0"/><testcase status="3" exitcode="1" detail="" time="1.0296066" memory="1016" score="0"/><testcase status="3" exitcode="1" detail="" time="1.0296066" memory="1016" score="0"/><testcase status="3" exitcode="1" detail="" time="1.0296066" memory="1016" score="0"/><testcase status="3" exitcode="1" detail="" time="1.0203126" memory="1016" score="0"/><testcase status="3" exitcode="1" detail="" time="1.0140065" memory="1012" score="0"/></problem></result></cena>
