<?xml version="1.0"?>
<cena version="0.8.1"><result judgetime="44081.6781173958"><problem title="&#x6570;&#x5217;&#x6392;&#x5E8F;" filename="grop.cpp" status="1" hash="3786040336" detail=""><testcase status="7" exitcode="0" detail="" time="0" memory="236" score="10"/><testcase status="7" exitcode="0" detail="" time="0" memory="236" score="10"/><testcase status="7" exitcode="0" detail="" time="0" memory="236" score="10"/><testcase status="7" exitcode="0" detail="" time="0" memory="236" score="10"/><testcase status="7" exitcode="0" detail="" time="0" memory="236" score="10"/><testcase status="7" exitcode="0" detail="" time="0" memory="236" score="10"/><testcase status="7" exitcode="0" detail="" time="0" memory="236" score="10"/><testcase status="7" exitcode="0" detail="" time="0" memory="236" score="10"/><testcase status="7" exitcode="0" detail="" time="0" memory="236" score="10"/><testcase status="7" exitcode="0" detail="" time="0" memory="232" score="10"/></problem><problem title="&#x65E5;&#x671F;&#x6392;&#x5E8F;" filename="date.cpp" status="1" hash="3564147434" detail=""><testcase status="7" exitcode="0" detail="" time="0" memory="232" score="10"/><testcase status="7" exitcode="0" detail="" time="0" memory="232" score="10"/><testcase status="7" exitcode="0" detail="" time="0" memory="232" score="10"/><testcase status="7" exitcode="0" detail="" time="0.01" memory="236" score="10"/><testcase status="7" exitcode="0" detail="" time="0" memory="236" score="10"/><testcase status="7" exitcode="0" detail="" time="0" memory="232" score="10"/><testcase status="7" exitcode="0" detail="" time="0" memory="236" score="10"/><testcase status="7" exitcode="0" detail="" time="0" memory="232" score="10"/><testcase status="7" exitcode="0" detail="" time="0.01" memory="236" score="10"/><testcase status="7" exitcode="0" detail="" time="0.01" memory="232" score="10"/></problem><problem title="&#x8EAB;&#x4EFD;&#x8BC1;&#x6392;&#x5E8F;" filename="idcard.cpp" status="1" hash="2722182598" detail=""><testcase status="7" exitcode="0" detail="" time="0" memory="3364" score="10"/><testcase status="7" exitcode="0" detail="" time="0" memory="3364" score="10"/><testcase status="7" exitcode="0" detail="" time="0" memory="3364" score="10"/><testcase status="7" exitcode="0" detail="" time="0" memory="3364" score="10"/><testcase status="7" exitcode="0" detail="" time="0" memory="3364" score="10"/><testcase status="7" exitcode="0" detail="" time="0" memory="3364" score="10"/><testcase status="7" exitcode="0" detail="" time="0" memory="3364" score="10"/><testcase status="7" exitcode="0" detail="" time="0" memory="3364" score="10"/><testcase status="7" exitcode="0" detail="" time="0" memory="3360" score="10"/><testcase status="7" exitcode="0" detail="" time="0" memory="3360" score="10"/></problem><problem title="&#x6210;&#x7EE9;&#x6392;&#x5E8F;" filename="score.cpp" status="1" hash="2616272152" detail=""><testcase status="7" exitcode="0" detail="" time="0" memory="364" score="10"/><testcase status="7" exitcode="0" detail="" time="0.01" memory="368" score="10"/><testcase status="7" exitcode="0" detail="" time="0.03" memory="368" score="10"/><testcase status="7" exitcode="0" detail="" time="0.01" memory="368" score="10"/><testcase status="7" exitcode="0" detail="" time="0.03" memory="364" score="10"/><testcase status="7" exitcode="0" detail="" time="0.01" memory="364" score="10"/><testcase status="7" exitcode="0" detail="" time="0.03" memory="368" score="10"/><testcase status="7" exitcode="0" detail="" time="0.01" memory="368" score="10"/><testcase status="8" exitcode="0" detail="&#x9009;&#x624B;&#x8F93;&#x51FA;&#x6BD4;&#x6807;&#x51C6;&#x8F93;&#x51FA;&#x957F;&#x3002;" time="0.01" memory="368" score="0"/><testcase status="8" exitcode="0" detail="&#x9009;&#x624B;&#x8F93;&#x51FA;&#x6BD4;&#x6807;&#x51C6;&#x8F93;&#x51FA;&#x957F;&#x3002;" time="0" memory="368" score="0"/></problem><problem title="&#x6392;&#x5E8F;" filename="ssort.cpp" status="1" hash="2580180612" detail=""><testcase status="7" exitcode="0" detail="" time="0" memory="236" score="10"/><testcase status="7" exitcode="0" detail="" time="0.01" memory="236" score="10"/><testcase status="7" exitcode="0" detail="" time="0" memory="232" score="10"/><testcase status="7" exitcode="0" detail="" time="0" memory="236" score="10"/><testcase status="7" exitcode="0" detail="" time="0.01" memory="236" score="10"/><testcase status="7" exitcode="0" detail="" time="0.01" memory="236" score="10"/><testcase status="7" exitcode="0" detail="" time="0.01" memory="236" score="10"/><testcase status="7" exitcode="0" detail="" time="0.01" memory="236" score="10"/><testcase status="7" exitcode="0" detail="" time="0" memory="236" score="10"/><testcase status="7" exitcode="0" detail="" time="0.01" memory="232" score="10"/></problem><problem title="&#x7EDD;&#x5BF9;&#x503C;&#x6392;&#x5E8F;" filename="absolute.cpp" status="1" hash="4115701076" detail=""><testcase status="7" exitcode="0" detail="" time="0" memory="236" score="10"/><testcase status="7" exitcode="0" detail="" time="0" memory="232" score="10"/><testcase status="7" exitcode="0" detail="" time="0" memory="236" score="10"/><testcase status="7" exitcode="0" detail="" time="0" memory="236" score="10"/><testcase status="7" exitcode="0" detail="" time="0" memory="236" score="10"/><testcase status="7" exitcode="0" detail="" time="0" memory="232" score="10"/><testcase status="7" exitcode="0" detail="" time="0.01" memory="236" score="10"/><testcase status="7" exitcode="0" detail="" time="0.01" memory="236" score="10"/><testcase status="7" exitcode="0" detail="" time="0" memory="232" score="10"/><testcase status="7" exitcode="0" detail="" time="0" memory="232" score="10"/></problem></result></cena>
