<?xml version="1.0"?>
<cena version="0.8.1"><result judgetime="44123.6869027894"><problem title="&#x6C42;&#x6700;&#x957F;&#x516C;&#x5171;&#x5B50;&#x5E8F;&#x5217;LCS" filename="public.cpp" status="1" hash="834993787" detail=""><testcase status="7" exitcode="0" detail="" time="0.01" memory="4404" score="10"/><testcase status="7" exitcode="0" detail="" time="0" memory="4404" score="10"/><testcase status="7" exitcode="0" detail="" time="0.01" memory="4404" score="10"/><testcase status="7" exitcode="0" detail="" time="0" memory="4408" score="10"/><testcase status="7" exitcode="0" detail="" time="0.01" memory="4408" score="10"/><testcase status="7" exitcode="0" detail="" time="0" memory="4404" score="10"/><testcase status="7" exitcode="0" detail="" time="0" memory="4412" score="10"/><testcase status="7" exitcode="0" detail="" time="0.01" memory="4408" score="10"/><testcase status="7" exitcode="0" detail="" time="0.01" memory="4408" score="10"/><testcase status="7" exitcode="0" detail="" time="0" memory="4408" score="10"/></problem><problem title="&#x6700;&#x957F;&#x4E0A;&#x5347;&#x5B50;&#x5E8F;&#x5217;" filename="longrise.cpp" status="1" hash="1713983383" detail=""><testcase status="7" exitcode="0" detail="" time="0" memory="468" score="10"/><testcase status="7" exitcode="0" detail="" time="0" memory="460" score="10"/><testcase status="7" exitcode="0" detail="" time="0" memory="460" score="10"/><testcase status="7" exitcode="0" detail="" time="0" memory="464" score="10"/><testcase status="7" exitcode="0" detail="" time="0" memory="468" score="10"/><testcase status="7" exitcode="0" detail="" time="0" memory="460" score="10"/><testcase status="7" exitcode="0" detail="" time="0" memory="464" score="10"/><testcase status="7" exitcode="0" detail="" time="0" memory="468" score="10"/><testcase status="7" exitcode="0" detail="" time="0" memory="464" score="10"/><testcase status="7" exitcode="0" detail="" time="0" memory="464" score="10"/></problem><problem title="&#x548C;&#x6700;&#x5927;&#x5B50;&#x5E8F;&#x5217;" filename="mlong.cpp" status="1" hash="2675971537" detail=""><testcase status="7" exitcode="0" detail="" time="0" memory="1244" score="10"/><testcase status="8" exitcode="0" detail="&#x5728;&#x7B2C; 1 &#x884C;:&#13;&#10;----&#x9009;&#x624B;&#x8F93;&#x51FA;&#x7684;&#x7B2C; 2 &#x5217;----&#13;&#10;&gt;...497&#13;&#10;----&#x6807;&#x51C6;&#x8F93;&#x51FA;&#x7684;&#x7B2C; 2 &#x5217;----&#13;&#10;&gt;...556" time="0" memory="1240" score="0"/><testcase status="8" exitcode="0" detail="&#x5728;&#x7B2C; 1 &#x884C;:&#13;&#10;----&#x9009;&#x624B;&#x8F93;&#x51FA;&#x7684;&#x7B2C; 1 &#x5217;----&#13;&#10;&gt;1264&#13;&#10;----&#x6807;&#x51C6;&#x8F93;&#x51FA;&#x7684;&#x7B2C; 1 &#x5217;----&#13;&#10;&gt;2160" time="0" memory="1244" score="0"/><testcase status="8" exitcode="0" detail="&#x5728;&#x7B2C; 1 &#x884C;:&#13;&#10;----&#x9009;&#x624B;&#x8F93;&#x51FA;&#x7684;&#x7B2C; 1 &#x5217;----&#13;&#10;&gt;1264&#13;&#10;----&#x6807;&#x51C6;&#x8F93;&#x51FA;&#x7684;&#x7B2C; 1 &#x5217;----&#13;&#10;&gt;2570" time="0.01" memory="1236" score="0"/><testcase status="8" exitcode="0" detail="&#x5728;&#x7B2C; 1 &#x884C;:&#13;&#10;----&#x9009;&#x624B;&#x8F93;&#x51FA;&#x7684;&#x7B2C; 1 &#x5217;----&#13;&#10;&gt;18010&#13;&#10;----&#x6807;&#x51C6;&#x8F93;&#x51FA;&#x7684;&#x7B2C; 1 &#x5217;----&#13;&#10;&gt;44407" time="0" memory="1240" score="0"/><testcase status="8" exitcode="0" detail="&#x5728;&#x7B2C; 1 &#x884C;:&#13;&#10;----&#x9009;&#x624B;&#x8F93;&#x51FA;&#x7684;&#x7B2C; 1 &#x5217;----&#13;&#10;&gt;18010&#13;&#10;----&#x6807;&#x51C6;&#x8F93;&#x51FA;&#x7684;&#x7B2C; 1 &#x5217;----&#13;&#10;&gt;85386" time="0" memory="1236" score="0"/><testcase status="8" exitcode="0" detail="&#x5728;&#x7B2C; 1 &#x884C;:&#13;&#10;----&#x9009;&#x624B;&#x8F93;&#x51FA;&#x7684;&#x7B2C; 2 &#x5217;----&#13;&#10;&gt;...8010&#13;&#10;----&#x6807;&#x51C6;&#x8F93;&#x51FA;&#x7684;&#x7B2C; 2 &#x5217;----&#13;&#10;&gt;...59372" time="0" memory="1244" score="0"/><testcase status="8" exitcode="0" detail="&#x5728;&#x7B2C; 1 &#x884C;:&#13;&#10;----&#x9009;&#x624B;&#x8F93;&#x51FA;&#x7684;&#x7B2C; 1 &#x5217;----&#13;&#10;&gt;18010&#13;&#10;----&#x6807;&#x51C6;&#x8F93;&#x51FA;&#x7684;&#x7B2C; 1 &#x5217;----&#13;&#10;&gt;235895" time="0" memory="1236" score="0"/><testcase status="8" exitcode="0" detail="&#x5728;&#x7B2C; 1 &#x884C;:&#13;&#10;----&#x9009;&#x624B;&#x8F93;&#x51FA;&#x7684;&#x7B2C; 1 &#x5217;----&#13;&#10;&gt;22799&#13;&#10;----&#x6807;&#x51C6;&#x8F93;&#x51FA;&#x7684;&#x7B2C; 1 &#x5217;----&#13;&#10;&gt;319040" time="0" memory="1240" score="0"/><testcase status="7" exitcode="0" detail="" time="0.01" memory="1240" score="10"/></problem><problem title="01&#x80CC;&#x5305;" filename="bag.cpp" status="1" hash="3401940798" detail=""><testcase status="7" exitcode="0" detail="" time="0" memory="480" score="10"/><testcase status="7" exitcode="0" detail="" time="0" memory="480" score="10"/><testcase status="7" exitcode="0" detail="" time="0" memory="484" score="10"/><testcase status="7" exitcode="0" detail="" time="0.01" memory="480" score="10"/><testcase status="7" exitcode="0" detail="" time="0" memory="480" score="10"/><testcase status="7" exitcode="0" detail="" time="0" memory="480" score="10"/><testcase status="7" exitcode="0" detail="" time="0" memory="480" score="10"/><testcase status="7" exitcode="0" detail="" time="0.01" memory="476" score="10"/><testcase status="7" exitcode="0" detail="" time="0" memory="472" score="10"/><testcase status="7" exitcode="0" detail="" time="0" memory="476" score="10"/></problem><problem title="&#x6446;&#x52A8;&#x5E8F;&#x5217;" filename="list.cpp" status="1" hash="26499580" detail=""><testcase status="7" exitcode="0" detail="" time="0.01" memory="460" score="10"/><testcase status="7" exitcode="0" detail="" time="0" memory="460" score="10"/><testcase status="7" exitcode="0" detail="" time="0" memory="460" score="10"/><testcase status="7" exitcode="0" detail="" time="0" memory="456" score="10"/><testcase status="7" exitcode="0" detail="" time="0" memory="460" score="10"/><testcase status="7" exitcode="0" detail="" time="0" memory="460" score="10"/><testcase status="7" exitcode="0" detail="" time="0" memory="460" score="10"/><testcase status="7" exitcode="0" detail="" time="0" memory="452" score="10"/><testcase status="7" exitcode="0" detail="" time="0" memory="460" score="10"/><testcase status="7" exitcode="0" detail="" time="0" memory="456" score="10"/></problem><problem title="&#x6446;&#x52A8;&#x5E8F;&#x5217;2" filename="listwo.cpp" status="1" hash="3247417758" detail=""><testcase status="7" exitcode="0" detail="" time="0" memory="460" score="10"/><testcase status="7" exitcode="0" detail="" time="0" memory="460" score="10"/><testcase status="7" exitcode="0" detail="" time="0" memory="456" score="10"/><testcase status="7" exitcode="0" detail="" time="0" memory="456" score="10"/><testcase status="7" exitcode="0" detail="" time="0" memory="460" score="10"/><testcase status="7" exitcode="0" detail="" time="0" memory="456" score="10"/><testcase status="7" exitcode="0" detail="" time="0" memory="460" score="10"/><testcase status="7" exitcode="0" detail="" time="0" memory="456" score="10"/><testcase status="7" exitcode="0" detail="" time="0" memory="456" score="10"/><testcase status="7" exitcode="0" detail="" time="0" memory="460" score="10"/></problem></result></cena>
