<?xml version="1.0"?>
<cena version="0.8.2"><result judgetime="44106.6419693287"><problem title="square" filename="square.cpp" status="1" hash="1443420507" detail="WNCRRXPI.cpp:2:12: warning: built-in function 'y1' declared as non-function [-Wbuiltin-declaration-mismatch]&#10; int x,y,x1,y1,x2,y2,n,l,ans;&#10;            ^~&#10;"><testcase status="7" exitcode="0" detail="" time="0.01" memory="904" score="10"/><testcase status="7" exitcode="0" detail="" time="0" memory="832" score="10"/><testcase status="7" exitcode="0" detail="" time="0.01" memory="832" score="10"/><testcase status="7" exitcode="0" detail="" time="0" memory="836" score="10"/><testcase status="7" exitcode="0" detail="" time="0.01" memory="840" score="10"/><testcase status="7" exitcode="0" detail="" time="0" memory="836" score="10"/><testcase status="7" exitcode="0" detail="" time="0.01" memory="832" score="10"/><testcase status="7" exitcode="0" detail="" time="0.03" memory="840" score="10"/><testcase status="7" exitcode="0" detail="" time="0.01" memory="836" score="10"/><testcase status="7" exitcode="0" detail="" time="0.01" memory="836" score="10"/></problem><problem title="pairs" filename="pairs.cpp" status="1" hash="331302052" detail=""><testcase status="7" exitcode="0" detail="" time="0" memory="912" score="10"/><testcase status="7" exitcode="0" detail="" time="0" memory="840" score="10"/><testcase status="7" exitcode="0" detail="" time="0" memory="840" score="10"/><testcase status="7" exitcode="0" detail="" time="0" memory="840" score="10"/><testcase status="7" exitcode="0" detail="" time="0" memory="840" score="10"/><testcase status="7" exitcode="0" detail="" time="0" memory="840" score="10"/><testcase status="7" exitcode="0" detail="" time="0" memory="840" score="10"/><testcase status="7" exitcode="0" detail="" time="0" memory="836" score="10"/><testcase status="7" exitcode="0" detail="" time="0.01" memory="840" score="10"/><testcase status="7" exitcode="0" detail="" time="0" memory="840" score="10"/></problem><problem title="qbin" filename="qbin.cpp" status="1" hash="739167426" detail=""><testcase status="7" exitcode="0" detail="" time="0" memory="1296" score="10"/><testcase status="7" exitcode="0" detail="" time="0" memory="1232" score="10"/><testcase status="7" exitcode="0" detail="" time="0.01" memory="1228" score="10"/><testcase status="7" exitcode="0" detail="" time="0" memory="1232" score="10"/><testcase status="7" exitcode="0" detail="" time="0" memory="1232" score="10"/><testcase status="7" exitcode="0" detail="" time="0" memory="1228" score="10"/><testcase status="7" exitcode="0" detail="" time="0.01" memory="1228" score="10"/><testcase status="7" exitcode="0" detail="" time="0" memory="1228" score="10"/><testcase status="7" exitcode="0" detail="" time="0" memory="1232" score="10"/><testcase status="7" exitcode="0" detail="" time="0" memory="1228" score="10"/></problem><problem title="statistic" filename="statistic.cpp" status="1" hash="2458133791" detail=""><testcase status="7" exitcode="0" detail="" time="0" memory="20476" score="10"/><testcase status="7" exitcode="0" detail="" time="0" memory="20412" score="10"/><testcase status="7" exitcode="0" detail="" time="0" memory="20404" score="10"/><testcase status="7" exitcode="0" detail="" time="0.37" memory="20408" score="10"/><testcase status="7" exitcode="0" detail="" time="0.37" memory="20408" score="10"/><testcase status="7" exitcode="0" detail="" time="0.37" memory="20408" score="10"/><testcase status="8" exitcode="0" detail="&#x5728;&#x7B2C; 1 &#x884C;:&#13;&#10;----&#x9009;&#x624B;&#x8F93;&#x51FA;&#x7684;&#x7B2C; 1 &#x5217;----&#13;&#10;&gt;-73745...&#13;&#10;----&#x6807;&#x51C6;&#x8F93;&#x51FA;&#x7684;&#x7B2C; 1 &#x5217;----&#13;&#10;&gt;999995..." time="1.42" memory="20400" score="0"/><testcase status="8" exitcode="0" detail="&#x5728;&#x7B2C; 1 &#x884C;:&#13;&#10;----&#x9009;&#x624B;&#x8F93;&#x51FA;&#x7684;&#x7B2C; 1 &#x5217;----&#13;&#10;&gt;-17135...&#13;&#10;----&#x6807;&#x51C6;&#x8F93;&#x51FA;&#x7684;&#x7B2C; 1 &#x5217;----&#13;&#10;&gt;999997..." time="1.42" memory="20408" score="0"/><testcase status="8" exitcode="0" detail="&#x5728;&#x7B2C; 1 &#x884C;:&#13;&#10;----&#x9009;&#x624B;&#x8F93;&#x51FA;&#x7684;&#x7B2C; 1 &#x5217;----&#13;&#10;&gt;-73745...&#13;&#10;----&#x6807;&#x51C6;&#x8F93;&#x51FA;&#x7684;&#x7B2C; 1 &#x5217;----&#13;&#10;&gt;999996..." time="1.43" memory="20408" score="0"/><testcase status="8" exitcode="0" detail="&#x5728;&#x7B2C; 1 &#x884C;:&#13;&#10;----&#x9009;&#x624B;&#x8F93;&#x51FA;&#x7684;&#x7B2C; 1 &#x5217;----&#13;&#10;&gt;-10584...&#13;&#10;----&#x6807;&#x51C6;&#x8F93;&#x51FA;&#x7684;&#x7B2C; 1 &#x5217;----&#13;&#10;&gt;999996..." time="1.45" memory="20412" score="0"/></problem><problem title="cut" filename="cut.cpp" status="1" hash="1954049542" detail=""><testcase status="3" exitcode="1" detail="" time="1.0759529" memory="24376" score="0"/><testcase status="3" exitcode="1" detail="" time="1.0173488" memory="24316" score="0"/><testcase status="3" exitcode="1" detail="" time="1.0417" memory="24316" score="0"/><testcase status="3" exitcode="1" detail="" time="1.0408796" memory="24316" score="0"/><testcase status="3" exitcode="1" detail="" time="1.0521976" memory="24312" score="0"/><testcase status="3" exitcode="1" detail="" time="1.0842499" memory="24308" score="0"/><testcase status="3" exitcode="1" detail="" time="1.0871594" memory="24316" score="0"/><testcase status="3" exitcode="1" detail="" time="1.0262804" memory="24312" score="0"/><testcase status="3" exitcode="1" detail="" time="1.0930906" memory="24308" score="0"/><testcase status="3" exitcode="1" detail="" time="1.1505504" memory="24312" score="0"/></problem><problem title="diff" filename="" status="14" hash="0" detail=""><testcase status="14" exitcode="0" detail="" time="0" memory="0" score="0"/><testcase status="14" exitcode="0" detail="" time="0" memory="0" score="0"/><testcase status="14" exitcode="0" detail="" time="0" memory="0" score="0"/><testcase status="14" exitcode="0" detail="" time="0" memory="0" score="0"/><testcase status="14" exitcode="0" detail="" time="0" memory="0" score="0"/><testcase status="14" exitcode="0" detail="" time="0" memory="0" score="0"/><testcase status="14" exitcode="0" detail="" time="0" memory="0" score="0"/><testcase status="14" exitcode="0" detail="" time="0" memory="0" score="0"/><testcase status="14" exitcode="0" detail="" time="0" memory="0" score="0"/><testcase status="14" exitcode="0" detail="" time="0" memory="0" score="0"/></problem></result></cena>
