<?xml version="1.0"?>
<cena version="0.8.1"><result judgetime="44123.6781134028"><problem title="&#x6C42;&#x6700;&#x957F;&#x516C;&#x5171;&#x5B50;&#x5E8F;&#x5217;LCS" filename="public.cpp" status="1" hash="1941923058" detail="VECLYCWO.cpp:10: warning: converting to `int' from `double'&#13;&#10;"><testcase status="7" exitcode="0" detail="" time="0" memory="4432" score="10"/><testcase status="7" exitcode="0" detail="" time="0" memory="4432" score="10"/><testcase status="7" exitcode="0" detail="" time="0" memory="4428" score="10"/><testcase status="7" exitcode="0" detail="" time="0" memory="4428" score="10"/><testcase status="7" exitcode="0" detail="" time="0" memory="4428" score="10"/><testcase status="7" exitcode="0" detail="" time="0" memory="4432" score="10"/><testcase status="7" exitcode="0" detail="" time="0" memory="4428" score="10"/><testcase status="7" exitcode="0" detail="" time="0.01" memory="4428" score="10"/><testcase status="7" exitcode="0" detail="" time="0" memory="4424" score="10"/><testcase status="7" exitcode="0" detail="" time="0.01" memory="4432" score="10"/></problem><problem title="&#x6700;&#x957F;&#x4E0A;&#x5347;&#x5B50;&#x5E8F;&#x5217;" filename="longrise.cpp" status="1" hash="566213449" detail="ENULNRCS.cpp:10: warning: converting to `int' from `double'&#13;&#10;"><testcase status="10" exitcode="0" detail="" time="0" memory="480" score="0"/><testcase status="7" exitcode="0" detail="" time="0" memory="480" score="10"/><testcase status="7" exitcode="0" detail="" time="0" memory="476" score="10"/><testcase status="7" exitcode="0" detail="" time="0" memory="476" score="10"/><testcase status="7" exitcode="0" detail="" time="0" memory="476" score="10"/><testcase status="7" exitcode="0" detail="" time="0" memory="472" score="10"/><testcase status="7" exitcode="0" detail="" time="0" memory="476" score="10"/><testcase status="7" exitcode="0" detail="" time="0" memory="480" score="10"/><testcase status="7" exitcode="0" detail="" time="0" memory="476" score="10"/><testcase status="7" exitcode="0" detail="" time="0" memory="476" score="10"/></problem><problem title="&#x548C;&#x6700;&#x5927;&#x5B50;&#x5E8F;&#x5217;" filename="mlong.cpp" status="1" hash="3994375445" detail="PWJHBFKD.cpp:10: warning: converting to `int' from `double'&#13;&#10;"><testcase status="7" exitcode="0" detail="" time="0" memory="868" score="10"/><testcase status="7" exitcode="0" detail="" time="0" memory="864" score="10"/><testcase status="7" exitcode="0" detail="" time="0" memory="868" score="10"/><testcase status="7" exitcode="0" detail="" time="0" memory="872" score="10"/><testcase status="7" exitcode="0" detail="" time="0" memory="864" score="10"/><testcase status="7" exitcode="0" detail="" time="0" memory="868" score="10"/><testcase status="7" exitcode="0" detail="" time="0" memory="864" score="10"/><testcase status="7" exitcode="0" detail="" time="0" memory="868" score="10"/><testcase status="7" exitcode="0" detail="" time="0" memory="860" score="10"/><testcase status="7" exitcode="0" detail="" time="0.04" memory="868" score="10"/></problem><problem title="01&#x80CC;&#x5305;" filename="bag.cpp" status="1" hash="3596349894" detail="RLTCIRPB.cpp:10: warning: converting to `int' from `double'&#13;&#10;"><testcase status="7" exitcode="0" detail="" time="0" memory="488" score="10"/><testcase status="7" exitcode="0" detail="" time="0" memory="492" score="10"/><testcase status="7" exitcode="0" detail="" time="0" memory="500" score="10"/><testcase status="7" exitcode="0" detail="" time="0" memory="488" score="10"/><testcase status="7" exitcode="0" detail="" time="0.01" memory="496" score="10"/><testcase status="7" exitcode="0" detail="" time="0" memory="492" score="10"/><testcase status="7" exitcode="0" detail="" time="0.01" memory="492" score="10"/><testcase status="7" exitcode="0" detail="" time="0" memory="496" score="10"/><testcase status="7" exitcode="0" detail="" time="0" memory="496" score="10"/><testcase status="7" exitcode="0" detail="" time="0" memory="496" score="10"/></problem><problem title="&#x6446;&#x52A8;&#x5E8F;&#x5217;" filename="list.cpp" status="1" hash="3610506564" detail=""><testcase status="7" exitcode="0" detail="" time="0" memory="480" score="10"/><testcase status="7" exitcode="0" detail="" time="0" memory="476" score="10"/><testcase status="7" exitcode="0" detail="" time="0" memory="480" score="10"/><testcase status="7" exitcode="0" detail="" time="0" memory="476" score="10"/><testcase status="7" exitcode="0" detail="" time="0" memory="480" score="10"/><testcase status="7" exitcode="0" detail="" time="0.01" memory="472" score="10"/><testcase status="7" exitcode="0" detail="" time="0" memory="476" score="10"/><testcase status="7" exitcode="0" detail="" time="0.03" memory="472" score="10"/><testcase status="7" exitcode="0" detail="" time="0.03" memory="472" score="10"/><testcase status="7" exitcode="0" detail="" time="0.04" memory="472" score="10"/></problem><problem title="&#x6446;&#x52A8;&#x5E8F;&#x5217;2" filename="listwo.cpp" status="1" hash="300421975" detail=""><testcase status="7" exitcode="0" detail="" time="0.15" memory="484" score="10"/><testcase status="3" exitcode="1" detail="" time="1.0296066" memory="480" score="0"/><testcase status="3" exitcode="1" detail="" time="1.0296066" memory="476" score="0"/><testcase status="3" exitcode="1" detail="" time="1.0140065" memory="480" score="0"/><testcase status="3" exitcode="1" detail="" time="1.0140065" memory="476" score="0"/><testcase status="3" exitcode="1" detail="" time="1.0140065" memory="480" score="0"/><testcase status="3" exitcode="1" detail="" time="1.0140065" memory="476" score="0"/><testcase status="3" exitcode="1" detail="" time="1.0140065" memory="480" score="0"/><testcase status="3" exitcode="1" detail="" time="1.0140065" memory="476" score="0"/><testcase status="3" exitcode="1" detail="" time="1.0140065" memory="480" score="0"/></problem></result></cena>
