<?xml version="1.0"?>
<cena version="0.8.1"><result judgetime="44081.6641579861"><problem title="&#x6570;&#x5217;&#x6392;&#x5E8F;" filename="grop.cpp" status="1" hash="620889964" detail=""><testcase status="7" exitcode="0" detail="" time="0" memory="1040" score="10"/><testcase status="7" exitcode="0" detail="" time="0" memory="1040" score="10"/><testcase status="7" exitcode="0" detail="" time="0" memory="1040" score="10"/><testcase status="7" exitcode="0" detail="" time="0" memory="1040" score="10"/><testcase status="7" exitcode="0" detail="" time="0" memory="1044" score="10"/><testcase status="7" exitcode="0" detail="" time="0" memory="1048" score="10"/><testcase status="7" exitcode="0" detail="" time="0.01" memory="1044" score="10"/><testcase status="7" exitcode="0" detail="" time="0.01" memory="1040" score="10"/><testcase status="7" exitcode="0" detail="" time="0.01" memory="1040" score="10"/><testcase status="7" exitcode="0" detail="" time="0" memory="1040" score="10"/></problem><problem title="&#x65E5;&#x671F;&#x6392;&#x5E8F;" filename="date.cpp" status="1" hash="2941322153" detail=""><testcase status="7" exitcode="0" detail="" time="0" memory="1044" score="10"/><testcase status="7" exitcode="0" detail="" time="0" memory="1044" score="10"/><testcase status="7" exitcode="0" detail="" time="0.01" memory="1044" score="10"/><testcase status="7" exitcode="0" detail="" time="0" memory="1044" score="10"/><testcase status="7" exitcode="0" detail="" time="0" memory="1044" score="10"/><testcase status="7" exitcode="0" detail="" time="0" memory="1044" score="10"/><testcase status="7" exitcode="0" detail="" time="0" memory="1044" score="10"/><testcase status="7" exitcode="0" detail="" time="0" memory="1040" score="10"/><testcase status="7" exitcode="0" detail="" time="0" memory="1044" score="10"/><testcase status="7" exitcode="0" detail="" time="0" memory="1048" score="10"/></problem><problem title="&#x8EAB;&#x4EFD;&#x8BC1;&#x6392;&#x5E8F;" filename="idcard.cpp" status="1" hash="1509564687" detail=""><testcase status="7" exitcode="0" detail="" time="0" memory="7204" score="10"/><testcase status="7" exitcode="0" detail="" time="0" memory="7200" score="10"/><testcase status="7" exitcode="0" detail="" time="0" memory="7208" score="10"/><testcase status="7" exitcode="0" detail="" time="0.01" memory="7204" score="10"/><testcase status="7" exitcode="0" detail="" time="0" memory="7204" score="10"/><testcase status="7" exitcode="0" detail="" time="0" memory="7208" score="10"/><testcase status="7" exitcode="0" detail="" time="0" memory="7200" score="10"/><testcase status="7" exitcode="0" detail="" time="0" memory="7204" score="10"/><testcase status="7" exitcode="0" detail="" time="0.01" memory="7204" score="10"/><testcase status="7" exitcode="0" detail="" time="0" memory="7204" score="10"/></problem><problem title="&#x6210;&#x7EE9;&#x6392;&#x5E8F;" filename="score.cpp" status="1" hash="3322966419" detail=""><testcase status="7" exitcode="0" detail="" time="0" memory="1168" score="10"/><testcase status="7" exitcode="0" detail="" time="0.01" memory="1168" score="10"/><testcase status="7" exitcode="0" detail="" time="0.01" memory="1164" score="10"/><testcase status="7" exitcode="0" detail="" time="0.03" memory="1168" score="10"/><testcase status="7" exitcode="0" detail="" time="0.03" memory="1164" score="10"/><testcase status="7" exitcode="0" detail="" time="0" memory="1164" score="10"/><testcase status="7" exitcode="0" detail="" time="0.01" memory="1164" score="10"/><testcase status="7" exitcode="0" detail="" time="0.01" memory="1164" score="10"/><testcase status="3" exitcode="1" detail="" time="1.0140065" memory="1164" score="0"/><testcase status="3" exitcode="1" detail="" time="1.0296066" memory="1168" score="0"/></problem><problem title="&#x6392;&#x5E8F;" filename="ssort.cpp" status="1" hash="3108378717" detail=""><testcase status="7" exitcode="0" detail="" time="0" memory="1040" score="10"/><testcase status="7" exitcode="0" detail="" time="0" memory="1040" score="10"/><testcase status="7" exitcode="0" detail="" time="0.01" memory="1040" score="10"/><testcase status="7" exitcode="0" detail="" time="0" memory="1040" score="10"/><testcase status="7" exitcode="0" detail="" time="0" memory="1040" score="10"/><testcase status="7" exitcode="0" detail="" time="0" memory="1040" score="10"/><testcase status="7" exitcode="0" detail="" time="0.01" memory="1044" score="10"/><testcase status="7" exitcode="0" detail="" time="0.01" memory="1040" score="10"/><testcase status="7" exitcode="0" detail="" time="0" memory="1040" score="10"/><testcase status="7" exitcode="0" detail="" time="0" memory="1040" score="10"/></problem><problem title="&#x7EDD;&#x5BF9;&#x503C;&#x6392;&#x5E8F;" filename="absolute.cpp" status="1" hash="3841278192" detail=""><testcase status="7" exitcode="0" detail="" time="0.01" memory="1040" score="10"/><testcase status="7" exitcode="0" detail="" time="0" memory="1040" score="10"/><testcase status="7" exitcode="0" detail="" time="0" memory="1036" score="10"/><testcase status="7" exitcode="0" detail="" time="0" memory="1040" score="10"/><testcase status="7" exitcode="0" detail="" time="0.01" memory="1044" score="10"/><testcase status="7" exitcode="0" detail="" time="0.01" memory="1040" score="10"/><testcase status="7" exitcode="0" detail="" time="0" memory="1040" score="10"/><testcase status="7" exitcode="0" detail="" time="0.01" memory="1040" score="10"/><testcase status="7" exitcode="0" detail="" time="0" memory="1044" score="10"/><testcase status="7" exitcode="0" detail="" time="0.01" memory="1036" score="10"/></problem></result></cena>
