<?xml version="1.0"?>
<cena version="0.8.2"><result judgetime="44098.6564500694"><problem title="maths" filename="maths.cpp" status="1" hash="2528774866" detail=""><testcase status="7" exitcode="0" detail="" time="0" memory="372" score="10"/><testcase status="8" exitcode="0" detail="&#x5728;&#x7B2C; 1 &#x884C;:&#13;&#10;----&#x9009;&#x624B;&#x8F93;&#x51FA;&#x7684;&#x7B2C; 1 &#x5217;----&#13;&#10;&gt;0&#13;&#10;----&#x6807;&#x51C6;&#x8F93;&#x51FA;&#x7684;&#x7B2C; 1 &#x5217;----&#13;&#10;&gt;4" time="0.01" memory="376" score="0"/><testcase status="7" exitcode="0" detail="" time="0" memory="372" score="10"/><testcase status="7" exitcode="0" detail="" time="0.01" memory="372" score="10"/><testcase status="7" exitcode="0" detail="" time="0.01" memory="372" score="10"/><testcase status="7" exitcode="0" detail="" time="0.01" memory="368" score="10"/><testcase status="7" exitcode="0" detail="" time="0.01" memory="368" score="10"/><testcase status="8" exitcode="0" detail="&#x5728;&#x7B2C; 1 &#x884C;:&#13;&#10;----&#x9009;&#x624B;&#x8F93;&#x51FA;&#x7684;&#x7B2C; 1 &#x5217;----&#13;&#10;&gt;0&#13;&#10;----&#x6807;&#x51C6;&#x8F93;&#x51FA;&#x7684;&#x7B2C; 1 &#x5217;----&#13;&#10;&gt;4" time="0.01" memory="372" score="0"/><testcase status="7" exitcode="0" detail="" time="0.03" memory="372" score="10"/><testcase status="7" exitcode="0" detail="" time="0.01" memory="372" score="10"/></problem><problem title="close" filename="close.cpp" status="1" hash="1571662551" detail=""><testcase status="3" exitcode="1" detail="" time="1.0140065" memory="276" score="0"/><testcase status="3" exitcode="1" detail="" time="1.0140065" memory="276" score="0"/><testcase status="3" exitcode="1" detail="" time="1.0296066" memory="272" score="0"/><testcase status="3" exitcode="1" detail="" time="1.0140065" memory="276" score="0"/><testcase status="3" exitcode="1" detail="" time="1.0140065" memory="276" score="0"/><testcase status="3" exitcode="1" detail="" time="1.0140065" memory="272" score="0"/><testcase status="3" exitcode="1" detail="" time="1.0296066" memory="272" score="0"/><testcase status="3" exitcode="1" detail="" time="1.0140065" memory="276" score="0"/><testcase status="3" exitcode="1" detail="" time="1.0140065" memory="276" score="0"/><testcase status="3" exitcode="1" detail="" time="1.0140065" memory="272" score="0"/></problem><problem title="dna" filename="" status="14" hash="0" detail=""><testcase status="14" exitcode="0" detail="" time="0" memory="0" score="0"/><testcase status="14" exitcode="0" detail="" time="0" memory="0" score="0"/><testcase status="14" exitcode="0" detail="" time="0" memory="0" score="0"/><testcase status="14" exitcode="0" detail="" time="0" memory="0" score="0"/><testcase status="14" exitcode="0" detail="" time="0" memory="0" score="0"/><testcase status="14" exitcode="0" detail="" time="0" memory="0" score="0"/><testcase status="14" exitcode="0" detail="" time="0" memory="0" score="0"/><testcase status="14" exitcode="0" detail="" time="0" memory="0" score="0"/><testcase status="14" exitcode="0" detail="" time="0" memory="0" score="0"/><testcase status="14" exitcode="0" detail="" time="0" memory="0" score="0"/></problem><problem title="game" filename="game.cpp" status="1" hash="2511447180" detail=""><testcase status="8" exitcode="0" detail="&#x5728;&#x7B2C; 3 &#x884C;:&#13;&#10;----&#x9009;&#x624B;&#x8F93;&#x51FA;&#x7684;&#x7B2C; 5 &#x5217;----&#13;&#10;&gt;...29&#13;&#10;----&#x6807;&#x51C6;&#x8F93;&#x51FA;&#x7684;&#x7B2C; 5 &#x5217;----&#13;&#10;&gt;...30" time="0.01" memory="1060" score="0"/><testcase status="7" exitcode="0" detail="" time="0.03" memory="1064" score="10"/><testcase status="8" exitcode="0" detail="&#x5728;&#x7B2C; 3 &#x884C;:&#13;&#10;----&#x9009;&#x624B;&#x8F93;&#x51FA;&#x7684;&#x7B2C; 6 &#x5217;----&#13;&#10;&gt;...8&#13;&#10;----&#x6807;&#x51C6;&#x8F93;&#x51FA;&#x7684;&#x7B2C; 6 &#x5217;----&#13;&#10;&gt;...9" time="0.01" memory="1060" score="0"/><testcase status="3" exitcode="1" detail="" time="1.0140065" memory="1064" score="0"/><testcase status="3" exitcode="1" detail="" time="1.2012077" memory="1060" score="0"/><testcase status="3" exitcode="1" detail="" time="1.0140065" memory="1056" score="0"/><testcase status="3" exitcode="1" detail="" time="1.0140065" memory="1060" score="0"/><testcase status="3" exitcode="1" detail="" time="1.0140065" memory="1060" score="0"/><testcase status="3" exitcode="1" detail="" time="1.0296066" memory="1056" score="0"/><testcase status="3" exitcode="1" detail="" time="1.0140065" memory="1056" score="0"/></problem></result></cena>
