<?xml version="1.0"?>
<cena version="0.8.1"><result judgetime="44081.6345524074"><problem title="&#x7EDD;&#x5BF9;&#x503C;&#x6392;&#x5E8F;" filename="absolute.cpp" status="1" hash="2688810970" detail=""><testcase status="7" exitcode="0" detail="" time="0.01" memory="1040" score="10"/><testcase status="7" exitcode="0" detail="" time="0.01" memory="1040" score="10"/><testcase status="7" exitcode="0" detail="" time="0.01" memory="1040" score="10"/><testcase status="7" exitcode="0" detail="" time="0.01" memory="1040" score="10"/><testcase status="7" exitcode="0" detail="" time="0" memory="1040" score="10"/><testcase status="7" exitcode="0" detail="" time="0.01" memory="1040" score="10"/><testcase status="7" exitcode="0" detail="" time="0" memory="1040" score="10"/><testcase status="7" exitcode="0" detail="" time="0" memory="1040" score="10"/><testcase status="7" exitcode="0" detail="" time="0" memory="1040" score="10"/><testcase status="7" exitcode="0" detail="" time="0" memory="1044" score="10"/></problem><problem title="&#x6570;&#x5217;&#x6392;&#x5E8F;" filename="grop.cpp" status="1" hash="4067172711" detail=""><testcase status="7" exitcode="0" detail="" time="0" memory="472" score="10"/><testcase status="7" exitcode="0" detail="" time="0" memory="476" score="10"/><testcase status="7" exitcode="0" detail="" time="0" memory="476" score="10"/><testcase status="7" exitcode="0" detail="" time="0" memory="476" score="10"/><testcase status="7" exitcode="0" detail="" time="0" memory="472" score="10"/><testcase status="7" exitcode="0" detail="" time="0.03" memory="476" score="10"/><testcase status="7" exitcode="0" detail="" time="0" memory="468" score="10"/><testcase status="7" exitcode="0" detail="" time="0" memory="480" score="10"/><testcase status="7" exitcode="0" detail="" time="0" memory="468" score="10"/><testcase status="7" exitcode="0" detail="" time="0" memory="476" score="10"/></problem><problem title="&#x65E5;&#x671F;&#x6392;&#x5E8F;" filename="date.cpp" status="1" hash="691879495" detail=""><testcase status="7" exitcode="0" detail="" time="0" memory="480" score="10"/><testcase status="7" exitcode="0" detail="" time="0" memory="480" score="10"/><testcase status="7" exitcode="0" detail="" time="0" memory="480" score="10"/><testcase status="7" exitcode="0" detail="" time="0" memory="480" score="10"/><testcase status="7" exitcode="0" detail="" time="0" memory="480" score="10"/><testcase status="7" exitcode="0" detail="" time="0" memory="480" score="10"/><testcase status="7" exitcode="0" detail="" time="0" memory="476" score="10"/><testcase status="7" exitcode="0" detail="" time="0" memory="480" score="10"/><testcase status="7" exitcode="0" detail="" time="0" memory="480" score="10"/><testcase status="7" exitcode="0" detail="" time="0" memory="476" score="10"/></problem><problem title="&#x8EAB;&#x4EFD;&#x8BC1;&#x6392;&#x5E8F;" filename="idcard.cpp" status="1" hash="3296499047" detail=""><testcase status="7" exitcode="0" detail="" time="0" memory="3416" score="10"/><testcase status="7" exitcode="0" detail="" time="0.01" memory="3412" score="10"/><testcase status="7" exitcode="0" detail="" time="0" memory="3408" score="10"/><testcase status="7" exitcode="0" detail="" time="0" memory="3412" score="10"/><testcase status="7" exitcode="0" detail="" time="0" memory="3412" score="10"/><testcase status="7" exitcode="0" detail="" time="0" memory="3412" score="10"/><testcase status="7" exitcode="0" detail="" time="0" memory="3416" score="10"/><testcase status="7" exitcode="0" detail="" time="0" memory="3412" score="10"/><testcase status="7" exitcode="0" detail="" time="0" memory="3412" score="10"/><testcase status="7" exitcode="0" detail="" time="0" memory="3412" score="10"/></problem><problem title="&#x6210;&#x7EE9;&#x6392;&#x5E8F;" filename="score.cpp" status="1" hash="348227421" detail=""><testcase status="7" exitcode="0" detail="" time="0.01" memory="588" score="10"/><testcase status="7" exitcode="0" detail="" time="0.03" memory="588" score="10"/><testcase status="7" exitcode="0" detail="" time="0.01" memory="588" score="10"/><testcase status="7" exitcode="0" detail="" time="0" memory="588" score="10"/><testcase status="7" exitcode="0" detail="" time="0.01" memory="580" score="10"/><testcase status="7" exitcode="0" detail="" time="0" memory="584" score="10"/><testcase status="7" exitcode="0" detail="" time="0.01" memory="588" score="10"/><testcase status="7" exitcode="0" detail="" time="0.01" memory="588" score="10"/><testcase status="7" exitcode="0" detail="" time="0" memory="588" score="10"/><testcase status="7" exitcode="0" detail="" time="0" memory="588" score="10"/></problem><problem title="&#x6392;&#x5E8F;" filename="ssort.cpp" status="1" hash="3557513232" detail=""><testcase status="7" exitcode="0" detail="" time="0" memory="468" score="10"/><testcase status="7" exitcode="0" detail="" time="0" memory="472" score="10"/><testcase status="7" exitcode="0" detail="" time="0.01" memory="464" score="10"/><testcase status="7" exitcode="0" detail="" time="0" memory="468" score="10"/><testcase status="7" exitcode="0" detail="" time="0.01" memory="468" score="10"/><testcase status="7" exitcode="0" detail="" time="0.01" memory="476" score="10"/><testcase status="7" exitcode="0" detail="" time="0.01" memory="468" score="10"/><testcase status="7" exitcode="0" detail="" time="0.01" memory="472" score="10"/><testcase status="7" exitcode="0" detail="" time="0.03" memory="468" score="10"/><testcase status="7" exitcode="0" detail="" time="0.01" memory="472" score="10"/></problem></result></cena>
