<?xml version="1.0"?>
<cena version="0.8.2"><result judgetime="44098.6553409144"><problem title="maths" filename="maths.cpp" status="1" hash="182649878" detail=""><testcase status="7" exitcode="0" detail="" time="0" memory="340" score="10"/><testcase status="7" exitcode="0" detail="" time="0" memory="336" score="10"/><testcase status="7" exitcode="0" detail="" time="0" memory="340" score="10"/><testcase status="7" exitcode="0" detail="" time="0" memory="340" score="10"/><testcase status="7" exitcode="0" detail="" time="0" memory="340" score="10"/><testcase status="7" exitcode="0" detail="" time="0" memory="336" score="10"/><testcase status="7" exitcode="0" detail="" time="0" memory="336" score="10"/><testcase status="7" exitcode="0" detail="" time="0" memory="336" score="10"/><testcase status="7" exitcode="0" detail="" time="0" memory="336" score="10"/><testcase status="7" exitcode="0" detail="" time="0" memory="336" score="10"/></problem><problem title="close" filename="close.cpp" status="1" hash="885189099" detail=""><testcase status="7" exitcode="0" detail="" time="0" memory="276" score="10"/><testcase status="7" exitcode="0" detail="" time="0" memory="276" score="10"/><testcase status="7" exitcode="0" detail="" time="0" memory="276" score="10"/><testcase status="7" exitcode="0" detail="" time="0" memory="276" score="10"/><testcase status="7" exitcode="0" detail="" time="0" memory="276" score="10"/><testcase status="7" exitcode="0" detail="" time="0" memory="280" score="10"/><testcase status="7" exitcode="0" detail="" time="0" memory="272" score="10"/><testcase status="7" exitcode="0" detail="" time="0" memory="276" score="10"/><testcase status="7" exitcode="0" detail="" time="0" memory="272" score="10"/><testcase status="7" exitcode="0" detail="" time="0" memory="276" score="10"/></problem><problem title="dna" filename="dna.cpp" status="1" hash="2442093434" detail=""><testcase status="7" exitcode="0" detail="" time="0" memory="94168" score="10"/><testcase status="7" exitcode="0" detail="" time="0" memory="94176" score="10"/><testcase status="7" exitcode="0" detail="" time="0.01" memory="94168" score="10"/><testcase status="6" exitcode="3221225477" detail="" time="0" memory="94168" score="0"/><testcase status="6" exitcode="3221225477" detail="" time="0" memory="94168" score="0"/><testcase status="6" exitcode="3221225477" detail="" time="0.01" memory="94176" score="0"/><testcase status="6" exitcode="3221225477" detail="" time="0" memory="94172" score="0"/><testcase status="6" exitcode="3221225477" detail="" time="0" memory="94168" score="0"/><testcase status="6" exitcode="3221225477" detail="" time="0" memory="94176" score="0"/><testcase status="6" exitcode="3221225477" detail="" time="0.01" memory="94168" score="0"/></problem><problem title="game" filename="" status="14" hash="0" detail=""><testcase status="14" exitcode="0" detail="" time="0" memory="0" score="0"/><testcase status="14" exitcode="0" detail="" time="0" memory="0" score="0"/><testcase status="14" exitcode="0" detail="" time="0" memory="0" score="0"/><testcase status="14" exitcode="0" detail="" time="0" memory="0" score="0"/><testcase status="14" exitcode="0" detail="" time="0" memory="0" score="0"/><testcase status="14" exitcode="0" detail="" time="0" memory="0" score="0"/><testcase status="14" exitcode="0" detail="" time="0" memory="0" score="0"/><testcase status="14" exitcode="0" detail="" time="0" memory="0" score="0"/><testcase status="14" exitcode="0" detail="" time="0" memory="0" score="0"/><testcase status="14" exitcode="0" detail="" time="0" memory="0" score="0"/></problem></result></cena>
