<?xml version="1.0"?>
<cena version="0.8.2"><result judgetime="44098.6544899537"><problem title="maths" filename="maths.cpp" status="1" hash="966810741" detail=""><testcase status="7" exitcode="0" detail="" time="0" memory="5340" score="10"/><testcase status="7" exitcode="0" detail="" time="0.01" memory="5340" score="10"/><testcase status="7" exitcode="0" detail="" time="0.01" memory="5340" score="10"/><testcase status="7" exitcode="0" detail="" time="0.03" memory="5336" score="10"/><testcase status="7" exitcode="0" detail="" time="0.03" memory="5336" score="10"/><testcase status="7" exitcode="0" detail="" time="0.03" memory="5340" score="10"/><testcase status="7" exitcode="0" detail="" time="0.03" memory="5336" score="10"/><testcase status="7" exitcode="0" detail="" time="0.03" memory="5336" score="10"/><testcase status="7" exitcode="0" detail="" time="0.04" memory="5336" score="10"/><testcase status="7" exitcode="0" detail="" time="0.03" memory="5336" score="10"/></problem><problem title="close" filename="close.cpp" status="1" hash="3444326569" detail=""><testcase status="7" exitcode="0" detail="" time="0" memory="444" score="10"/><testcase status="7" exitcode="0" detail="" time="0" memory="444" score="10"/><testcase status="7" exitcode="0" detail="" time="0" memory="444" score="10"/><testcase status="7" exitcode="0" detail="" time="0.01" memory="444" score="10"/><testcase status="7" exitcode="0" detail="" time="0" memory="444" score="10"/><testcase status="7" exitcode="0" detail="" time="0" memory="444" score="10"/><testcase status="7" exitcode="0" detail="" time="0" memory="444" score="10"/><testcase status="7" exitcode="0" detail="" time="0" memory="444" score="10"/><testcase status="7" exitcode="0" detail="" time="0" memory="444" score="10"/><testcase status="7" exitcode="0" detail="" time="0" memory="444" score="10"/></problem><problem title="dna" filename="dna.cpp" status="1" hash="680410975" detail=""><testcase status="7" exitcode="0" detail="" time="0.03" memory="110032" score="10"/><testcase status="7" exitcode="0" detail="" time="0.07" memory="110036" score="10"/><testcase status="7" exitcode="0" detail="" time="0.06" memory="110032" score="10"/><testcase status="6" exitcode="3221225477" detail="" time="0.04" memory="110024" score="0"/><testcase status="6" exitcode="3221225477" detail="" time="0.01" memory="110024" score="0"/><testcase status="6" exitcode="3221225477" detail="" time="0.03" memory="110024" score="0"/><testcase status="6" exitcode="3221225477" detail="" time="0.04" memory="110024" score="0"/><testcase status="6" exitcode="3221225477" detail="" time="0.04" memory="110024" score="0"/><testcase status="6" exitcode="3221225477" detail="" time="0.04" memory="110024" score="0"/><testcase status="6" exitcode="3221225477" detail="" time="0.04" memory="110028" score="0"/></problem><problem title="game" filename="game.cpp" status="1" hash="3951058783" detail=""><testcase status="8" exitcode="0" detail="&#x5728;&#x7B2C; 1 &#x884C;:&#13;&#10;----&#x9009;&#x624B;&#x8F93;&#x51FA;&#x7684;&#x7B2C; 1 &#x5217;----&#13;&#10;&gt;355099&#13;&#10;----&#x6807;&#x51C6;&#x8F93;&#x51FA;&#x7684;&#x7B2C; 1 &#x5217;----&#13;&#10;&gt;409177" time="0" memory="436" score="0"/><testcase status="8" exitcode="0" detail="&#x5728;&#x7B2C; 1 &#x884C;:&#13;&#10;----&#x9009;&#x624B;&#x8F93;&#x51FA;&#x7684;&#x7B2C; 2 &#x5217;----&#13;&#10;&gt;...55099&#13;&#10;----&#x6807;&#x51C6;&#x8F93;&#x51FA;&#x7684;&#x7B2C; 2 &#x5217;----&#13;&#10;&gt;...87281" time="0" memory="436" score="0"/><testcase status="8" exitcode="0" detail="&#x5728;&#x7B2C; 1 &#x884C;:&#13;&#10;----&#x9009;&#x624B;&#x8F93;&#x51FA;&#x7684;&#x7B2C; 2 &#x5217;----&#13;&#10;&gt;...55099&#13;&#10;----&#x6807;&#x51C6;&#x8F93;&#x51FA;&#x7684;&#x7B2C; 2 &#x5217;----&#13;&#10;&gt;...94033" time="0" memory="432" score="0"/><testcase status="8" exitcode="0" detail="&#x5728;&#x7B2C; 1 &#x884C;:&#13;&#10;----&#x9009;&#x624B;&#x8F93;&#x51FA;&#x7684;&#x7B2C; 1 &#x5217;----&#13;&#10;&gt;355099&#13;&#10;----&#x6807;&#x51C6;&#x8F93;&#x51FA;&#x7684;&#x7B2C; 1 &#x5217;----&#13;&#10;&gt;422053..." time="0" memory="436" score="0"/><testcase status="8" exitcode="0" detail="&#x5728;&#x7B2C; 1 &#x884C;:&#13;&#10;----&#x9009;&#x624B;&#x8F93;&#x51FA;&#x7684;&#x7B2C; 1 &#x5217;----&#13;&#10;&gt;355099&#13;&#10;----&#x6807;&#x51C6;&#x8F93;&#x51FA;&#x7684;&#x7B2C; 1 &#x5217;----&#13;&#10;&gt;401258..." time="0.01" memory="436" score="0"/><testcase status="8" exitcode="0" detail="&#x5728;&#x7B2C; 1 &#x884C;:&#13;&#10;----&#x9009;&#x624B;&#x8F93;&#x51FA;&#x7684;&#x7B2C; 1 &#x5217;----&#13;&#10;&gt;355099&#13;&#10;----&#x6807;&#x51C6;&#x8F93;&#x51FA;&#x7684;&#x7B2C; 1 &#x5217;----&#13;&#10;&gt;458545..." time="0" memory="436" score="0"/><testcase status="8" exitcode="0" detail="&#x5728;&#x7B2C; 1 &#x884C;:&#13;&#10;----&#x9009;&#x624B;&#x8F93;&#x51FA;&#x7684;&#x7B2C; 2 &#x5217;----&#13;&#10;&gt;...55099&#13;&#10;----&#x6807;&#x51C6;&#x8F93;&#x51FA;&#x7684;&#x7B2C; 2 &#x5217;----&#13;&#10;&gt;...833056..." time="0" memory="436" score="0"/><testcase status="8" exitcode="0" detail="&#x5728;&#x7B2C; 1 &#x884C;:&#13;&#10;----&#x9009;&#x624B;&#x8F93;&#x51FA;&#x7684;&#x7B2C; 2 &#x5217;----&#13;&#10;&gt;...55099&#13;&#10;----&#x6807;&#x51C6;&#x8F93;&#x51FA;&#x7684;&#x7B2C; 2 &#x5217;----&#13;&#10;&gt;...899177..." time="0" memory="440" score="0"/><testcase status="8" exitcode="0" detail="&#x5728;&#x7B2C; 1 &#x884C;:&#13;&#10;----&#x9009;&#x624B;&#x8F93;&#x51FA;&#x7684;&#x7B2C; 1 &#x5217;----&#13;&#10;&gt;355099&#13;&#10;----&#x6807;&#x51C6;&#x8F93;&#x51FA;&#x7684;&#x7B2C; 1 &#x5217;----&#13;&#10;&gt;426027..." time="0" memory="436" score="0"/><testcase status="8" exitcode="0" detail="&#x5728;&#x7B2C; 1 &#x884C;:&#13;&#10;----&#x9009;&#x624B;&#x8F93;&#x51FA;&#x7684;&#x7B2C; 1 &#x5217;----&#13;&#10;&gt;355099&#13;&#10;----&#x6807;&#x51C6;&#x8F93;&#x51FA;&#x7684;&#x7B2C; 1 &#x5217;----&#13;&#10;&gt;423082..." time="0" memory="436" score="0"/></problem></result></cena>
