<?xml version="1.0"?>
<cena version="0.8.2"><result judgetime="44106.6414141088"><problem title="square" filename="square.cpp" status="1" hash="94295139" detail="SKSDJVNN.cpp:2:8: warning: built-in function 'y1' declared as non-function [-Wbuiltin-declaration-mismatch]&#10; int x1,y1,l,n,xx,yy,x2,y2,s;&#10;        ^~&#10;"><testcase status="7" exitcode="0" detail="" time="0.01" memory="696" score="10"/><testcase status="7" exitcode="0" detail="" time="0" memory="628" score="10"/><testcase status="7" exitcode="0" detail="" time="0.01" memory="628" score="10"/><testcase status="7" exitcode="0" detail="" time="0.01" memory="632" score="10"/><testcase status="7" exitcode="0" detail="" time="0" memory="624" score="10"/><testcase status="7" exitcode="0" detail="" time="0.01" memory="628" score="10"/><testcase status="7" exitcode="0" detail="" time="0.01" memory="628" score="10"/><testcase status="7" exitcode="0" detail="" time="0.01" memory="628" score="10"/><testcase status="7" exitcode="0" detail="" time="0" memory="624" score="10"/><testcase status="7" exitcode="0" detail="" time="0.01" memory="628" score="10"/></problem><problem title="pairs" filename="pairs.cpp" status="1" hash="985899788" detail=""><testcase status="7" exitcode="0" detail="" time="0" memory="692" score="10"/><testcase status="7" exitcode="0" detail="" time="0" memory="628" score="10"/><testcase status="7" exitcode="0" detail="" time="0" memory="624" score="10"/><testcase status="7" exitcode="0" detail="" time="0" memory="628" score="10"/><testcase status="7" exitcode="0" detail="" time="0" memory="628" score="10"/><testcase status="7" exitcode="0" detail="" time="0" memory="624" score="10"/><testcase status="7" exitcode="0" detail="" time="0" memory="624" score="10"/><testcase status="7" exitcode="0" detail="" time="0" memory="628" score="10"/><testcase status="7" exitcode="0" detail="" time="0" memory="628" score="10"/><testcase status="7" exitcode="0" detail="" time="0" memory="632" score="10"/></problem><problem title="qbin" filename="qbin.cpp" status="1" hash="2276679872" detail=""><testcase status="7" exitcode="0" detail="" time="0" memory="688" score="10"/><testcase status="7" exitcode="0" detail="" time="0" memory="624" score="10"/><testcase status="7" exitcode="0" detail="" time="0" memory="628" score="10"/><testcase status="7" exitcode="0" detail="" time="0" memory="624" score="10"/><testcase status="7" exitcode="0" detail="" time="0" memory="624" score="10"/><testcase status="7" exitcode="0" detail="" time="0" memory="628" score="10"/><testcase status="7" exitcode="0" detail="" time="0" memory="628" score="10"/><testcase status="7" exitcode="0" detail="" time="0" memory="624" score="10"/><testcase status="7" exitcode="0" detail="" time="0" memory="624" score="10"/><testcase status="7" exitcode="0" detail="" time="0" memory="628" score="10"/></problem><problem title="statistic" filename="statistic.cpp" status="1" hash="525886741" detail=""><testcase status="7" exitcode="0" detail="" time="0" memory="12648" score="10"/><testcase status="7" exitcode="0" detail="" time="0.01" memory="12576" score="10"/><testcase status="7" exitcode="0" detail="" time="0" memory="12580" score="10"/><testcase status="7" exitcode="0" detail="" time="0.34" memory="12580" score="10"/><testcase status="7" exitcode="0" detail="" time="0.37" memory="12580" score="10"/><testcase status="7" exitcode="0" detail="" time="0.37" memory="12580" score="10"/><testcase status="3" exitcode="1" detail="" time="1.5086782" memory="12576" score="0"/><testcase status="7" exitcode="0" detail="" time="1.42" memory="12580" score="10"/><testcase status="7" exitcode="0" detail="" time="1.43" memory="12576" score="10"/><testcase status="7" exitcode="0" detail="" time="1.42" memory="12576" score="10"/></problem><problem title="cut" filename="cut.cpp" status="16" hash="1424596862" detail="VNEYRZPN.cpp: In function 'void add(int, int)':&#10;VNEYRZPN.cpp:7:2: error: reference to 'next' is ambiguous&#10;  next[++num_edge]=head[x];&#10;  ^~~~&#10;In file included from G:/wen/tools/mingw32/lib/gcc/i686-w64-mingw32/8.1.0/include/c++/bits/stl_algobase.h:66,&#10;                 from G:/wen/tools/mingw32/lib/gcc/i686-w64-mingw32/8.1.0/include/c++/algorithm:61,&#10;                 from VNEYRZPN.cpp:2:&#10;G:/wen/tools/mingw32/lib/gcc/i686-w64-mingw32/8.1.0/include/c++/bits/stl_iterator_base_funcs.h:213:5: note: candidates are: 'template&lt;class _InputIterator&gt; _InputIterator std::next(_InputIterator, typename std::iterator_traits&lt;_Iter&gt;::difference_type)'&#10;     next(_InputIterator __x, typename&#10;     ^~~~&#10;VNEYRZPN.cpp:5:39: note:                 'int next [200005]'&#10; int f[100005],to[200005],head[200005],next[200005],num_edge;&#10;                                       ^~~~&#10;VNEYRZPN.cpp: In function 'void dfs(int, int)':&#10;VNEYRZPN.cpp:26:33: error: reference to 'next' is ambiguous&#10;  for(register int i=head[x];i;i=next[i]){&#10;                                 ^~~~&#10;In file included from G:/wen/tools/mingw32/lib/gcc/i686-w64-mingw32/8.1.0/include/c++/bits/stl_algobase.h:66,&#10;                 from G:/wen/tools/mingw32/lib/gcc/i686-w64-mingw32/8.1.0/include/c++/algorithm:61,&#10;                 from VNEYRZPN.cpp:2:&#10;G:/wen/tools/mingw32/lib/gcc/i686-w64-mingw32/8.1.0/include/c++/bits/stl_iterator_base_funcs.h:213:5: note: candidates are: 'template&lt;class _InputIterator&gt; _InputIterator std::next(_InputIterator, typename std::iterator_traits&lt;_Iter&gt;::difference_type)'&#10;     next(_InputIterator __x, typename&#10;     ^~~~&#10;VNEYRZPN.cpp:5:39: note:                 'int next [200005]'&#10; int f[100005],to[200005],head[200005],next[200005],num_edge;&#10;                                       ^~~~&#10;VNEYRZPN.cpp: In function 'int main()':&#10;VNEYRZPN.cpp:42:38: error: reference to 'next' is ambiguous&#10;   memset(head,0,sizeof(head));memset(next,0,sizeof(next));&#10;                                      ^~~~&#10;In file included from G:/wen/tools/mingw32/lib/gcc/i686-w64-mingw32/8.1.0/include/c++/bits/stl_algobase.h:66,&#10;                 from G:/wen/tools/mingw32/lib/gcc/i686-w64-mingw32/8.1.0/include/c++/algorithm:61,&#10;                 from VNEYRZPN.cpp:2:&#10;G:/wen/tools/mingw32/lib/gcc/i686-w64-mingw32/8.1.0/include/c++/bits/stl_iterator_base_funcs.h:213:5: note: candidates are: 'template&lt;class _InputIterator&gt; _InputIterator std::next(_InputIterator, typename std::iterator_traits&lt;_Iter&gt;::difference_type)'&#10;     next(_InputIterator __x, typename&#10;     ^~~~&#10;VNEYRZPN.cpp:5:39: note:                 'int next [200005]'&#10; int f[100005],to[200005],head[200005],next[200005],num_edge;&#10;                                       ^~~~&#10;VNEYRZPN.cpp:42:52: error: reference to 'next' is ambiguous&#10;   memset(head,0,sizeof(head));memset(next,0,sizeof(next));&#10;                                                    ^~~~&#10;In file included from G:/wen/tools/mingw32/lib/gcc/i686-w64-mingw32/8.1.0/include/c++/bits/stl_algobase.h:66,&#10;                 from G:/wen/tools/mingw32/lib/gcc/i686-w64-mingw32/8.1.0/include/c++/algorithm:61,&#10;                 from VNEYRZPN.cpp:2:&#10;G:/wen/tools/mingw32/lib/gcc/i686-w64-mingw32/8.1.0/include/c++/bits/stl_iterator_base_funcs.h:213:5: note: candidates are: 'template&lt;class _InputIterator&gt; _InputIterator std::next(_InputIterator, typename std::iterator_traits&lt;_Iter&gt;::difference_type)'&#10;     next(_InputIterator __x, typename&#10;     ^~~~&#10;VNEYRZPN.cpp:5:39: note:                 'int next [200005]'&#10; int f[100005],to[200005],head[200005],next[200005],num_edge;&#10;                                       ^~~~&#10;"><testcase status="16" exitcode="1" detail="" time="0" memory="0" score="0"/><testcase status="16" exitcode="1" detail="" time="0" memory="0" score="0"/><testcase status="16" exitcode="1" detail="" time="0" memory="0" score="0"/><testcase status="16" exitcode="1" detail="" time="0" memory="0" score="0"/><testcase status="16" exitcode="1" detail="" time="0" memory="0" score="0"/><testcase status="16" exitcode="1" detail="" time="0" memory="0" score="0"/><testcase status="16" exitcode="1" detail="" time="0" memory="0" score="0"/><testcase status="16" exitcode="1" detail="" time="0" memory="0" score="0"/><testcase status="16" exitcode="1" detail="" time="0" memory="0" score="0"/><testcase status="16" exitcode="1" detail="" time="0" memory="0" score="0"/></problem><problem title="diff" filename="diff.cpp" status="1" hash="1482346597" detail=""><testcase status="3" exitcode="1" detail="" time="1.0468753" memory="1492" score="0"/><testcase status="3" exitcode="1" detail="" time="1.043725" memory="1432" score="0"/><testcase status="3" exitcode="1" detail="" time="1.1792415" memory="1432" score="0"/><testcase status="3" exitcode="1" detail="" time="1.0457118" memory="1432" score="0"/><testcase status="3" exitcode="1" detail="" time="1.0392431" memory="1436" score="0"/><testcase status="3" exitcode="1" detail="" time="1.0747256" memory="1432" score="0"/><testcase status="3" exitcode="1" detail="" time="1.0555043" memory="1432" score="0"/><testcase status="3" exitcode="1" detail="" time="1.0924855" memory="1436" score="0"/><testcase status="3" exitcode="1" detail="" time="1.0563149" memory="1432" score="0"/><testcase status="3" exitcode="1" detail="" time="1.0853789" memory="1436" score="0"/></problem></result></cena>
