<?xml version="1.0"?>
<cena version="0.8.2"><result judgetime="44106.6479256134"><problem title="square" filename="square.cpp" status="1" hash="1593123048" detail=""><testcase status="7" exitcode="0" detail="" time="0" memory="1212" score="10"/><testcase status="7" exitcode="0" detail="" time="0.01" memory="1156" score="10"/><testcase status="7" exitcode="0" detail="" time="0.01" memory="1148" score="10"/><testcase status="7" exitcode="0" detail="" time="0.01" memory="1152" score="10"/><testcase status="7" exitcode="0" detail="" time="0.01" memory="1164" score="10"/><testcase status="7" exitcode="0" detail="" time="0.01" memory="1152" score="10"/><testcase status="7" exitcode="0" detail="" time="0" memory="1152" score="10"/><testcase status="7" exitcode="0" detail="" time="0" memory="1156" score="10"/><testcase status="7" exitcode="0" detail="" time="0.01" memory="1152" score="10"/><testcase status="7" exitcode="0" detail="" time="0" memory="1156" score="10"/></problem><problem title="pairs" filename="pairs.cpp" status="1" hash="3824523394" detail=""><testcase status="7" exitcode="0" detail="" time="0.03" memory="1136" score="10"/><testcase status="7" exitcode="0" detail="" time="0.01" memory="1076" score="10"/><testcase status="7" exitcode="0" detail="" time="0.03" memory="1076" score="10"/><testcase status="3" exitcode="1" detail="" time="1.0482095" memory="1080" score="0"/><testcase status="3" exitcode="1" detail="" time="1.015625" memory="1080" score="0"/><testcase status="3" exitcode="1" detail="" time="1.0420087" memory="1076" score="0"/><testcase status="3" exitcode="1" detail="" time="1.03125" memory="1084" score="0"/><testcase status="3" exitcode="1" detail="" time="1.015625" memory="1072" score="0"/><testcase status="3" exitcode="1" detail="" time="1.0822123" memory="1076" score="0"/><testcase status="3" exitcode="1" detail="" time="1.015625" memory="1080" score="0"/></problem><problem title="qbin" filename="qbin.cpp" status="1" hash="181956511" detail=""><testcase status="8" exitcode="0" detail="&#x5728;&#x7B2C; 2 &#x884C;:&#13;&#10;----&#x9009;&#x624B;&#x8F93;&#x51FA;&#x7684;&#x7B2C; 11 &#x5217;----&#13;&#10;&gt;...000011...&#13;&#10;----&#x6807;&#x51C6;&#x8F93;&#x51FA;&#x7684;&#x7B2C; 11 &#x5217;----&#13;&#10;&gt;...1 1000..." time="0" memory="1144" score="0"/><testcase status="8" exitcode="0" detail="&#x5728;&#x7B2C; 6 &#x884C;:&#13;&#10;----&#x9009;&#x624B;&#x8F93;&#x51FA;&#x7684;&#x7B2C; 63 &#x5217;----&#13;&#10;&gt;...101 11...&#13;&#10;----&#x6807;&#x51C6;&#x8F93;&#x51FA;&#x7684;&#x7B2C; 63 &#x5217;----&#13;&#10;&gt;...01 111..." time="0" memory="1080" score="0"/><testcase status="8" exitcode="0" detail="&#x5728;&#x7B2C; 4 &#x884C;:&#13;&#10;----&#x9009;&#x624B;&#x8F93;&#x51FA;&#x7684;&#x7B2C; 73 &#x5217;----&#13;&#10;&gt;...1 &#13;&#10;----&#x6807;&#x51C6;&#x8F93;&#x51FA;&#x7684;&#x7B2C; 1 &#x5217;----&#13;&#10;&gt;(&#x7A7A;)" time="0.03" memory="1084" score="0"/><testcase status="8" exitcode="0" detail="&#x5728;&#x7B2C; 4 &#x884C;:&#13;&#10;----&#x9009;&#x624B;&#x8F93;&#x51FA;&#x7684;&#x7B2C; 77 &#x5217;----&#13;&#10;&gt;...1 &#13;&#10;----&#x6807;&#x51C6;&#x8F93;&#x51FA;&#x7684;&#x7B2C; 1 &#x5217;----&#13;&#10;&gt;(&#x7A7A;)" time="0" memory="1080" score="0"/><testcase status="8" exitcode="0" detail="&#x5728;&#x7B2C; 4 &#x884C;:&#13;&#10;----&#x9009;&#x624B;&#x8F93;&#x51FA;&#x7684;&#x7B2C; 6 &#x5217;----&#13;&#10;&gt;...000010...&#13;&#10;----&#x6807;&#x51C6;&#x8F93;&#x51FA;&#x7684;&#x7B2C; 7 &#x5217;----&#13;&#10;&gt;... 10 100..." time="0" memory="1080" score="0"/><testcase status="8" exitcode="0" detail="&#x5728;&#x7B2C; 2 &#x884C;:&#13;&#10;----&#x9009;&#x624B;&#x8F93;&#x51FA;&#x7684;&#x7B2C; 51 &#x5217;----&#13;&#10;&gt;...1011 &#13;&#10;----&#x6807;&#x51C6;&#x8F93;&#x51FA;&#x7684;&#x7B2C; 51 &#x5217;----&#13;&#10;&gt;...011 " time="0" memory="1080" score="0"/><testcase status="8" exitcode="0" detail="&#x5728;&#x7B2C; 2 &#x884C;:&#13;&#10;----&#x9009;&#x624B;&#x8F93;&#x51FA;&#x7684;&#x7B2C; 43 &#x5217;----&#13;&#10;&gt;...100011...&#13;&#10;----&#x6807;&#x51C6;&#x8F93;&#x51FA;&#x7684;&#x7B2C; 43 &#x5217;----&#13;&#10;&gt;...000110..." time="0" memory="1080" score="0"/><testcase status="8" exitcode="0" detail="&#x5728;&#x7B2C; 6 &#x884C;:&#13;&#10;----&#x9009;&#x624B;&#x8F93;&#x51FA;&#x7684;&#x7B2C; 47 &#x5217;----&#13;&#10;&gt;...101111...&#13;&#10;----&#x6807;&#x51C6;&#x8F93;&#x51FA;&#x7684;&#x7B2C; 47 &#x5217;----&#13;&#10;&gt;...011111..." time="0" memory="1092" score="0"/><testcase status="8" exitcode="0" detail="&#x5728;&#x7B2C; 3 &#x884C;:&#13;&#10;----&#x9009;&#x624B;&#x8F93;&#x51FA;&#x7684;&#x7B2C; 42 &#x5217;----&#13;&#10;&gt;...101000...&#13;&#10;----&#x6807;&#x51C6;&#x8F93;&#x51FA;&#x7684;&#x7B2C; 42 &#x5217;----&#13;&#10;&gt;...010000..." time="0" memory="1088" score="0"/><testcase status="8" exitcode="0" detail="&#x5728;&#x7B2C; 4 &#x884C;:&#13;&#10;----&#x9009;&#x624B;&#x8F93;&#x51FA;&#x7684;&#x7B2C; 74 &#x5217;----&#13;&#10;&gt;...1 &#13;&#10;----&#x6807;&#x51C6;&#x8F93;&#x51FA;&#x7684;&#x7B2C; 1 &#x5217;----&#13;&#10;&gt;(&#x7A7A;)" time="0" memory="1084" score="0"/></problem><problem title="statistic" filename="statistic.cpp" status="1" hash="1160531915" detail=""><testcase status="7" exitcode="0" detail="" time="0.01" memory="24660" score="10"/><testcase status="7" exitcode="0" detail="" time="0" memory="24588" score="10"/><testcase status="7" exitcode="0" detail="" time="0" memory="24596" score="10"/><testcase status="7" exitcode="0" detail="" time="0.82" memory="24584" score="10"/><testcase status="7" exitcode="0" detail="" time="0.81" memory="24588" score="10"/><testcase status="7" exitcode="0" detail="" time="0.81" memory="24592" score="10"/><testcase status="3" exitcode="1" detail="" time="1.609375" memory="24580" score="0"/><testcase status="3" exitcode="1" detail="" time="1.609375" memory="24588" score="0"/><testcase status="3" exitcode="1" detail="" time="1.5705741" memory="24584" score="0"/><testcase status="3" exitcode="1" detail="" time="1.546875" memory="24596" score="0"/></problem><problem title="cut" filename="" status="14" hash="0" detail=""><testcase status="14" exitcode="0" detail="" time="0" memory="0" score="0"/><testcase status="14" exitcode="0" detail="" time="0" memory="0" score="0"/><testcase status="14" exitcode="0" detail="" time="0" memory="0" score="0"/><testcase status="14" exitcode="0" detail="" time="0" memory="0" score="0"/><testcase status="14" exitcode="0" detail="" time="0" memory="0" score="0"/><testcase status="14" exitcode="0" detail="" time="0" memory="0" score="0"/><testcase status="14" exitcode="0" detail="" time="0" memory="0" score="0"/><testcase status="14" exitcode="0" detail="" time="0" memory="0" score="0"/><testcase status="14" exitcode="0" detail="" time="0" memory="0" score="0"/><testcase status="14" exitcode="0" detail="" time="0" memory="0" score="0"/></problem><problem title="diff" filename="" status="14" hash="0" detail=""><testcase status="14" exitcode="0" detail="" time="0" memory="0" score="0"/><testcase status="14" exitcode="0" detail="" time="0" memory="0" score="0"/><testcase status="14" exitcode="0" detail="" time="0" memory="0" score="0"/><testcase status="14" exitcode="0" detail="" time="0" memory="0" score="0"/><testcase status="14" exitcode="0" detail="" time="0" memory="0" score="0"/><testcase status="14" exitcode="0" detail="" time="0" memory="0" score="0"/><testcase status="14" exitcode="0" detail="" time="0" memory="0" score="0"/><testcase status="14" exitcode="0" detail="" time="0" memory="0" score="0"/><testcase status="14" exitcode="0" detail="" time="0" memory="0" score="0"/><testcase status="14" exitcode="0" detail="" time="0" memory="0" score="0"/></problem></result></cena>
