<?xml version="1.0"?>
<cena version="0.8.1"><result judgetime="44116.6922794213"><problem title="&#x5C0F;&#x660E;&#x5206;&#x7CD6;" filename="xiaoming.cpp" status="1" hash="3955021231" detail=""><testcase status="7" exitcode="0" detail="" time="0" memory="512" score="10"/><testcase status="7" exitcode="0" detail="" time="0" memory="508" score="10"/><testcase status="7" exitcode="0" detail="" time="0" memory="508" score="10"/><testcase status="7" exitcode="0" detail="" time="0" memory="508" score="10"/><testcase status="7" exitcode="0" detail="" time="0" memory="512" score="10"/><testcase status="7" exitcode="0" detail="" time="0" memory="512" score="10"/><testcase status="7" exitcode="0" detail="" time="0" memory="512" score="10"/><testcase status="7" exitcode="0" detail="" time="0" memory="504" score="10"/><testcase status="7" exitcode="0" detail="" time="0" memory="512" score="10"/><testcase status="7" exitcode="0" detail="" time="0" memory="512" score="10"/></problem><problem title="&#x6700;&#x5927;&#x5B50;&#x77E9;&#x9635;" filename="matrix.cpp" status="1" hash="3263580746" detail=""><testcase status="10" exitcode="0" detail="" time="0" memory="508" score="0"/><testcase status="7" exitcode="0" detail="" time="0" memory="512" score="10"/><testcase status="7" exitcode="0" detail="" time="0" memory="512" score="10"/><testcase status="7" exitcode="0" detail="" time="0" memory="508" score="10"/><testcase status="7" exitcode="0" detail="" time="0.01" memory="516" score="10"/><testcase status="7" exitcode="0" detail="" time="0" memory="512" score="10"/><testcase status="7" exitcode="0" detail="" time="0" memory="508" score="10"/><testcase status="7" exitcode="0" detail="" time="0" memory="508" score="10"/><testcase status="7" exitcode="0" detail="" time="0.04" memory="508" score="10"/><testcase status="7" exitcode="0" detail="" time="0.21" memory="508" score="10"/></problem><problem title="&#x5403;&#x6843;&#x5B50;" filename="peach.cpp" status="1" hash="1872637686" detail=""><testcase status="7" exitcode="0" detail="" time="0" memory="508" score="10"/><testcase status="7" exitcode="0" detail="" time="0" memory="504" score="10"/><testcase status="7" exitcode="0" detail="" time="0" memory="508" score="10"/><testcase status="7" exitcode="0" detail="" time="0" memory="508" score="10"/><testcase status="7" exitcode="0" detail="" time="0" memory="512" score="10"/><testcase status="7" exitcode="0" detail="" time="0" memory="512" score="10"/><testcase status="7" exitcode="0" detail="" time="0" memory="512" score="10"/><testcase status="7" exitcode="0" detail="" time="0.01" memory="512" score="10"/><testcase status="7" exitcode="0" detail="" time="0.01" memory="512" score="10"/><testcase status="7" exitcode="0" detail="" time="0.01" memory="508" score="10"/></problem><problem title="&#x5B57;&#x7B26;&#x4E32;&#x8DDD;&#x79BB;" filename="zifu.cpp" status="1" hash="1473454115" detail=""><testcase status="7" exitcode="0" detail="" time="0" memory="4428" score="10"/><testcase status="7" exitcode="0" detail="" time="0.01" memory="4420" score="10"/><testcase status="7" exitcode="0" detail="" time="0" memory="4424" score="10"/><testcase status="7" exitcode="0" detail="" time="0.03" memory="4424" score="10"/><testcase status="7" exitcode="0" detail="" time="0.04" memory="4420" score="10"/><testcase status="7" exitcode="0" detail="" time="0.14" memory="4424" score="10"/><testcase status="7" exitcode="0" detail="" time="0.12" memory="4424" score="10"/><testcase status="7" exitcode="0" detail="" time="0.23" memory="4424" score="10"/><testcase status="7" exitcode="0" detail="" time="0.32" memory="4420" score="10"/><testcase status="7" exitcode="0" detail="" time="0.43" memory="4420" score="10"/></problem></result></cena>
