<?xml version="1.0"?>
<cena version="0.8.1"><result judgetime="44123.6763826505"><problem title="&#x6C42;&#x6700;&#x957F;&#x516C;&#x5171;&#x5B50;&#x5E8F;&#x5217;LCS" filename="public.cpp" status="1" hash="351095606" detail=""><testcase status="7" exitcode="0" detail="" time="0" memory="4428" score="10"/><testcase status="7" exitcode="0" detail="" time="0" memory="4428" score="10"/><testcase status="7" exitcode="0" detail="" time="0" memory="4424" score="10"/><testcase status="7" exitcode="0" detail="" time="0" memory="4432" score="10"/><testcase status="7" exitcode="0" detail="" time="0" memory="4436" score="10"/><testcase status="7" exitcode="0" detail="" time="0" memory="4436" score="10"/><testcase status="7" exitcode="0" detail="" time="0" memory="4432" score="10"/><testcase status="7" exitcode="0" detail="" time="0.01" memory="4428" score="10"/><testcase status="7" exitcode="0" detail="" time="0" memory="4436" score="10"/><testcase status="7" exitcode="0" detail="" time="0.01" memory="4428" score="10"/></problem><problem title="&#x6700;&#x957F;&#x4E0A;&#x5347;&#x5B50;&#x5E8F;&#x5217;" filename="longrise.cpp" status="1" hash="232040074" detail=""><testcase status="7" exitcode="0" detail="" time="0" memory="484" score="10"/><testcase status="7" exitcode="0" detail="" time="0" memory="484" score="10"/><testcase status="7" exitcode="0" detail="" time="0" memory="480" score="10"/><testcase status="7" exitcode="0" detail="" time="0" memory="484" score="10"/><testcase status="7" exitcode="0" detail="" time="0" memory="476" score="10"/><testcase status="7" exitcode="0" detail="" time="0" memory="484" score="10"/><testcase status="7" exitcode="0" detail="" time="0" memory="480" score="10"/><testcase status="7" exitcode="0" detail="" time="0" memory="484" score="10"/><testcase status="7" exitcode="0" detail="" time="0" memory="484" score="10"/><testcase status="7" exitcode="0" detail="" time="0.01" memory="484" score="10"/></problem><problem title="&#x548C;&#x6700;&#x5927;&#x5B50;&#x5E8F;&#x5217;" filename="mlong.cpp" status="1" hash="2288414032" detail=""><testcase status="7" exitcode="0" detail="" time="0" memory="864" score="10"/><testcase status="7" exitcode="0" detail="" time="0" memory="868" score="10"/><testcase status="7" exitcode="0" detail="" time="0" memory="864" score="10"/><testcase status="7" exitcode="0" detail="" time="0" memory="872" score="10"/><testcase status="7" exitcode="0" detail="" time="0" memory="864" score="10"/><testcase status="7" exitcode="0" detail="" time="0.01" memory="872" score="10"/><testcase status="7" exitcode="0" detail="" time="0" memory="864" score="10"/><testcase status="7" exitcode="0" detail="" time="0" memory="864" score="10"/><testcase status="7" exitcode="0" detail="" time="0" memory="872" score="10"/><testcase status="7" exitcode="0" detail="" time="0.28" memory="868" score="10"/></problem><problem title="01&#x80CC;&#x5305;" filename="bag.cpp" status="1" hash="3947905206" detail=""><testcase status="7" exitcode="0" detail="" time="0" memory="496" score="10"/><testcase status="7" exitcode="0" detail="" time="0" memory="496" score="10"/><testcase status="7" exitcode="0" detail="" time="0" memory="500" score="10"/><testcase status="7" exitcode="0" detail="" time="0" memory="500" score="10"/><testcase status="7" exitcode="0" detail="" time="0" memory="500" score="10"/><testcase status="7" exitcode="0" detail="" time="0" memory="500" score="10"/><testcase status="7" exitcode="0" detail="" time="0" memory="500" score="10"/><testcase status="7" exitcode="0" detail="" time="0.01" memory="500" score="10"/><testcase status="7" exitcode="0" detail="" time="0" memory="496" score="10"/><testcase status="7" exitcode="0" detail="" time="0.01" memory="500" score="10"/></problem><problem title="&#x6446;&#x52A8;&#x5E8F;&#x5217;" filename="list.cpp" status="1" hash="1080360126" detail=""><testcase status="7" exitcode="0" detail="" time="0" memory="472" score="10"/><testcase status="7" exitcode="0" detail="" time="0" memory="468" score="10"/><testcase status="7" exitcode="0" detail="" time="0" memory="472" score="10"/><testcase status="7" exitcode="0" detail="" time="0.01" memory="476" score="10"/><testcase status="7" exitcode="0" detail="" time="0" memory="480" score="10"/><testcase status="7" exitcode="0" detail="" time="0" memory="476" score="10"/><testcase status="7" exitcode="0" detail="" time="0" memory="472" score="10"/><testcase status="7" exitcode="0" detail="" time="0" memory="476" score="10"/><testcase status="7" exitcode="0" detail="" time="0.01" memory="476" score="10"/><testcase status="7" exitcode="0" detail="" time="0.01" memory="476" score="10"/></problem><problem title="&#x6446;&#x52A8;&#x5E8F;&#x5217;2" filename="listwo.cpp" status="1" hash="342139827" detail=""><testcase status="7" exitcode="0" detail="" time="0" memory="2632" score="10"/><testcase status="7" exitcode="0" detail="" time="0" memory="2620" score="10"/><testcase status="7" exitcode="0" detail="" time="0" memory="2624" score="10"/><testcase status="7" exitcode="0" detail="" time="0" memory="2628" score="10"/><testcase status="7" exitcode="0" detail="" time="0" memory="2632" score="10"/><testcase status="7" exitcode="0" detail="" time="0" memory="2624" score="10"/><testcase status="7" exitcode="0" detail="" time="0" memory="2620" score="10"/><testcase status="7" exitcode="0" detail="" time="0" memory="2624" score="10"/><testcase status="7" exitcode="0" detail="" time="0.03" memory="2628" score="10"/><testcase status="7" exitcode="0" detail="" time="0.03" memory="2620" score="10"/></problem></result></cena>
