<?xml version="1.0"?>
<cena version="0.8.2"><result judgetime="44106.6487718634"><problem title="square" filename="square.cpp" status="1" hash="3145187685" detail=""><testcase status="7" exitcode="0" detail="" time="0.04" memory="1144" score="10"/><testcase status="7" exitcode="0" detail="" time="0.01" memory="1076" score="10"/><testcase status="7" exitcode="0" detail="" time="0.01" memory="1076" score="10"/><testcase status="7" exitcode="0" detail="" time="0.03" memory="1076" score="10"/><testcase status="7" exitcode="0" detail="" time="0.03" memory="1080" score="10"/><testcase status="7" exitcode="0" detail="" time="0.01" memory="1072" score="10"/><testcase status="7" exitcode="0" detail="" time="0.04" memory="1080" score="10"/><testcase status="7" exitcode="0" detail="" time="0.04" memory="1080" score="10"/><testcase status="7" exitcode="0" detail="" time="0.01" memory="1076" score="10"/><testcase status="7" exitcode="0" detail="" time="0.03" memory="1076" score="10"/></problem><problem title="pairs" filename="pairs.cpp" status="1" hash="3370367811" detail=""><testcase status="8" exitcode="0" detail="&#x5728;&#x7B2C; 2 &#x884C;:&#13;&#10;----&#x9009;&#x624B;&#x8F93;&#x51FA;&#x7684;&#x7B2C; 10 &#x5217;----&#13;&#10;&gt;...6&#13;&#10;----&#x6807;&#x51C6;&#x8F93;&#x51FA;&#x7684;&#x7B2C; 10 &#x5217;----&#13;&#10;&gt;...5" time="0" memory="1136" score="0"/><testcase status="8" exitcode="0" detail="&#x5728;&#x7B2C; 2 &#x884C;:&#13;&#10;----&#x9009;&#x624B;&#x8F93;&#x51FA;&#x7684;&#x7B2C; 9 &#x5217;----&#13;&#10;&gt;...90&#13;&#10;----&#x6807;&#x51C6;&#x8F93;&#x51FA;&#x7684;&#x7B2C; 9 &#x5217;----&#13;&#10;&gt;...89" time="0" memory="1076" score="0"/><testcase status="8" exitcode="0" detail="&#x5728;&#x7B2C; 1 &#x884C;:&#13;&#10;----&#x9009;&#x624B;&#x8F93;&#x51FA;&#x7684;&#x7B2C; 9 &#x5217;----&#13;&#10;&gt;...50&#13;&#10;----&#x6807;&#x51C6;&#x8F93;&#x51FA;&#x7684;&#x7B2C; 9 &#x5217;----&#13;&#10;&gt;...49" time="0" memory="1080" score="0"/><testcase status="8" exitcode="0" detail="&#x5728;&#x7B2C; 5 &#x884C;:&#13;&#10;----&#x9009;&#x624B;&#x8F93;&#x51FA;&#x7684;&#x7B2C; 15 &#x5217;----&#13;&#10;&gt;...6&#13;&#10;----&#x6807;&#x51C6;&#x8F93;&#x51FA;&#x7684;&#x7B2C; 15 &#x5217;----&#13;&#10;&gt;...5" time="0" memory="1072" score="0"/><testcase status="8" exitcode="0" detail="&#x5728;&#x7B2C; 3 &#x884C;:&#13;&#10;----&#x9009;&#x624B;&#x8F93;&#x51FA;&#x7684;&#x7B2C; 15 &#x5217;----&#13;&#10;&gt;...9&#13;&#10;----&#x6807;&#x51C6;&#x8F93;&#x51FA;&#x7684;&#x7B2C; 15 &#x5217;----&#13;&#10;&gt;...8" time="0.01" memory="1076" score="0"/><testcase status="8" exitcode="0" detail="&#x5728;&#x7B2C; 5 &#x884C;:&#13;&#10;----&#x9009;&#x624B;&#x8F93;&#x51FA;&#x7684;&#x7B2C; 16 &#x5217;----&#13;&#10;&gt;...8&#13;&#10;----&#x6807;&#x51C6;&#x8F93;&#x51FA;&#x7684;&#x7B2C; 16 &#x5217;----&#13;&#10;&gt;...7" time="0.01" memory="1080" score="0"/><testcase status="8" exitcode="0" detail="&#x5728;&#x7B2C; 1 &#x884C;:&#13;&#10;----&#x9009;&#x624B;&#x8F93;&#x51FA;&#x7684;&#x7B2C; 13 &#x5217;----&#13;&#10;&gt;...299&#13;&#10;----&#x6807;&#x51C6;&#x8F93;&#x51FA;&#x7684;&#x7B2C; 13 &#x5217;----&#13;&#10;&gt;...300" time="0" memory="1080" score="0"/><testcase status="8" exitcode="0" detail="&#x5728;&#x7B2C; 2 &#x884C;:&#13;&#10;----&#x9009;&#x624B;&#x8F93;&#x51FA;&#x7684;&#x7B2C; 16 &#x5217;----&#13;&#10;&gt;...4&#13;&#10;----&#x6807;&#x51C6;&#x8F93;&#x51FA;&#x7684;&#x7B2C; 16 &#x5217;----&#13;&#10;&gt;...3" time="0.01" memory="1084" score="0"/><testcase status="8" exitcode="0" detail="&#x5728;&#x7B2C; 1 &#x884C;:&#13;&#10;----&#x9009;&#x624B;&#x8F93;&#x51FA;&#x7684;&#x7B2C; 16 &#x5217;----&#13;&#10;&gt;...6&#13;&#10;----&#x6807;&#x51C6;&#x8F93;&#x51FA;&#x7684;&#x7B2C; 16 &#x5217;----&#13;&#10;&gt;...5" time="0" memory="1080" score="0"/><testcase status="8" exitcode="0" detail="&#x5728;&#x7B2C; 7 &#x884C;:&#13;&#10;----&#x9009;&#x624B;&#x8F93;&#x51FA;&#x7684;&#x7B2C; 15 &#x5217;----&#13;&#10;&gt;...50&#13;&#10;----&#x6807;&#x51C6;&#x8F93;&#x51FA;&#x7684;&#x7B2C; 15 &#x5217;----&#13;&#10;&gt;...49" time="0" memory="1084" score="0"/></problem><problem title="qbin" filename="qbin.cpp" status="1" hash="2882614063" detail=""><testcase status="10" exitcode="0" detail="" time="0" memory="1128" score="0"/><testcase status="10" exitcode="0" detail="" time="0" memory="1076" score="0"/><testcase status="10" exitcode="0" detail="" time="0.01" memory="1064" score="0"/><testcase status="10" exitcode="0" detail="" time="0" memory="1076" score="0"/><testcase status="10" exitcode="0" detail="" time="0" memory="1068" score="0"/><testcase status="10" exitcode="0" detail="" time="0" memory="1072" score="0"/><testcase status="10" exitcode="0" detail="" time="0" memory="1072" score="0"/><testcase status="10" exitcode="0" detail="" time="0" memory="1068" score="0"/><testcase status="10" exitcode="0" detail="" time="0" memory="1068" score="0"/><testcase status="10" exitcode="0" detail="" time="0" memory="1076" score="0"/></problem><problem title="statistic" filename="statistic.cpp" status="1" hash="2126187955" detail=""><testcase status="7" exitcode="0" detail="" time="0.06" memory="24624" score="10"/><testcase status="7" exitcode="0" detail="" time="0.03" memory="24568" score="10"/><testcase status="7" exitcode="0" detail="" time="0.03" memory="24564" score="10"/><testcase status="3" exitcode="1" detail="" time="1.046875" memory="24560" score="0"/><testcase status="3" exitcode="1" detail="" time="1.203125" memory="24564" score="0"/><testcase status="3" exitcode="1" detail="" time="1.0405216" memory="24568" score="0"/><testcase status="3" exitcode="1" detail="" time="1.625" memory="24572" score="0"/><testcase status="3" exitcode="1" detail="" time="1.609375" memory="24572" score="0"/><testcase status="3" exitcode="1" detail="" time="1.625" memory="24564" score="0"/><testcase status="3" exitcode="1" detail="" time="1.609375" memory="24568" score="0"/></problem><problem title="cut" filename="" status="14" hash="0" detail=""><testcase status="14" exitcode="0" detail="" time="0" memory="0" score="0"/><testcase status="14" exitcode="0" detail="" time="0" memory="0" score="0"/><testcase status="14" exitcode="0" detail="" time="0" memory="0" score="0"/><testcase status="14" exitcode="0" detail="" time="0" memory="0" score="0"/><testcase status="14" exitcode="0" detail="" time="0" memory="0" score="0"/><testcase status="14" exitcode="0" detail="" time="0" memory="0" score="0"/><testcase status="14" exitcode="0" detail="" time="0" memory="0" score="0"/><testcase status="14" exitcode="0" detail="" time="0" memory="0" score="0"/><testcase status="14" exitcode="0" detail="" time="0" memory="0" score="0"/><testcase status="14" exitcode="0" detail="" time="0" memory="0" score="0"/></problem><problem title="diff" filename="diff.cpp" status="1" hash="126645286" detail=""><testcase status="8" exitcode="0" detail="&#x5728;&#x7B2C; 1 &#x884C;:&#13;&#10;----&#x9009;&#x624B;&#x8F93;&#x51FA;&#x7684;&#x7B2C; 1 &#x5217;----&#13;&#10;&gt;85&#13;&#10;----&#x6807;&#x51C6;&#x8F93;&#x51FA;&#x7684;&#x7B2C; 1 &#x5217;----&#13;&#10;&gt;63" time="0.01" memory="1140" score="0"/><testcase status="8" exitcode="0" detail="&#x5728;&#x7B2C; 2 &#x884C;:&#13;&#10;----&#x9009;&#x624B;&#x8F93;&#x51FA;&#x7684;&#x7B2C; 2 &#x5217;----&#13;&#10;&gt;...7&#13;&#10;----&#x6807;&#x51C6;&#x8F93;&#x51FA;&#x7684;&#x7B2C; 2 &#x5217;----&#13;&#10;&gt;...6" time="0" memory="1080" score="0"/><testcase status="8" exitcode="0" detail="&#x5728;&#x7B2C; 1 &#x884C;:&#13;&#10;----&#x9009;&#x624B;&#x8F93;&#x51FA;&#x7684;&#x7B2C; 1 &#x5217;----&#13;&#10;&gt;86&#13;&#10;----&#x6807;&#x51C6;&#x8F93;&#x51FA;&#x7684;&#x7B2C; 1 &#x5217;----&#13;&#10;&gt;71" time="0" memory="1080" score="0"/><testcase status="8" exitcode="0" detail="&#x5728;&#x7B2C; 1 &#x884C;:&#13;&#10;----&#x9009;&#x624B;&#x8F93;&#x51FA;&#x7684;&#x7B2C; 2 &#x5217;----&#13;&#10;&gt;...5&#13;&#10;----&#x6807;&#x51C6;&#x8F93;&#x51FA;&#x7684;&#x7B2C; 2 &#x5217;----&#13;&#10;&gt;...3" time="0" memory="1084" score="0"/><testcase status="8" exitcode="0" detail="&#x5728;&#x7B2C; 1 &#x884C;:&#13;&#10;----&#x9009;&#x624B;&#x8F93;&#x51FA;&#x7684;&#x7B2C; 2 &#x5217;----&#13;&#10;&gt;...6&#13;&#10;----&#x6807;&#x51C6;&#x8F93;&#x51FA;&#x7684;&#x7B2C; 2 &#x5217;----&#13;&#10;&gt;...0" time="0" memory="1084" score="0"/><testcase status="8" exitcode="0" detail="&#x5728;&#x7B2C; 1 &#x884C;:&#13;&#10;----&#x9009;&#x624B;&#x8F93;&#x51FA;&#x7684;&#x7B2C; 1 &#x5217;----&#13;&#10;&gt;95&#13;&#10;----&#x6807;&#x51C6;&#x8F93;&#x51FA;&#x7684;&#x7B2C; 1 &#x5217;----&#13;&#10;&gt;70" time="0" memory="1084" score="0"/><testcase status="8" exitcode="0" detail="&#x5728;&#x7B2C; 1 &#x884C;:&#13;&#10;----&#x9009;&#x624B;&#x8F93;&#x51FA;&#x7684;&#x7B2C; 1 &#x5217;----&#13;&#10;&gt;96&#13;&#10;----&#x6807;&#x51C6;&#x8F93;&#x51FA;&#x7684;&#x7B2C; 1 &#x5217;----&#13;&#10;&gt;69" time="0" memory="1088" score="0"/><testcase status="8" exitcode="0" detail="&#x5728;&#x7B2C; 1 &#x884C;:&#13;&#10;----&#x9009;&#x624B;&#x8F93;&#x51FA;&#x7684;&#x7B2C; 1 &#x5217;----&#13;&#10;&gt;91&#13;&#10;----&#x6807;&#x51C6;&#x8F93;&#x51FA;&#x7684;&#x7B2C; 1 &#x5217;----&#13;&#10;&gt;65" time="0.01" memory="1092" score="0"/><testcase status="8" exitcode="0" detail="&#x5728;&#x7B2C; 1 &#x884C;:&#13;&#10;----&#x9009;&#x624B;&#x8F93;&#x51FA;&#x7684;&#x7B2C; 1 &#x5217;----&#13;&#10;&gt;86&#13;&#10;----&#x6807;&#x51C6;&#x8F93;&#x51FA;&#x7684;&#x7B2C; 1 &#x5217;----&#13;&#10;&gt;68" time="0" memory="1084" score="0"/><testcase status="8" exitcode="0" detail="&#x5728;&#x7B2C; 1 &#x884C;:&#13;&#10;----&#x9009;&#x624B;&#x8F93;&#x51FA;&#x7684;&#x7B2C; 1 &#x5217;----&#13;&#10;&gt;92&#13;&#10;----&#x6807;&#x51C6;&#x8F93;&#x51FA;&#x7684;&#x7B2C; 1 &#x5217;----&#13;&#10;&gt;74" time="0" memory="1084" score="0"/></problem></result></cena>
