<?xml version="1.0"?>
<cena version="0.8.2"><result judgetime="44095.7390914931"><problem title="notepad" filename="notepad.cpp" status="1" hash="3303655096" detail=""><testcase status="7" exitcode="0" detail="" time="0" memory="3152" score="5"/><testcase status="7" exitcode="0" detail="" time="0.63" memory="3152" score="5"/><testcase status="7" exitcode="0" detail="" time="0.53" memory="3152" score="5"/><testcase status="7" exitcode="0" detail="" time="0.63" memory="3152" score="5"/><testcase status="7" exitcode="0" detail="" time="0.01" memory="3152" score="5"/><testcase status="7" exitcode="0" detail="" time="0" memory="3152" score="5"/><testcase status="7" exitcode="0" detail="" time="0" memory="3152" score="5"/><testcase status="7" exitcode="0" detail="" time="0.59" memory="3152" score="5"/><testcase status="7" exitcode="0" detail="" time="0.57" memory="3152" score="5"/><testcase status="7" exitcode="0" detail="" time="0.57" memory="3152" score="5"/><testcase status="7" exitcode="0" detail="" time="0.6" memory="3152" score="10"/><testcase status="7" exitcode="0" detail="" time="0.6" memory="3152" score="10"/><testcase status="7" exitcode="0" detail="" time="0" memory="3152" score="10"/><testcase status="7" exitcode="0" detail="" time="0" memory="3152" score="10"/><testcase status="7" exitcode="0" detail="" time="0.48" memory="3152" score="10"/></problem><problem title="window" filename="window.cpp" status="1" hash="1470214626" detail=""><testcase status="7" exitcode="0" detail="" time="0" memory="12188" score="10"/><testcase status="7" exitcode="0" detail="" time="0" memory="12188" score="10"/><testcase status="7" exitcode="0" detail="" time="0.07" memory="12184" score="10"/><testcase status="7" exitcode="0" detail="" time="0.09" memory="12184" score="10"/><testcase status="7" exitcode="0" detail="" time="0.01" memory="12184" score="10"/><testcase status="7" exitcode="0" detail="" time="0.43" memory="12188" score="10"/><testcase status="7" exitcode="0" detail="" time="0.53" memory="12184" score="10"/><testcase status="7" exitcode="0" detail="" time="0.81" memory="12188" score="10"/><testcase status="3" exitcode="1" detail="" time="1.1856076" memory="12184" score="0"/><testcase status="7" exitcode="0" detail="" time="0.7" memory="12188" score="10"/></problem><problem title="apples" filename="" status="14" hash="0" detail=""><testcase status="14" exitcode="0" detail="" time="0" memory="0" score="0"/><testcase status="14" exitcode="0" detail="" time="0" memory="0" score="0"/><testcase status="14" exitcode="0" detail="" time="0" memory="0" score="0"/><testcase status="14" exitcode="0" detail="" time="0" memory="0" score="0"/><testcase status="14" exitcode="0" detail="" time="0" memory="0" score="0"/><testcase status="14" exitcode="0" detail="" time="0" memory="0" score="0"/><testcase status="14" exitcode="0" detail="" time="0" memory="0" score="0"/><testcase status="14" exitcode="0" detail="" time="0" memory="0" score="0"/></problem><problem title="zipper" filename="zipper.cpp" status="1" hash="2727657787" detail=""><testcase status="8" exitcode="0" detail="&#x5728;&#x7B2C; 4 &#x884C;:&#13;&#10;----&#x9009;&#x624B;&#x8F93;&#x51FA;&#x7684;&#x7B2C; 13 &#x5217;----&#13;&#10;&gt;... no&#13;&#10;----&#x6807;&#x51C6;&#x8F93;&#x51FA;&#x7684;&#x7B2C; 13 &#x5217;----&#13;&#10;&gt;... yes" time="0" memory="492" score="0"/><testcase status="8" exitcode="0" detail="&#x5728;&#x7B2C; 1 &#x884C;:&#13;&#10;----&#x9009;&#x624B;&#x8F93;&#x51FA;&#x7684;&#x7B2C; 13 &#x5217;----&#13;&#10;&gt;... no&#13;&#10;----&#x6807;&#x51C6;&#x8F93;&#x51FA;&#x7684;&#x7B2C; 13 &#x5217;----&#13;&#10;&gt;... yes" time="0" memory="488" score="0"/><testcase status="8" exitcode="0" detail="&#x5728;&#x7B2C; 1 &#x884C;:&#13;&#10;----&#x9009;&#x624B;&#x8F93;&#x51FA;&#x7684;&#x7B2C; 13 &#x5217;----&#13;&#10;&gt;... no&#13;&#10;----&#x6807;&#x51C6;&#x8F93;&#x51FA;&#x7684;&#x7B2C; 13 &#x5217;----&#13;&#10;&gt;... yes" time="0" memory="488" score="0"/><testcase status="8" exitcode="0" detail="&#x5728;&#x7B2C; 2 &#x884C;:&#13;&#10;----&#x9009;&#x624B;&#x8F93;&#x51FA;&#x7684;&#x7B2C; 13 &#x5217;----&#13;&#10;&gt;... no&#13;&#10;----&#x6807;&#x51C6;&#x8F93;&#x51FA;&#x7684;&#x7B2C; 13 &#x5217;----&#13;&#10;&gt;... yes" time="0" memory="488" score="0"/><testcase status="8" exitcode="0" detail="&#x5728;&#x7B2C; 1 &#x884C;:&#13;&#10;----&#x9009;&#x624B;&#x8F93;&#x51FA;&#x7684;&#x7B2C; 13 &#x5217;----&#13;&#10;&gt;... no&#13;&#10;----&#x6807;&#x51C6;&#x8F93;&#x51FA;&#x7684;&#x7B2C; 13 &#x5217;----&#13;&#10;&gt;... yes" time="0" memory="488" score="0"/><testcase status="8" exitcode="0" detail="&#x5728;&#x7B2C; 2 &#x884C;:&#13;&#10;----&#x9009;&#x624B;&#x8F93;&#x51FA;&#x7684;&#x7B2C; 13 &#x5217;----&#13;&#10;&gt;... no&#13;&#10;----&#x6807;&#x51C6;&#x8F93;&#x51FA;&#x7684;&#x7B2C; 13 &#x5217;----&#13;&#10;&gt;... yes" time="0" memory="492" score="0"/><testcase status="8" exitcode="0" detail="&#x5728;&#x7B2C; 1 &#x884C;:&#13;&#10;----&#x9009;&#x624B;&#x8F93;&#x51FA;&#x7684;&#x7B2C; 13 &#x5217;----&#13;&#10;&gt;... no&#13;&#10;----&#x6807;&#x51C6;&#x8F93;&#x51FA;&#x7684;&#x7B2C; 13 &#x5217;----&#13;&#10;&gt;... yes" time="0" memory="488" score="0"/><testcase status="8" exitcode="0" detail="&#x5728;&#x7B2C; 1 &#x884C;:&#13;&#10;----&#x9009;&#x624B;&#x8F93;&#x51FA;&#x7684;&#x7B2C; 13 &#x5217;----&#13;&#10;&gt;... no&#13;&#10;----&#x6807;&#x51C6;&#x8F93;&#x51FA;&#x7684;&#x7B2C; 13 &#x5217;----&#13;&#10;&gt;... yes" time="0" memory="488" score="0"/><testcase status="8" exitcode="0" detail="&#x5728;&#x7B2C; 1 &#x884C;:&#13;&#10;----&#x9009;&#x624B;&#x8F93;&#x51FA;&#x7684;&#x7B2C; 13 &#x5217;----&#13;&#10;&gt;... no&#13;&#10;----&#x6807;&#x51C6;&#x8F93;&#x51FA;&#x7684;&#x7B2C; 13 &#x5217;----&#13;&#10;&gt;... yes" time="0" memory="492" score="0"/><testcase status="8" exitcode="0" detail="&#x5728;&#x7B2C; 1 &#x884C;:&#13;&#10;----&#x9009;&#x624B;&#x8F93;&#x51FA;&#x7684;&#x7B2C; 13 &#x5217;----&#13;&#10;&gt;... no&#13;&#10;----&#x6807;&#x51C6;&#x8F93;&#x51FA;&#x7684;&#x7B2C; 13 &#x5217;----&#13;&#10;&gt;... yes" time="0" memory="488" score="0"/></problem></result></cena>
