<?xml version="1.0"?>
<cena version="0.8.2"><result judgetime="44102.6423340509"><problem title="1&#x3001;&#x6570;&#x5B57;&#x4E09;&#x89D2;&#x5F62;" filename="triangle.cpp" status="1" hash="2966580328" detail=""><testcase status="7" exitcode="0" detail="" time="0" memory="372" score="10"/><testcase status="7" exitcode="0" detail="" time="0.01" memory="368" score="10"/><testcase status="7" exitcode="0" detail="" time="0.01" memory="368" score="10"/><testcase status="7" exitcode="0" detail="" time="0" memory="368" score="10"/><testcase status="7" exitcode="0" detail="" time="0" memory="368" score="10"/><testcase status="7" exitcode="0" detail="" time="0" memory="368" score="10"/><testcase status="7" exitcode="0" detail="" time="0" memory="364" score="10"/><testcase status="7" exitcode="0" detail="" time="0.01" memory="368" score="10"/><testcase status="7" exitcode="0" detail="" time="0" memory="364" score="10"/><testcase status="7" exitcode="0" detail="" time="0" memory="364" score="10"/></problem><problem title="2&#x3001;&#x6700;&#x957F;&#x4E0A;&#x5347;&#x5B50;&#x5E8F;&#x5217;" filename="long.cpp" status="1" hash="2145215202" detail=""><testcase status="7" exitcode="0" detail="" time="0" memory="4240" score="10"/><testcase status="7" exitcode="0" detail="" time="0" memory="4240" score="10"/><testcase status="7" exitcode="0" detail="" time="0" memory="4244" score="10"/><testcase status="7" exitcode="0" detail="" time="0.03" memory="4244" score="10"/><testcase status="7" exitcode="0" detail="" time="0.06" memory="4252" score="10"/><testcase status="7" exitcode="0" detail="" time="0.09" memory="4252" score="10"/><testcase status="7" exitcode="0" detail="" time="0.23" memory="4268" score="10"/><testcase status="7" exitcode="0" detail="" time="0.24" memory="4264" score="10"/><testcase status="7" exitcode="0" detail="" time="0.39" memory="4272" score="10"/><testcase status="7" exitcode="0" detail="" time="0.74" memory="4280" score="10"/></problem><problem title="3&#x3001;&#x6700;&#x957F;&#x516C;&#x5171;&#x5B50;&#x5E8F;&#x5217;" filename="gong.cpp" status="1" hash="2089425110" detail=""><testcase status="7" exitcode="0" detail="" time="0" memory="4240" score="10"/><testcase status="7" exitcode="0" detail="" time="0" memory="4240" score="10"/><testcase status="7" exitcode="0" detail="" time="0" memory="4240" score="10"/><testcase status="7" exitcode="0" detail="" time="0" memory="4240" score="10"/><testcase status="7" exitcode="0" detail="" time="0" memory="4248" score="10"/><testcase status="7" exitcode="0" detail="" time="0" memory="4256" score="10"/><testcase status="7" exitcode="0" detail="" time="0" memory="4264" score="10"/><testcase status="7" exitcode="0" detail="" time="0.01" memory="4284" score="10"/><testcase status="7" exitcode="0" detail="" time="0" memory="4308" score="10"/><testcase status="7" exitcode="0" detail="" time="0.01" memory="4324" score="10"/></problem><problem title="4&#x3001;&#x6570;&#x7684;&#x8BA1;&#x6570;" filename="count.cpp" status="1" hash="697697383" detail=""><testcase status="7" exitcode="0" detail="" time="0" memory="280" score="10"/><testcase status="7" exitcode="0" detail="" time="0" memory="284" score="10"/><testcase status="7" exitcode="0" detail="" time="0" memory="284" score="10"/><testcase status="7" exitcode="0" detail="" time="0" memory="284" score="10"/><testcase status="7" exitcode="0" detail="" time="0" memory="284" score="10"/><testcase status="7" exitcode="0" detail="" time="0" memory="284" score="10"/><testcase status="7" exitcode="0" detail="" time="0" memory="280" score="10"/><testcase status="7" exitcode="0" detail="" time="0" memory="288" score="10"/><testcase status="7" exitcode="0" detail="" time="0" memory="280" score="10"/><testcase status="7" exitcode="0" detail="" time="0" memory="280" score="10"/></problem></result></cena>
