<?xml version="1.0"?>
<cena version="0.8.2"><result judgetime="44098.6619140625"><problem title="maths" filename="maths.cpp" status="1" hash="1187156255" detail=""><testcase status="7" exitcode="0" detail="" time="0" memory="372" score="10"/><testcase status="7" exitcode="0" detail="" time="0.01" memory="372" score="10"/><testcase status="7" exitcode="0" detail="" time="0" memory="376" score="10"/><testcase status="7" exitcode="0" detail="" time="0.01" memory="376" score="10"/><testcase status="7" exitcode="0" detail="" time="0.03" memory="372" score="10"/><testcase status="7" exitcode="0" detail="" time="0.01" memory="376" score="10"/><testcase status="7" exitcode="0" detail="" time="0.01" memory="376" score="10"/><testcase status="7" exitcode="0" detail="" time="0.01" memory="372" score="10"/><testcase status="7" exitcode="0" detail="" time="0.03" memory="372" score="10"/><testcase status="7" exitcode="0" detail="" time="0.01" memory="376" score="10"/></problem><problem title="close" filename="close.cpp" status="1" hash="983778741" detail=""><testcase status="7" exitcode="0" detail="" time="0" memory="276" score="10"/><testcase status="8" exitcode="0" detail="&#x5728;&#x7B2C; 2 &#x884C;:&#13;&#10;----&#x9009;&#x624B;&#x8F93;&#x51FA;&#x7684;&#x7B2C; 1 &#x5217;----&#13;&#10;&gt;17377&#13;&#10;----&#x6807;&#x51C6;&#x8F93;&#x51FA;&#x7684;&#x7B2C; 1 &#x5217;----&#13;&#10;&gt;2882" time="0" memory="276" score="0"/><testcase status="7" exitcode="0" detail="" time="0" memory="272" score="10"/><testcase status="8" exitcode="0" detail="&#x5728;&#x7B2C; 2 &#x884C;:&#13;&#10;----&#x9009;&#x624B;&#x8F93;&#x51FA;&#x7684;&#x7B2C; 1 &#x5217;----&#13;&#10;&gt;453509...&#13;&#10;----&#x6807;&#x51C6;&#x8F93;&#x51FA;&#x7684;&#x7B2C; 1 &#x5217;----&#13;&#10;&gt;125301..." time="0" memory="276" score="0"/><testcase status="7" exitcode="0" detail="" time="0" memory="272" score="10"/><testcase status="8" exitcode="0" detail="&#x5728;&#x7B2C; 2 &#x884C;:&#13;&#10;----&#x9009;&#x624B;&#x8F93;&#x51FA;&#x7684;&#x7B2C; 1 &#x5217;----&#13;&#10;&gt;800854...&#13;&#10;----&#x6807;&#x51C6;&#x8F93;&#x51FA;&#x7684;&#x7B2C; 1 &#x5217;----&#13;&#10;&gt;188949..." time="0" memory="276" score="0"/><testcase status="8" exitcode="0" detail="&#x5728;&#x7B2C; 4 &#x884C;:&#13;&#10;----&#x9009;&#x624B;&#x8F93;&#x51FA;&#x7684;&#x7B2C; 1 &#x5217;----&#13;&#10;&gt;313822...&#13;&#10;----&#x6807;&#x51C6;&#x8F93;&#x51FA;&#x7684;&#x7B2C; 1 &#x5217;----&#13;&#10;&gt;220654..." time="0" memory="272" score="0"/><testcase status="7" exitcode="0" detail="" time="0" memory="276" score="10"/><testcase status="8" exitcode="0" detail="&#x5728;&#x7B2C; 3 &#x884C;:&#13;&#10;----&#x9009;&#x624B;&#x8F93;&#x51FA;&#x7684;&#x7B2C; 1 &#x5217;----&#13;&#10;&gt;549480...&#13;&#10;----&#x6807;&#x51C6;&#x8F93;&#x51FA;&#x7684;&#x7B2C; 1 &#x5217;----&#13;&#10;&gt;141108..." time="0" memory="272" score="0"/><testcase status="8" exitcode="0" detail="&#x5728;&#x7B2C; 3 &#x884C;:&#13;&#10;----&#x9009;&#x624B;&#x8F93;&#x51FA;&#x7684;&#x7B2C; 1 &#x5217;----&#13;&#10;&gt;634507...&#13;&#10;----&#x6807;&#x51C6;&#x8F93;&#x51FA;&#x7684;&#x7B2C; 1 &#x5217;----&#13;&#10;&gt;215643..." time="0" memory="272" score="0"/></problem><problem title="dna" filename="dna.cpp" status="1" hash="3687252096" detail=""><testcase status="7" exitcode="0" detail="" time="0" memory="272" score="10"/><testcase status="7" exitcode="0" detail="" time="0" memory="272" score="10"/><testcase status="7" exitcode="0" detail="" time="0" memory="276" score="10"/><testcase status="7" exitcode="0" detail="" time="0.54" memory="280" score="10"/><testcase status="7" exitcode="0" detail="" time="0.68" memory="272" score="10"/><testcase status="7" exitcode="0" detail="" time="0.68" memory="276" score="10"/><testcase status="7" exitcode="0" detail="" time="0.67" memory="276" score="10"/><testcase status="7" exitcode="0" detail="" time="0.67" memory="272" score="10"/><testcase status="7" exitcode="0" detail="" time="0.67" memory="272" score="10"/><testcase status="7" exitcode="0" detail="" time="0.68" memory="276" score="10"/></problem><problem title="game" filename="game.cpp" status="1" hash="1415959129" detail=""><testcase status="8" exitcode="0" detail="&#x5728;&#x7B2C; 4 &#x884C;:&#13;&#10;----&#x9009;&#x624B;&#x8F93;&#x51FA;&#x7684;&#x7B2C; 1 &#x5217;----&#13;&#10;&gt;415615&#13;&#10;----&#x6807;&#x51C6;&#x8F93;&#x51FA;&#x7684;&#x7B2C; 1 &#x5217;----&#13;&#10;&gt;385503" time="0" memory="2240" score="0"/><testcase status="8" exitcode="0" detail="&#x5728;&#x7B2C; 3 &#x884C;:&#13;&#10;----&#x9009;&#x624B;&#x8F93;&#x51FA;&#x7684;&#x7B2C; 3 &#x5217;----&#13;&#10;&gt;...8768&#13;&#10;----&#x6807;&#x51C6;&#x8F93;&#x51FA;&#x7684;&#x7B2C; 3 &#x5217;----&#13;&#10;&gt;...2806" time="0" memory="2232" score="0"/><testcase status="8" exitcode="0" detail="&#x5728;&#x7B2C; 4 &#x884C;:&#13;&#10;----&#x9009;&#x624B;&#x8F93;&#x51FA;&#x7684;&#x7B2C; 2 &#x5217;----&#13;&#10;&gt;...63770&#13;&#10;----&#x6807;&#x51C6;&#x8F93;&#x51FA;&#x7684;&#x7B2C; 2 &#x5217;----&#13;&#10;&gt;...53876" time="0" memory="2236" score="0"/><testcase status="8" exitcode="0" detail="&#x5728;&#x7B2C; 4 &#x884C;:&#13;&#10;----&#x9009;&#x624B;&#x8F93;&#x51FA;&#x7684;&#x7B2C; 2 &#x5217;----&#13;&#10;&gt;...622118...&#13;&#10;----&#x6807;&#x51C6;&#x8F93;&#x51FA;&#x7684;&#x7B2C; 2 &#x5217;----&#13;&#10;&gt;...044359..." time="0.21" memory="2236" score="0"/><testcase status="8" exitcode="0" detail="&#x5728;&#x7B2C; 3 &#x884C;:&#13;&#10;----&#x9009;&#x624B;&#x8F93;&#x51FA;&#x7684;&#x7B2C; 2 &#x5217;----&#13;&#10;&gt;...652295...&#13;&#10;----&#x6807;&#x51C6;&#x8F93;&#x51FA;&#x7684;&#x7B2C; 2 &#x5217;----&#13;&#10;&gt;...236515..." time="0.21" memory="2236" score="0"/><testcase status="8" exitcode="0" detail="&#x5728;&#x7B2C; 2 &#x884C;:&#13;&#10;----&#x9009;&#x624B;&#x8F93;&#x51FA;&#x7684;&#x7B2C; 2 &#x5217;----&#13;&#10;&gt;...561422...&#13;&#10;----&#x6807;&#x51C6;&#x8F93;&#x51FA;&#x7684;&#x7B2C; 2 &#x5217;----&#13;&#10;&gt;...281349..." time="0.21" memory="2232" score="0"/><testcase status="8" exitcode="0" detail="&#x5728;&#x7B2C; 3 &#x884C;:&#13;&#10;----&#x9009;&#x624B;&#x8F93;&#x51FA;&#x7684;&#x7B2C; 2 &#x5217;----&#13;&#10;&gt;...363027...&#13;&#10;----&#x6807;&#x51C6;&#x8F93;&#x51FA;&#x7684;&#x7B2C; 2 &#x5217;----&#13;&#10;&gt;...005063..." time="0.17" memory="2236" score="0"/><testcase status="8" exitcode="0" detail="&#x5728;&#x7B2C; 4 &#x884C;:&#13;&#10;----&#x9009;&#x624B;&#x8F93;&#x51FA;&#x7684;&#x7B2C; 1 &#x5217;----&#13;&#10;&gt;411768...&#13;&#10;----&#x6807;&#x51C6;&#x8F93;&#x51FA;&#x7684;&#x7B2C; 1 &#x5217;----&#13;&#10;&gt;399722..." time="0.2" memory="2236" score="0"/><testcase status="8" exitcode="0" detail="&#x5728;&#x7B2C; 2 &#x884C;:&#13;&#10;----&#x9009;&#x624B;&#x8F93;&#x51FA;&#x7684;&#x7B2C; 1 &#x5217;----&#13;&#10;&gt;426339...&#13;&#10;----&#x6807;&#x51C6;&#x8F93;&#x51FA;&#x7684;&#x7B2C; 1 &#x5217;----&#13;&#10;&gt;384264..." time="0.17" memory="2236" score="0"/><testcase status="8" exitcode="0" detail="&#x5728;&#x7B2C; 4 &#x884C;:&#13;&#10;----&#x9009;&#x624B;&#x8F93;&#x51FA;&#x7684;&#x7B2C; 2 &#x5217;----&#13;&#10;&gt;...841670...&#13;&#10;----&#x6807;&#x51C6;&#x8F93;&#x51FA;&#x7684;&#x7B2C; 2 &#x5217;----&#13;&#10;&gt;...215855..." time="0.18" memory="2232" score="0"/></problem></result></cena>
