<?xml version="1.0"?>
<cena version="0.8.1"><result judgetime="44119.5923699074"><problem title="&#x6C42;&#x6700;&#x957F;&#x516C;&#x5171;&#x5B50;&#x5E8F;&#x5217;LCS" filename="public.cpp" status="1" hash="83283417" detail=""><testcase status="7" exitcode="0" detail="" time="0" memory="4388" score="10"/><testcase status="7" exitcode="0" detail="" time="0" memory="4396" score="10"/><testcase status="7" exitcode="0" detail="" time="0" memory="4396" score="10"/><testcase status="7" exitcode="0" detail="" time="0" memory="4396" score="10"/><testcase status="7" exitcode="0" detail="" time="0.01" memory="4392" score="10"/><testcase status="7" exitcode="0" detail="" time="0.03" memory="4388" score="10"/><testcase status="7" exitcode="0" detail="" time="0.01" memory="4392" score="10"/><testcase status="7" exitcode="0" detail="" time="0" memory="4392" score="10"/><testcase status="7" exitcode="0" detail="" time="0" memory="4392" score="10"/><testcase status="7" exitcode="0" detail="" time="0.01" memory="4396" score="10"/></problem><problem title="&#x6700;&#x957F;&#x4E0A;&#x5347;&#x5B50;&#x5E8F;&#x5217;" filename="longrise.cpp" status="1" hash="1029453277" detail=""><testcase status="7" exitcode="0" detail="" time="0" memory="476" score="10"/><testcase status="7" exitcode="0" detail="" time="0" memory="476" score="10"/><testcase status="7" exitcode="0" detail="" time="0" memory="476" score="10"/><testcase status="7" exitcode="0" detail="" time="0" memory="480" score="10"/><testcase status="7" exitcode="0" detail="" time="0" memory="484" score="10"/><testcase status="7" exitcode="0" detail="" time="0.01" memory="476" score="10"/><testcase status="7" exitcode="0" detail="" time="0" memory="472" score="10"/><testcase status="7" exitcode="0" detail="" time="0" memory="472" score="10"/><testcase status="7" exitcode="0" detail="" time="0" memory="476" score="10"/><testcase status="7" exitcode="0" detail="" time="0" memory="476" score="10"/></problem><problem title="&#x548C;&#x6700;&#x5927;&#x5B50;&#x5E8F;&#x5217;" filename="mlong.cpp" status="1" hash="3767633888" detail=""><testcase status="7" exitcode="0" detail="" time="0" memory="1252" score="10"/><testcase status="7" exitcode="0" detail="" time="0" memory="1260" score="10"/><testcase status="7" exitcode="0" detail="" time="0" memory="1252" score="10"/><testcase status="7" exitcode="0" detail="" time="0" memory="1252" score="10"/><testcase status="7" exitcode="0" detail="" time="0" memory="1256" score="10"/><testcase status="7" exitcode="0" detail="" time="0" memory="1256" score="10"/><testcase status="7" exitcode="0" detail="" time="0.01" memory="1260" score="10"/><testcase status="7" exitcode="0" detail="" time="0" memory="1260" score="10"/><testcase status="7" exitcode="0" detail="" time="0" memory="1252" score="10"/><testcase status="7" exitcode="0" detail="" time="0.26" memory="1260" score="10"/></problem><problem title="01&#x80CC;&#x5305;" filename="bag.cpp" status="1" hash="3967538663" detail=""><testcase status="7" exitcode="0" detail="" time="0" memory="16804" score="10"/><testcase status="7" exitcode="0" detail="" time="0" memory="16804" score="10"/><testcase status="7" exitcode="0" detail="" time="0" memory="16792" score="10"/><testcase status="7" exitcode="0" detail="" time="0.01" memory="16796" score="10"/><testcase status="7" exitcode="0" detail="" time="0" memory="16796" score="10"/><testcase status="7" exitcode="0" detail="" time="0" memory="16796" score="10"/><testcase status="7" exitcode="0" detail="" time="0" memory="16796" score="10"/><testcase status="7" exitcode="0" detail="" time="0.01" memory="16796" score="10"/><testcase status="7" exitcode="0" detail="" time="0" memory="16796" score="10"/><testcase status="7" exitcode="0" detail="" time="0" memory="16800" score="10"/></problem><problem title="&#x6446;&#x52A8;&#x5E8F;&#x5217;" filename="list.cpp" status="1" hash="3308495048" detail=""><testcase status="7" exitcode="0" detail="" time="0" memory="476" score="10"/><testcase status="7" exitcode="0" detail="" time="0" memory="472" score="10"/><testcase status="7" exitcode="0" detail="" time="0" memory="472" score="10"/><testcase status="7" exitcode="0" detail="" time="0" memory="472" score="10"/><testcase status="7" exitcode="0" detail="" time="0" memory="468" score="10"/><testcase status="7" exitcode="0" detail="" time="0" memory="468" score="10"/><testcase status="7" exitcode="0" detail="" time="0" memory="468" score="10"/><testcase status="7" exitcode="0" detail="" time="0" memory="472" score="10"/><testcase status="7" exitcode="0" detail="" time="0" memory="476" score="10"/><testcase status="7" exitcode="0" detail="" time="0" memory="472" score="10"/></problem><problem title="&#x6446;&#x52A8;&#x5E8F;&#x5217;2" filename="listwo.cpp" status="1" hash="1572171372" detail=""><testcase status="7" exitcode="0" detail="" time="0" memory="500" score="10"/><testcase status="7" exitcode="0" detail="" time="0" memory="496" score="10"/><testcase status="7" exitcode="0" detail="" time="0" memory="504" score="10"/><testcase status="7" exitcode="0" detail="" time="0" memory="504" score="10"/><testcase status="7" exitcode="0" detail="" time="0" memory="504" score="10"/><testcase status="7" exitcode="0" detail="" time="0.01" memory="504" score="10"/><testcase status="7" exitcode="0" detail="" time="0" memory="500" score="10"/><testcase status="7" exitcode="0" detail="" time="0" memory="504" score="10"/><testcase status="7" exitcode="0" detail="" time="0" memory="504" score="10"/><testcase status="7" exitcode="0" detail="" time="0" memory="504" score="10"/></problem></result></cena>
