<?xml version="1.0"?>
<cena version="0.8.1"><result judgetime="44116.6945497222"><problem title="&#x5C0F;&#x660E;&#x5206;&#x7CD6;" filename="xiaoming.cpp" status="1" hash="1806848341" detail=""><testcase status="8" exitcode="0" detail="&#x5728;&#x7B2C; 1 &#x884C;:&#13;&#10;----&#x9009;&#x624B;&#x8F93;&#x51FA;&#x7684;&#x7B2C; 1 &#x5217;----&#13;&#10;&gt;28&#13;&#10;----&#x6807;&#x51C6;&#x8F93;&#x51FA;&#x7684;&#x7B2C; 1 &#x5217;----&#13;&#10;&gt;35" time="0" memory="512" score="0"/><testcase status="7" exitcode="0" detail="" time="0" memory="512" score="10"/><testcase status="7" exitcode="0" detail="" time="0" memory="504" score="10"/><testcase status="8" exitcode="0" detail="&#x5728;&#x7B2C; 1 &#x884C;:&#13;&#10;----&#x9009;&#x624B;&#x8F93;&#x51FA;&#x7684;&#x7B2C; 2 &#x5217;----&#13;&#10;&gt;...43138&#13;&#10;----&#x6807;&#x51C6;&#x8F93;&#x51FA;&#x7684;&#x7B2C; 2 &#x5217;----&#13;&#10;&gt;...54051" time="0" memory="508" score="0"/><testcase status="8" exitcode="0" detail="&#x5728;&#x7B2C; 1 &#x884C;:&#13;&#10;----&#x9009;&#x624B;&#x8F93;&#x51FA;&#x7684;&#x7B2C; 1 &#x5217;----&#13;&#10;&gt;0&#13;&#10;----&#x6807;&#x51C6;&#x8F93;&#x51FA;&#x7684;&#x7B2C; 1 &#x5217;----&#13;&#10;&gt;284670" time="0" memory="504" score="0"/><testcase status="8" exitcode="0" detail="&#x5728;&#x7B2C; 1 &#x884C;:&#13;&#10;----&#x9009;&#x624B;&#x8F93;&#x51FA;&#x7684;&#x7B2C; 1 &#x5217;----&#13;&#10;&gt;0&#13;&#10;----&#x6807;&#x51C6;&#x8F93;&#x51FA;&#x7684;&#x7B2C; 1 &#x5217;----&#13;&#10;&gt;269612" time="0" memory="504" score="0"/><testcase status="7" exitcode="0" detail="" time="0" memory="508" score="10"/><testcase status="7" exitcode="0" detail="" time="0" memory="504" score="10"/><testcase status="7" exitcode="0" detail="" time="0" memory="512" score="10"/><testcase status="8" exitcode="0" detail="&#x5728;&#x7B2C; 1 &#x884C;:&#13;&#10;----&#x9009;&#x624B;&#x8F93;&#x51FA;&#x7684;&#x7B2C; 2 &#x5217;----&#13;&#10;&gt;...385720&#13;&#10;----&#x6807;&#x51C6;&#x8F93;&#x51FA;&#x7684;&#x7B2C; 2 &#x5217;----&#13;&#10;&gt;...620528" time="0" memory="500" score="0"/></problem><problem title="&#x6700;&#x5927;&#x5B50;&#x77E9;&#x9635;" filename="matrix.cpp" status="16" hash="2107570288" detail="LAKTBIVZ.cpp: In function `int main()':&#13;&#10;LAKTBIVZ.cpp:20: error: expected `)' before ';' token&#13;&#10;LAKTBIVZ.cpp:20: error: name lookup of `i' changed for new ISO `for' scoping&#13;&#10;LAKTBIVZ.cpp:20: error:   using obsolete binding at `i'&#13;&#10;LAKTBIVZ.cpp:20: error: expected `;' before ')' token&#13;&#10;LAKTBIVZ.cpp:21: error: `j' undeclared (first use this function)&#13;&#10;LAKTBIVZ.cpp:21: error: (Each undeclared identifier is reported only once for each function it appears in.)&#13;&#10;LAKTBIVZ.cpp:21: error: expected `;' before ')' token&#13;&#10;LAKTBIVZ.cpp:23: error: expected `;' before ')' token&#13;&#10;LAKTBIVZ.cpp:24: error: expected `;' before ')' token&#13;&#10;"><testcase status="16" exitcode="1" detail="" time="0" memory="0" score="0"/><testcase status="16" exitcode="1" detail="" time="0" memory="0" score="0"/><testcase status="16" exitcode="1" detail="" time="0" memory="0" score="0"/><testcase status="16" exitcode="1" detail="" time="0" memory="0" score="0"/><testcase status="16" exitcode="1" detail="" time="0" memory="0" score="0"/><testcase status="16" exitcode="1" detail="" time="0" memory="0" score="0"/><testcase status="16" exitcode="1" detail="" time="0" memory="0" score="0"/><testcase status="16" exitcode="1" detail="" time="0" memory="0" score="0"/><testcase status="16" exitcode="1" detail="" time="0" memory="0" score="0"/><testcase status="16" exitcode="1" detail="" time="0" memory="0" score="0"/></problem><problem title="&#x5403;&#x6843;&#x5B50;" filename="peach.cpp" status="1" hash="3200193676" detail=""><testcase status="7" exitcode="0" detail="" time="0" memory="556" score="10"/><testcase status="7" exitcode="0" detail="" time="0" memory="556" score="10"/><testcase status="7" exitcode="0" detail="" time="0" memory="552" score="10"/><testcase status="7" exitcode="0" detail="" time="0.01" memory="556" score="10"/><testcase status="7" exitcode="0" detail="" time="0.01" memory="552" score="10"/><testcase status="7" exitcode="0" detail="" time="0.01" memory="560" score="10"/><testcase status="7" exitcode="0" detail="" time="0.04" memory="556" score="10"/><testcase status="7" exitcode="0" detail="" time="0.04" memory="556" score="10"/><testcase status="7" exitcode="0" detail="" time="0" memory="560" score="10"/><testcase status="7" exitcode="0" detail="" time="0.01" memory="552" score="10"/></problem><problem title="&#x5B57;&#x7B26;&#x4E32;&#x8DDD;&#x79BB;" filename="zifu.cpp" status="16" hash="861631692" detail="JAXWSHAI.cpp: In function `int main()':&#13;&#10;JAXWSHAI.cpp:20: error: expected primary-expression before ')' token&#13;&#10;JAXWSHAI.cpp:20: error: expected `,' or `;' before ')' token&#13;&#10;JAXWSHAI.cpp:22: error: expected primary-expression before '}' token&#13;&#10;JAXWSHAI.cpp:22: error: expected `;' before '}' token&#13;&#10;JAXWSHAI.cpp:22: error: expected primary-expression before '}' token&#13;&#10;JAXWSHAI.cpp:22: error: expected `)' before '}' token&#13;&#10;JAXWSHAI.cpp:22: error: expected primary-expression before '}' token&#13;&#10;JAXWSHAI.cpp:22: error: expected `;' before '}' token&#13;&#10;"><testcase status="16" exitcode="1" detail="" time="0" memory="0" score="0"/><testcase status="16" exitcode="1" detail="" time="0" memory="0" score="0"/><testcase status="16" exitcode="1" detail="" time="0" memory="0" score="0"/><testcase status="16" exitcode="1" detail="" time="0" memory="0" score="0"/><testcase status="16" exitcode="1" detail="" time="0" memory="0" score="0"/><testcase status="16" exitcode="1" detail="" time="0" memory="0" score="0"/><testcase status="16" exitcode="1" detail="" time="0" memory="0" score="0"/><testcase status="16" exitcode="1" detail="" time="0" memory="0" score="0"/><testcase status="16" exitcode="1" detail="" time="0" memory="0" score="0"/><testcase status="16" exitcode="1" detail="" time="0" memory="0" score="0"/></problem></result></cena>
