<?xml version="1.0"?>
<cena version="0.8.2"><result judgetime="44106.6466074769"><problem title="square" filename="square.cpp" status="1" hash="3913073834" detail=""><testcase status="8" exitcode="0" detail="&#x5728;&#x7B2C; 1 &#x884C;:&#13;&#10;----&#x9009;&#x624B;&#x8F93;&#x51FA;&#x7684;&#x7B2C; 1 &#x5217;----&#13;&#10;&gt;180&#13;&#10;----&#x6807;&#x51C6;&#x8F93;&#x51FA;&#x7684;&#x7B2C; 1 &#x5217;----&#13;&#10;&gt;87" time="0" memory="1140" score="0"/><testcase status="8" exitcode="0" detail="&#x5728;&#x7B2C; 1 &#x884C;:&#13;&#10;----&#x9009;&#x624B;&#x8F93;&#x51FA;&#x7684;&#x7B2C; 1 &#x5217;----&#13;&#10;&gt;188&#13;&#10;----&#x6807;&#x51C6;&#x8F93;&#x51FA;&#x7684;&#x7B2C; 1 &#x5217;----&#13;&#10;&gt;211" time="0" memory="1088" score="0"/><testcase status="8" exitcode="0" detail="&#x5728;&#x7B2C; 1 &#x884C;:&#13;&#10;----&#x9009;&#x624B;&#x8F93;&#x51FA;&#x7684;&#x7B2C; 1 &#x5217;----&#13;&#10;&gt;18&#13;&#10;----&#x6807;&#x51C6;&#x8F93;&#x51FA;&#x7684;&#x7B2C; 1 &#x5217;----&#13;&#10;&gt;4" time="0" memory="1076" score="0"/><testcase status="8" exitcode="0" detail="&#x5728;&#x7B2C; 1 &#x884C;:&#13;&#10;----&#x9009;&#x624B;&#x8F93;&#x51FA;&#x7684;&#x7B2C; 1 &#x5217;----&#13;&#10;&gt;1016&#13;&#10;----&#x6807;&#x51C6;&#x8F93;&#x51FA;&#x7684;&#x7B2C; 1 &#x5217;----&#13;&#10;&gt;53" time="0" memory="1080" score="0"/><testcase status="8" exitcode="0" detail="&#x5728;&#x7B2C; 1 &#x884C;:&#13;&#10;----&#x9009;&#x624B;&#x8F93;&#x51FA;&#x7684;&#x7B2C; 1 &#x5217;----&#13;&#10;&gt;733&#13;&#10;----&#x6807;&#x51C6;&#x8F93;&#x51FA;&#x7684;&#x7B2C; 1 &#x5217;----&#13;&#10;&gt;38" time="0" memory="1080" score="0"/><testcase status="8" exitcode="0" detail="&#x5728;&#x7B2C; 1 &#x884C;:&#13;&#10;----&#x9009;&#x624B;&#x8F93;&#x51FA;&#x7684;&#x7B2C; 1 &#x5217;----&#13;&#10;&gt;570&#13;&#10;----&#x6807;&#x51C6;&#x8F93;&#x51FA;&#x7684;&#x7B2C; 1 &#x5217;----&#13;&#10;&gt;663" time="0.01" memory="1080" score="0"/><testcase status="8" exitcode="0" detail="&#x5728;&#x7B2C; 1 &#x884C;:&#13;&#10;----&#x9009;&#x624B;&#x8F93;&#x51FA;&#x7684;&#x7B2C; 1 &#x5217;----&#13;&#10;&gt;1189&#13;&#10;----&#x6807;&#x51C6;&#x8F93;&#x51FA;&#x7684;&#x7B2C; 1 &#x5217;----&#13;&#10;&gt;233" time="0" memory="1080" score="0"/><testcase status="8" exitcode="0" detail="&#x5728;&#x7B2C; 1 &#x884C;:&#13;&#10;----&#x9009;&#x624B;&#x8F93;&#x51FA;&#x7684;&#x7B2C; 1 &#x5217;----&#13;&#10;&gt;2838&#13;&#10;----&#x6807;&#x51C6;&#x8F93;&#x51FA;&#x7684;&#x7B2C; 1 &#x5217;----&#13;&#10;&gt;1185" time="0" memory="1076" score="0"/><testcase status="8" exitcode="0" detail="&#x5728;&#x7B2C; 1 &#x884C;:&#13;&#10;----&#x9009;&#x624B;&#x8F93;&#x51FA;&#x7684;&#x7B2C; 2 &#x5217;----&#13;&#10;&gt;...29&#13;&#10;----&#x6807;&#x51C6;&#x8F93;&#x51FA;&#x7684;&#x7B2C; 2 &#x5217;----&#13;&#10;&gt;...02" time="0" memory="1072" score="0"/><testcase status="8" exitcode="0" detail="&#x5728;&#x7B2C; 1 &#x884C;:&#13;&#10;----&#x9009;&#x624B;&#x8F93;&#x51FA;&#x7684;&#x7B2C; 1 &#x5217;----&#13;&#10;&gt;324&#13;&#10;----&#x6807;&#x51C6;&#x8F93;&#x51FA;&#x7684;&#x7B2C; 1 &#x5217;----&#13;&#10;&gt;43" time="0" memory="1080" score="0"/></problem><problem title="pairs" filename="pairs.cpp" status="1" hash="584093224" detail=""><testcase status="7" exitcode="0" detail="" time="0.01" memory="1140" score="10"/><testcase status="7" exitcode="0" detail="" time="0" memory="1080" score="10"/><testcase status="7" exitcode="0" detail="" time="0" memory="1080" score="10"/><testcase status="7" exitcode="0" detail="" time="0.01" memory="1084" score="10"/><testcase status="7" exitcode="0" detail="" time="0" memory="1076" score="10"/><testcase status="7" exitcode="0" detail="" time="0" memory="1076" score="10"/><testcase status="7" exitcode="0" detail="" time="0" memory="1080" score="10"/><testcase status="7" exitcode="0" detail="" time="0" memory="1076" score="10"/><testcase status="7" exitcode="0" detail="" time="0" memory="1076" score="10"/><testcase status="7" exitcode="0" detail="" time="0" memory="1080" score="10"/></problem><problem title="qbin" filename="" status="14" hash="0" detail=""><testcase status="14" exitcode="0" detail="" time="0" memory="0" score="0"/><testcase status="14" exitcode="0" detail="" time="0" memory="0" score="0"/><testcase status="14" exitcode="0" detail="" time="0" memory="0" score="0"/><testcase status="14" exitcode="0" detail="" time="0" memory="0" score="0"/><testcase status="14" exitcode="0" detail="" time="0" memory="0" score="0"/><testcase status="14" exitcode="0" detail="" time="0" memory="0" score="0"/><testcase status="14" exitcode="0" detail="" time="0" memory="0" score="0"/><testcase status="14" exitcode="0" detail="" time="0" memory="0" score="0"/><testcase status="14" exitcode="0" detail="" time="0" memory="0" score="0"/><testcase status="14" exitcode="0" detail="" time="0" memory="0" score="0"/></problem><problem title="statistic" filename="statistic.cpp" status="1" hash="1270911074" detail=""><testcase status="7" exitcode="0" detail="" time="0" memory="12432" score="10"/><testcase status="7" exitcode="0" detail="" time="0" memory="12368" score="10"/><testcase status="7" exitcode="0" detail="" time="0" memory="12364" score="10"/><testcase status="7" exitcode="0" detail="" time="0.28" memory="12368" score="10"/><testcase status="7" exitcode="0" detail="" time="0.28" memory="12368" score="10"/><testcase status="7" exitcode="0" detail="" time="0.28" memory="12372" score="10"/><testcase status="7" exitcode="0" detail="" time="0.96" memory="12364" score="10"/><testcase status="7" exitcode="0" detail="" time="0.98" memory="12364" score="10"/><testcase status="7" exitcode="0" detail="" time="0.96" memory="12368" score="10"/><testcase status="7" exitcode="0" detail="" time="0.96" memory="12368" score="10"/></problem><problem title="cut" filename="" status="14" hash="0" detail=""><testcase status="14" exitcode="0" detail="" time="0" memory="0" score="0"/><testcase status="14" exitcode="0" detail="" time="0" memory="0" score="0"/><testcase status="14" exitcode="0" detail="" time="0" memory="0" score="0"/><testcase status="14" exitcode="0" detail="" time="0" memory="0" score="0"/><testcase status="14" exitcode="0" detail="" time="0" memory="0" score="0"/><testcase status="14" exitcode="0" detail="" time="0" memory="0" score="0"/><testcase status="14" exitcode="0" detail="" time="0" memory="0" score="0"/><testcase status="14" exitcode="0" detail="" time="0" memory="0" score="0"/><testcase status="14" exitcode="0" detail="" time="0" memory="0" score="0"/><testcase status="14" exitcode="0" detail="" time="0" memory="0" score="0"/></problem><problem title="diff" filename="diff.cpp" status="1" hash="2391311542" detail=""><testcase status="3" exitcode="1" detail="" time="1.1337623" memory="1136" score="0"/><testcase status="3" exitcode="1" detail="" time="1.0425688" memory="1080" score="0"/><testcase status="3" exitcode="1" detail="" time="1.0453558" memory="1076" score="0"/><testcase status="3" exitcode="1" detail="" time="1.0343296" memory="1076" score="0"/><testcase status="3" exitcode="1" detail="" time="1.0799442" memory="1092" score="0"/><testcase status="3" exitcode="1" detail="" time="1.091028" memory="1076" score="0"/><testcase status="3" exitcode="1" detail="" time="1.203125" memory="1076" score="0"/><testcase status="3" exitcode="1" detail="" time="1.0599539" memory="1076" score="0"/><testcase status="3" exitcode="1" detail="" time="1.015625" memory="1076" score="0"/><testcase status="3" exitcode="1" detail="" time="1.015625" memory="1096" score="0"/></problem></result></cena>
