<?xml version="1.0"?>
<cena version="0.8.1"><result judgetime="44116.6891565278"><problem title="&#x5C0F;&#x660E;&#x5206;&#x7CD6;" filename="xiaoming.cpp" status="1" hash="489995372" detail="YPIZKWDZ.cpp:10: warning: converting to `int' from `double'&#13;&#10;"><testcase status="7" exitcode="0" detail="" time="0" memory="4424" score="10"/><testcase status="7" exitcode="0" detail="" time="0" memory="4420" score="10"/><testcase status="7" exitcode="0" detail="" time="0" memory="4424" score="10"/><testcase status="7" exitcode="0" detail="" time="0" memory="4424" score="10"/><testcase status="7" exitcode="0" detail="" time="0" memory="4424" score="10"/><testcase status="7" exitcode="0" detail="" time="0.01" memory="4420" score="10"/><testcase status="7" exitcode="0" detail="" time="0" memory="4424" score="10"/><testcase status="7" exitcode="0" detail="" time="0" memory="4420" score="10"/><testcase status="7" exitcode="0" detail="" time="0.01" memory="4424" score="10"/><testcase status="7" exitcode="0" detail="" time="0" memory="4424" score="10"/></problem><problem title="&#x6700;&#x5927;&#x5B50;&#x77E9;&#x9635;" filename="matrix.cpp" status="1" hash="4098135138" detail="HIIYYMFL.cpp:9: warning: converting to `int' from `double'&#13;&#10;"><testcase status="7" exitcode="0" detail="" time="0" memory="4416" score="10"/><testcase status="7" exitcode="0" detail="" time="0" memory="4424" score="10"/><testcase status="7" exitcode="0" detail="" time="0" memory="4420" score="10"/><testcase status="7" exitcode="0" detail="" time="0" memory="4420" score="10"/><testcase status="7" exitcode="0" detail="" time="0" memory="4424" score="10"/><testcase status="7" exitcode="0" detail="" time="0" memory="4428" score="10"/><testcase status="7" exitcode="0" detail="" time="0" memory="4424" score="10"/><testcase status="10" exitcode="0" detail="" time="0" memory="4424" score="0"/><testcase status="7" exitcode="0" detail="" time="0.03" memory="4420" score="10"/><testcase status="7" exitcode="0" detail="" time="0.14" memory="4428" score="10"/></problem><problem title="&#x5403;&#x6843;&#x5B50;" filename="peach.cpp" status="1" hash="865513867" detail="UTRYTASV.cpp:9: warning: converting to `int' from `double'&#13;&#10;"><testcase status="7" exitcode="0" detail="" time="0" memory="4420" score="10"/><testcase status="7" exitcode="0" detail="" time="0.01" memory="4420" score="10"/><testcase status="7" exitcode="0" detail="" time="0.01" memory="4424" score="10"/><testcase status="7" exitcode="0" detail="" time="0.01" memory="4424" score="10"/><testcase status="7" exitcode="0" detail="" time="0.01" memory="4420" score="10"/><testcase status="7" exitcode="0" detail="" time="0.06" memory="4420" score="10"/><testcase status="7" exitcode="0" detail="" time="0.1" memory="4420" score="10"/><testcase status="7" exitcode="0" detail="" time="0.09" memory="4420" score="10"/><testcase status="7" exitcode="0" detail="" time="0.06" memory="4420" score="10"/><testcase status="7" exitcode="0" detail="" time="0.06" memory="4424" score="10"/></problem><problem title="&#x5B57;&#x7B26;&#x4E32;&#x8DDD;&#x79BB;" filename="zifu.cpp" status="1" hash="2472178393" detail="CIFIOWYY.cpp:9: warning: converting to `int' from `double'&#13;&#10;"><testcase status="7" exitcode="0" detail="" time="0" memory="4424" score="10"/><testcase status="8" exitcode="0" detail="&#x5728;&#x7B2C; 2 &#x884C;:&#13;&#10;----&#x9009;&#x624B;&#x8F93;&#x51FA;&#x7684;&#x7B2C; 2 &#x5217;----&#13;&#10;&gt;...0&#13;&#10;----&#x6807;&#x51C6;&#x8F93;&#x51FA;&#x7684;&#x7B2C; 2 &#x5217;----&#13;&#10;&gt;...1" time="0" memory="4420" score="0"/><testcase status="8" exitcode="0" detail="&#x5728;&#x7B2C; 2 &#x884C;:&#13;&#10;----&#x9009;&#x624B;&#x8F93;&#x51FA;&#x7684;&#x7B2C; 2 &#x5217;----&#13;&#10;&gt;...0&#13;&#10;----&#x6807;&#x51C6;&#x8F93;&#x51FA;&#x7684;&#x7B2C; 2 &#x5217;----&#13;&#10;&gt;...1" time="0.01" memory="4416" score="0"/><testcase status="8" exitcode="0" detail="&#x5728;&#x7B2C; 2 &#x884C;:&#13;&#10;----&#x9009;&#x624B;&#x8F93;&#x51FA;&#x7684;&#x7B2C; 2 &#x5217;----&#13;&#10;&gt;...0&#13;&#10;----&#x6807;&#x51C6;&#x8F93;&#x51FA;&#x7684;&#x7B2C; 2 &#x5217;----&#13;&#10;&gt;...1" time="0.03" memory="4424" score="0"/><testcase status="8" exitcode="0" detail="&#x5728;&#x7B2C; 2 &#x884C;:&#13;&#10;----&#x9009;&#x624B;&#x8F93;&#x51FA;&#x7684;&#x7B2C; 2 &#x5217;----&#13;&#10;&gt;...0&#13;&#10;----&#x6807;&#x51C6;&#x8F93;&#x51FA;&#x7684;&#x7B2C; 2 &#x5217;----&#13;&#10;&gt;...1" time="0.03" memory="4420" score="0"/><testcase status="8" exitcode="0" detail="&#x5728;&#x7B2C; 2 &#x884C;:&#13;&#10;----&#x9009;&#x624B;&#x8F93;&#x51FA;&#x7684;&#x7B2C; 2 &#x5217;----&#13;&#10;&gt;...0&#13;&#10;----&#x6807;&#x51C6;&#x8F93;&#x51FA;&#x7684;&#x7B2C; 2 &#x5217;----&#13;&#10;&gt;...1" time="0.12" memory="4420" score="0"/><testcase status="8" exitcode="0" detail="&#x5728;&#x7B2C; 2 &#x884C;:&#13;&#10;----&#x9009;&#x624B;&#x8F93;&#x51FA;&#x7684;&#x7B2C; 2 &#x5217;----&#13;&#10;&gt;...0&#13;&#10;----&#x6807;&#x51C6;&#x8F93;&#x51FA;&#x7684;&#x7B2C; 2 &#x5217;----&#13;&#10;&gt;...1" time="0.1" memory="4424" score="0"/><testcase status="8" exitcode="0" detail="&#x5728;&#x7B2C; 2 &#x884C;:&#13;&#10;----&#x9009;&#x624B;&#x8F93;&#x51FA;&#x7684;&#x7B2C; 2 &#x5217;----&#13;&#10;&gt;...0&#13;&#10;----&#x6807;&#x51C6;&#x8F93;&#x51FA;&#x7684;&#x7B2C; 2 &#x5217;----&#13;&#10;&gt;...1" time="0.17" memory="4420" score="0"/><testcase status="8" exitcode="0" detail="&#x5728;&#x7B2C; 2 &#x884C;:&#13;&#10;----&#x9009;&#x624B;&#x8F93;&#x51FA;&#x7684;&#x7B2C; 2 &#x5217;----&#13;&#10;&gt;...0&#13;&#10;----&#x6807;&#x51C6;&#x8F93;&#x51FA;&#x7684;&#x7B2C; 2 &#x5217;----&#13;&#10;&gt;...1" time="0.24" memory="4424" score="0"/><testcase status="8" exitcode="0" detail="&#x5728;&#x7B2C; 1 &#x884C;:&#13;&#10;----&#x9009;&#x624B;&#x8F93;&#x51FA;&#x7684;&#x7B2C; 2 &#x5217;----&#13;&#10;&gt;...0&#13;&#10;----&#x6807;&#x51C6;&#x8F93;&#x51FA;&#x7684;&#x7B2C; 2 &#x5217;----&#13;&#10;&gt;...1" time="0.31" memory="4420" score="0"/></problem></result></cena>
