<?xml version="1.0"?>
<cena version="0.8.2"><result judgetime="44116.6577265972"><problem title="&#x5C0F;&#x660E;&#x5206;&#x7CD6;" filename="xiaoming.cpp" status="1" hash="4099618740" detail=""><testcase status="7" exitcode="0" detail="" time="0" memory="284" score="10"/><testcase status="7" exitcode="0" detail="" time="0" memory="288" score="10"/><testcase status="7" exitcode="0" detail="" time="0" memory="288" score="10"/><testcase status="7" exitcode="0" detail="" time="0" memory="288" score="10"/><testcase status="7" exitcode="0" detail="" time="0" memory="288" score="10"/><testcase status="7" exitcode="0" detail="" time="0" memory="288" score="10"/><testcase status="7" exitcode="0" detail="" time="0" memory="284" score="10"/><testcase status="7" exitcode="0" detail="" time="0" memory="284" score="10"/><testcase status="7" exitcode="0" detail="" time="0" memory="284" score="10"/><testcase status="7" exitcode="0" detail="" time="0" memory="284" score="10"/></problem><problem title="&#x6700;&#x5927;&#x5B50;&#x77E9;&#x9635;" filename="matrix.cpp" status="1" hash="2643355944" detail=""><testcase status="7" exitcode="0" detail="" time="0" memory="372" score="10"/><testcase status="7" exitcode="0" detail="" time="0" memory="372" score="10"/><testcase status="7" exitcode="0" detail="" time="0" memory="368" score="10"/><testcase status="7" exitcode="0" detail="" time="0.01" memory="372" score="10"/><testcase status="7" exitcode="0" detail="" time="0" memory="368" score="10"/><testcase status="7" exitcode="0" detail="" time="0" memory="372" score="10"/><testcase status="7" exitcode="0" detail="" time="0" memory="372" score="10"/><testcase status="7" exitcode="0" detail="" time="0.01" memory="368" score="10"/><testcase status="7" exitcode="0" detail="" time="0.04" memory="372" score="10"/><testcase status="7" exitcode="0" detail="" time="0.17" memory="368" score="10"/></problem><problem title="&#x5403;&#x6843;&#x5B50;" filename="peach.cpp" status="1" hash="2140108450" detail=""><testcase status="7" exitcode="0" detail="" time="0" memory="324" score="10"/><testcase status="7" exitcode="0" detail="" time="0" memory="328" score="10"/><testcase status="7" exitcode="0" detail="" time="0" memory="324" score="10"/><testcase status="7" exitcode="0" detail="" time="0" memory="328" score="10"/><testcase status="7" exitcode="0" detail="" time="0" memory="324" score="10"/><testcase status="7" exitcode="0" detail="" time="0.01" memory="328" score="10"/><testcase status="7" exitcode="0" detail="" time="0.03" memory="328" score="10"/><testcase status="7" exitcode="0" detail="" time="0.03" memory="328" score="10"/><testcase status="7" exitcode="0" detail="" time="0.03" memory="324" score="10"/><testcase status="7" exitcode="0" detail="" time="0.01" memory="324" score="10"/></problem><problem title="&#x5B57;&#x7B26;&#x4E32;&#x8DDD;&#x79BB;" filename="zifu.cpp" status="1" hash="677847196" detail=""><testcase status="7" exitcode="0" detail="" time="0" memory="8348" score="10"/><testcase status="7" exitcode="0" detail="" time="0.01" memory="8348" score="10"/><testcase status="7" exitcode="0" detail="" time="0.01" memory="8356" score="10"/><testcase status="7" exitcode="0" detail="" time="0.03" memory="8352" score="10"/><testcase status="7" exitcode="0" detail="" time="0.06" memory="8352" score="10"/><testcase status="7" exitcode="0" detail="" time="0.18" memory="8352" score="10"/><testcase status="7" exitcode="0" detail="" time="0.18" memory="8352" score="10"/><testcase status="7" exitcode="0" detail="" time="0.31" memory="8352" score="10"/><testcase status="7" exitcode="0" detail="" time="0.45" memory="8352" score="10"/><testcase status="7" exitcode="0" detail="" time="0.54" memory="8352" score="10"/></problem></result></cena>
