<?xml version="1.0"?>
<cena version="0.8.2"><result judgetime="44098.6566685417"><problem title="maths" filename="maths.cpp" status="1" hash="106443713" detail=""><testcase status="7" exitcode="0" detail="" time="0" memory="540" score="10"/><testcase status="7" exitcode="0" detail="" time="0" memory="540" score="10"/><testcase status="7" exitcode="0" detail="" time="0" memory="540" score="10"/><testcase status="3" exitcode="1" detail="" time="1.0296066" memory="540" score="0"/><testcase status="3" exitcode="1" detail="" time="1.0140065" memory="540" score="0"/><testcase status="3" exitcode="1" detail="" time="1.0140065" memory="540" score="0"/><testcase status="3" exitcode="1" detail="" time="1.0140065" memory="540" score="0"/><testcase status="3" exitcode="1" detail="" time="1.0452067" memory="540" score="0"/><testcase status="3" exitcode="1" detail="" time="1.092007" memory="540" score="0"/><testcase status="3" exitcode="1" detail="" time="1.0140065" memory="540" score="0"/></problem><problem title="close" filename="close.cpp" status="1" hash="3709623200" detail=""><testcase status="8" exitcode="0" detail="&#x5728;&#x7B2C; 3 &#x884C;:&#13;&#10;----&#x9009;&#x624B;&#x8F93;&#x51FA;&#x7684;&#x7B2C; 1 &#x5217;----&#13;&#10;&gt;101506&#13;&#10;----&#x6807;&#x51C6;&#x8F93;&#x51FA;&#x7684;&#x7B2C; 1 &#x5217;----&#13;&#10;&gt;55667" time="0" memory="444" score="0"/><testcase status="8" exitcode="0" detail="&#x5728;&#x7B2C; 2 &#x884C;:&#13;&#10;----&#x9009;&#x624B;&#x8F93;&#x51FA;&#x7684;&#x7B2C; 1 &#x5217;----&#13;&#10;&gt;17377&#13;&#10;----&#x6807;&#x51C6;&#x8F93;&#x51FA;&#x7684;&#x7B2C; 1 &#x5217;----&#13;&#10;&gt;2882" time="0" memory="444" score="0"/><testcase status="7" exitcode="0" detail="" time="0" memory="444" score="10"/><testcase status="8" exitcode="0" detail="&#x5728;&#x7B2C; 1 &#x884C;:&#13;&#10;----&#x9009;&#x624B;&#x8F93;&#x51FA;&#x7684;&#x7B2C; 1 &#x5217;----&#13;&#10;&gt;142411...&#13;&#10;----&#x6807;&#x51C6;&#x8F93;&#x51FA;&#x7684;&#x7B2C; 1 &#x5217;----&#13;&#10;&gt;717965..." time="0" memory="444" score="0"/><testcase status="7" exitcode="0" detail="" time="0" memory="444" score="10"/><testcase status="8" exitcode="0" detail="&#x5728;&#x7B2C; 2 &#x884C;:&#13;&#10;----&#x9009;&#x624B;&#x8F93;&#x51FA;&#x7684;&#x7B2C; 1 &#x5217;----&#13;&#10;&gt;800854...&#13;&#10;----&#x6807;&#x51C6;&#x8F93;&#x51FA;&#x7684;&#x7B2C; 1 &#x5217;----&#13;&#10;&gt;188949..." time="0" memory="444" score="0"/><testcase status="8" exitcode="0" detail="&#x5728;&#x7B2C; 4 &#x884C;:&#13;&#10;----&#x9009;&#x624B;&#x8F93;&#x51FA;&#x7684;&#x7B2C; 1 &#x5217;----&#13;&#10;&gt;313822...&#13;&#10;----&#x6807;&#x51C6;&#x8F93;&#x51FA;&#x7684;&#x7B2C; 1 &#x5217;----&#13;&#10;&gt;220654..." time="0" memory="444" score="0"/><testcase status="8" exitcode="0" detail="&#x5728;&#x7B2C; 8 &#x884C;:&#13;&#10;----&#x9009;&#x624B;&#x8F93;&#x51FA;&#x7684;&#x7B2C; 1 &#x5217;----&#13;&#10;&gt;281052...&#13;&#10;----&#x6807;&#x51C6;&#x8F93;&#x51FA;&#x7684;&#x7B2C; 1 &#x5217;----&#13;&#10;&gt;163001..." time="0" memory="444" score="0"/><testcase status="8" exitcode="0" detail="&#x5728;&#x7B2C; 3 &#x884C;:&#13;&#10;----&#x9009;&#x624B;&#x8F93;&#x51FA;&#x7684;&#x7B2C; 1 &#x5217;----&#13;&#10;&gt;549480...&#13;&#10;----&#x6807;&#x51C6;&#x8F93;&#x51FA;&#x7684;&#x7B2C; 1 &#x5217;----&#13;&#10;&gt;141108..." time="0" memory="448" score="0"/><testcase status="8" exitcode="0" detail="&#x5728;&#x7B2C; 3 &#x884C;:&#13;&#10;----&#x9009;&#x624B;&#x8F93;&#x51FA;&#x7684;&#x7B2C; 1 &#x5217;----&#13;&#10;&gt;634507...&#13;&#10;----&#x6807;&#x51C6;&#x8F93;&#x51FA;&#x7684;&#x7B2C; 1 &#x5217;----&#13;&#10;&gt;215643..." time="0" memory="444" score="0"/></problem><problem title="dna" filename="dna.cpp" status="1" hash="3653803232" detail=""><testcase status="4" exitcode="0" detail="" time="0.07" memory="157000" score="0"/><testcase status="4" exitcode="0" detail="" time="0.09" memory="157000" score="0"/><testcase status="4" exitcode="0" detail="" time="0.1" memory="157000" score="0"/><testcase status="4" exitcode="1" detail="" time="0" memory="156836" score="0"/><testcase status="4" exitcode="3221225477" detail="" time="0.07" memory="156996" score="0"/><testcase status="4" exitcode="3221225477" detail="" time="0.1" memory="156996" score="0"/><testcase status="4" exitcode="1" detail="" time="0" memory="156852" score="0"/><testcase status="4" exitcode="3221225477" detail="" time="0.06" memory="156996" score="0"/><testcase status="4" exitcode="3221225477" detail="" time="0.1" memory="156996" score="0"/><testcase status="4" exitcode="3221225477" detail="" time="0.09" memory="156996" score="0"/></problem><problem title="game" filename="" status="14" hash="0" detail=""><testcase status="14" exitcode="0" detail="" time="0" memory="0" score="0"/><testcase status="14" exitcode="0" detail="" time="0" memory="0" score="0"/><testcase status="14" exitcode="0" detail="" time="0" memory="0" score="0"/><testcase status="14" exitcode="0" detail="" time="0" memory="0" score="0"/><testcase status="14" exitcode="0" detail="" time="0" memory="0" score="0"/><testcase status="14" exitcode="0" detail="" time="0" memory="0" score="0"/><testcase status="14" exitcode="0" detail="" time="0" memory="0" score="0"/><testcase status="14" exitcode="0" detail="" time="0" memory="0" score="0"/><testcase status="14" exitcode="0" detail="" time="0" memory="0" score="0"/><testcase status="14" exitcode="0" detail="" time="0" memory="0" score="0"/></problem></result></cena>
