<?xml version="1.0"?>
<cena version="0.8.2"><result judgetime="44088.660484456"><problem title="&#x5B57;&#x7B26;&#x6392;&#x5E8F;" filename="sstr.cpp" status="1" hash="1867518209" detail=""><testcase status="7" exitcode="0" detail="" time="0" memory="276" score="10"/><testcase status="7" exitcode="0" detail="" time="0" memory="284" score="10"/><testcase status="7" exitcode="0" detail="" time="0" memory="276" score="10"/><testcase status="7" exitcode="0" detail="" time="0" memory="284" score="10"/><testcase status="7" exitcode="0" detail="" time="0" memory="276" score="10"/><testcase status="7" exitcode="0" detail="" time="0" memory="280" score="10"/><testcase status="7" exitcode="0" detail="" time="0" memory="280" score="10"/><testcase status="7" exitcode="0" detail="" time="0" memory="280" score="10"/><testcase status="7" exitcode="0" detail="" time="0" memory="280" score="10"/><testcase status="7" exitcode="0" detail="" time="0" memory="280" score="10"/></problem><problem title="&#x7279;&#x6B8A;&#x6392;&#x5E8F;" filename="ssort.cpp" status="1" hash="3734595425" detail=""><testcase status="7" exitcode="0" detail="" time="0" memory="284" score="10"/><testcase status="7" exitcode="0" detail="" time="0" memory="284" score="10"/><testcase status="7" exitcode="0" detail="" time="0" memory="284" score="10"/><testcase status="7" exitcode="0" detail="" time="0.01" memory="284" score="10"/><testcase status="7" exitcode="0" detail="" time="0" memory="284" score="10"/><testcase status="7" exitcode="0" detail="" time="0.01" memory="280" score="10"/><testcase status="7" exitcode="0" detail="" time="0" memory="280" score="10"/><testcase status="7" exitcode="0" detail="" time="0.01" memory="280" score="10"/><testcase status="7" exitcode="0" detail="" time="0.01" memory="284" score="10"/><testcase status="7" exitcode="0" detail="" time="0" memory="284" score="10"/></problem><problem title="EXCEL&#x6392;&#x5E8F;" filename="excel.cpp" status="1" hash="1639125509" detail=""><testcase status="7" exitcode="0" detail="" time="0" memory="5564" score="10"/><testcase status="7" exitcode="0" detail="" time="0.01" memory="5568" score="10"/><testcase status="7" exitcode="0" detail="" time="0" memory="5564" score="10"/><testcase status="7" exitcode="0" detail="" time="0.01" memory="5564" score="10"/><testcase status="3" exitcode="1" detail="" time="1.0296066" memory="5564" score="0"/><testcase status="7" exitcode="0" detail="" time="0" memory="5564" score="10"/><testcase status="7" exitcode="0" detail="" time="0.09" memory="5564" score="10"/><testcase status="7" exitcode="0" detail="" time="0" memory="5564" score="10"/><testcase status="7" exitcode="0" detail="" time="0.01" memory="5564" score="10"/><testcase status="3" exitcode="1" detail="" time="1.0296066" memory="5564" score="0"/></problem><problem title="&#x6251;&#x514B;&#x6392;&#x5E8F;" filename="card.cpp" status="16" hash="382924184" detail="ESYXRGQH.cpp: In function 'int main()':&#10;ESYXRGQH.cpp:24:3: error: 'c' was not declared in this scope&#10;   c=1;&#10;   ^&#10;ESYXRGQH.cpp:28:36: error: 'num' was not declared in this scope&#10;    input[i].num2=input[i].num2*10+(num[2]^'0');&#10;                                    ^~~&#10;ESYXRGQH.cpp:28:36: note: suggested alternative: 'enum'&#10;    input[i].num2=input[i].num2*10+(num[2]^'0');&#10;                                    ^~~&#10;                                    enum&#10;"><testcase status="16" exitcode="1" detail="" time="0" memory="0" score="0"/><testcase status="16" exitcode="1" detail="" time="0" memory="0" score="0"/><testcase status="16" exitcode="1" detail="" time="0" memory="0" score="0"/><testcase status="16" exitcode="1" detail="" time="0" memory="0" score="0"/><testcase status="16" exitcode="1" detail="" time="0" memory="0" score="0"/><testcase status="16" exitcode="1" detail="" time="0" memory="0" score="0"/><testcase status="16" exitcode="1" detail="" time="0" memory="0" score="0"/><testcase status="16" exitcode="1" detail="" time="0" memory="0" score="0"/><testcase status="16" exitcode="1" detail="" time="0" memory="0" score="0"/><testcase status="16" exitcode="1" detail="" time="0" memory="0" score="0"/></problem></result></cena>
