<?xml version="1.0"?>
<cena version="0.8.2"><result judgetime="44106.640048125"><problem title="square" filename="square.cpp" status="1" hash="1114668744" detail=""><testcase status="7" exitcode="0" detail="" time="0" memory="692" score="10"/><testcase status="7" exitcode="0" detail="" time="0" memory="628" score="10"/><testcase status="7" exitcode="0" detail="" time="0.01" memory="628" score="10"/><testcase status="7" exitcode="0" detail="" time="0.01" memory="624" score="10"/><testcase status="7" exitcode="0" detail="" time="0" memory="624" score="10"/><testcase status="7" exitcode="0" detail="" time="0" memory="632" score="10"/><testcase status="7" exitcode="0" detail="" time="0" memory="624" score="10"/><testcase status="7" exitcode="0" detail="" time="0" memory="628" score="10"/><testcase status="7" exitcode="0" detail="" time="0" memory="624" score="10"/><testcase status="7" exitcode="0" detail="" time="0" memory="628" score="10"/></problem><problem title="pairs" filename="pairs.cpp" status="1" hash="850022349" detail=""><testcase status="7" exitcode="0" detail="" time="0" memory="688" score="10"/><testcase status="7" exitcode="0" detail="" time="0" memory="628" score="10"/><testcase status="7" exitcode="0" detail="" time="0" memory="624" score="10"/><testcase status="7" exitcode="0" detail="" time="0" memory="632" score="10"/><testcase status="7" exitcode="0" detail="" time="0" memory="632" score="10"/><testcase status="7" exitcode="0" detail="" time="0" memory="624" score="10"/><testcase status="7" exitcode="0" detail="" time="0" memory="624" score="10"/><testcase status="7" exitcode="0" detail="" time="0" memory="628" score="10"/><testcase status="7" exitcode="0" detail="" time="0" memory="628" score="10"/><testcase status="7" exitcode="0" detail="" time="0" memory="628" score="10"/></problem><problem title="qbin" filename="qbin.cpp" status="1" hash="3956685623" detail=""><testcase status="7" exitcode="0" detail="" time="0" memory="688" score="10"/><testcase status="7" exitcode="0" detail="" time="0" memory="628" score="10"/><testcase status="7" exitcode="0" detail="" time="0" memory="628" score="10"/><testcase status="7" exitcode="0" detail="" time="0" memory="628" score="10"/><testcase status="7" exitcode="0" detail="" time="0" memory="624" score="10"/><testcase status="7" exitcode="0" detail="" time="0.01" memory="624" score="10"/><testcase status="7" exitcode="0" detail="" time="0" memory="628" score="10"/><testcase status="7" exitcode="0" detail="" time="0" memory="624" score="10"/><testcase status="7" exitcode="0" detail="" time="0" memory="628" score="10"/><testcase status="7" exitcode="0" detail="" time="0" memory="628" score="10"/></problem><problem title="statistic" filename="statistic.cpp" status="1" hash="1718953790" detail=""><testcase status="7" exitcode="0" detail="" time="0" memory="12428" score="10"/><testcase status="7" exitcode="0" detail="" time="0" memory="12364" score="10"/><testcase status="7" exitcode="0" detail="" time="0.01" memory="12364" score="10"/><testcase status="7" exitcode="0" detail="" time="0.28" memory="12364" score="10"/><testcase status="7" exitcode="0" detail="" time="0.28" memory="12364" score="10"/><testcase status="7" exitcode="0" detail="" time="0.29" memory="12364" score="10"/><testcase status="7" exitcode="0" detail="" time="1.14" memory="12368" score="10"/><testcase status="7" exitcode="0" detail="" time="1.14" memory="12368" score="10"/><testcase status="7" exitcode="0" detail="" time="1.15" memory="12368" score="10"/><testcase status="7" exitcode="0" detail="" time="1.14" memory="12368" score="10"/></problem><problem title="cut" filename="cut.cpp" status="1" hash="2565309001" detail=""><testcase status="8" exitcode="0" detail="&#x5728;&#x7B2C; 1 &#x884C;:&#13;&#10;----&#x9009;&#x624B;&#x8F93;&#x51FA;&#x7684;&#x7B2C; 1 &#x5217;----&#13;&#10;&gt;None&#13;&#10;----&#x6807;&#x51C6;&#x8F93;&#x51FA;&#x7684;&#x7B2C; 1 &#x5217;----&#13;&#10;&gt;426 " time="0" memory="688" score="0"/><testcase status="8" exitcode="0" detail="&#x5728;&#x7B2C; 1 &#x884C;:&#13;&#10;----&#x9009;&#x624B;&#x8F93;&#x51FA;&#x7684;&#x7B2C; 1 &#x5217;----&#13;&#10;&gt;None&#13;&#10;----&#x6807;&#x51C6;&#x8F93;&#x51FA;&#x7684;&#x7B2C; 1 &#x5217;----&#13;&#10;&gt;587 " time="0" memory="624" score="0"/><testcase status="8" exitcode="0" detail="&#x5728;&#x7B2C; 1 &#x884C;:&#13;&#10;----&#x9009;&#x624B;&#x8F93;&#x51FA;&#x7684;&#x7B2C; 1 &#x5217;----&#13;&#10;&gt;None&#13;&#10;----&#x6807;&#x51C6;&#x8F93;&#x51FA;&#x7684;&#x7B2C; 1 &#x5217;----&#13;&#10;&gt;67 " time="0" memory="628" score="0"/><testcase status="8" exitcode="0" detail="&#x5728;&#x7B2C; 1 &#x884C;:&#13;&#10;----&#x9009;&#x624B;&#x8F93;&#x51FA;&#x7684;&#x7B2C; 1 &#x5217;----&#13;&#10;&gt;None&#13;&#10;----&#x6807;&#x51C6;&#x8F93;&#x51FA;&#x7684;&#x7B2C; 1 &#x5217;----&#13;&#10;&gt;1709 " time="0.01" memory="628" score="0"/><testcase status="8" exitcode="0" detail="&#x5728;&#x7B2C; 1 &#x884C;:&#13;&#10;----&#x9009;&#x624B;&#x8F93;&#x51FA;&#x7684;&#x7B2C; 1 &#x5217;----&#13;&#10;&gt;None&#13;&#10;----&#x6807;&#x51C6;&#x8F93;&#x51FA;&#x7684;&#x7B2C; 1 &#x5217;----&#13;&#10;&gt;8800 " time="0" memory="624" score="0"/><testcase status="8" exitcode="0" detail="&#x5728;&#x7B2C; 1 &#x884C;:&#13;&#10;----&#x9009;&#x624B;&#x8F93;&#x51FA;&#x7684;&#x7B2C; 1 &#x5217;----&#13;&#10;&gt;None&#13;&#10;----&#x6807;&#x51C6;&#x8F93;&#x51FA;&#x7684;&#x7B2C; 1 &#x5217;----&#13;&#10;&gt;5357 " time="0" memory="628" score="0"/><testcase status="8" exitcode="0" detail="&#x5728;&#x7B2C; 1 &#x884C;:&#13;&#10;----&#x9009;&#x624B;&#x8F93;&#x51FA;&#x7684;&#x7B2C; 1 &#x5217;----&#13;&#10;&gt;None&#13;&#10;----&#x6807;&#x51C6;&#x8F93;&#x51FA;&#x7684;&#x7B2C; 1 &#x5217;----&#13;&#10;&gt;2808 " time="0" memory="628" score="0"/><testcase status="8" exitcode="0" detail="&#x5728;&#x7B2C; 1 &#x884C;:&#13;&#10;----&#x9009;&#x624B;&#x8F93;&#x51FA;&#x7684;&#x7B2C; 1 &#x5217;----&#13;&#10;&gt;None&#13;&#10;----&#x6807;&#x51C6;&#x8F93;&#x51FA;&#x7684;&#x7B2C; 1 &#x5217;----&#13;&#10;&gt;44519 " time="0" memory="628" score="0"/><testcase status="8" exitcode="0" detail="&#x5728;&#x7B2C; 1 &#x884C;:&#13;&#10;----&#x9009;&#x624B;&#x8F93;&#x51FA;&#x7684;&#x7B2C; 1 &#x5217;----&#13;&#10;&gt;None&#13;&#10;----&#x6807;&#x51C6;&#x8F93;&#x51FA;&#x7684;&#x7B2C; 1 &#x5217;----&#13;&#10;&gt;78398 " time="0" memory="628" score="0"/><testcase status="8" exitcode="0" detail="&#x5728;&#x7B2C; 1 &#x884C;:&#13;&#10;----&#x9009;&#x624B;&#x8F93;&#x51FA;&#x7684;&#x7B2C; 1 &#x5217;----&#13;&#10;&gt;None&#13;&#10;----&#x6807;&#x51C6;&#x8F93;&#x51FA;&#x7684;&#x7B2C; 1 &#x5217;----&#13;&#10;&gt;77150 " time="0" memory="628" score="0"/></problem><problem title="diff" filename="diff.cpp" status="1" hash="1074235154" detail=""><testcase status="8" exitcode="0" detail="&#x5728;&#x7B2C; 1 &#x884C;:&#13;&#10;----&#x9009;&#x624B;&#x8F93;&#x51FA;&#x7684;&#x7B2C; 1 &#x5217;----&#13;&#10;&gt;85&#13;&#10;----&#x6807;&#x51C6;&#x8F93;&#x51FA;&#x7684;&#x7B2C; 1 &#x5217;----&#13;&#10;&gt;63" time="0" memory="692" score="0"/><testcase status="8" exitcode="0" detail="&#x5728;&#x7B2C; 2 &#x884C;:&#13;&#10;----&#x9009;&#x624B;&#x8F93;&#x51FA;&#x7684;&#x7B2C; 2 &#x5217;----&#13;&#10;&gt;...7&#13;&#10;----&#x6807;&#x51C6;&#x8F93;&#x51FA;&#x7684;&#x7B2C; 2 &#x5217;----&#13;&#10;&gt;...6" time="0" memory="624" score="0"/><testcase status="8" exitcode="0" detail="&#x5728;&#x7B2C; 1 &#x884C;:&#13;&#10;----&#x9009;&#x624B;&#x8F93;&#x51FA;&#x7684;&#x7B2C; 1 &#x5217;----&#13;&#10;&gt;86&#13;&#10;----&#x6807;&#x51C6;&#x8F93;&#x51FA;&#x7684;&#x7B2C; 1 &#x5217;----&#13;&#10;&gt;71" time="0.01" memory="624" score="0"/><testcase status="8" exitcode="0" detail="&#x5728;&#x7B2C; 1 &#x884C;:&#13;&#10;----&#x9009;&#x624B;&#x8F93;&#x51FA;&#x7684;&#x7B2C; 2 &#x5217;----&#13;&#10;&gt;...5&#13;&#10;----&#x6807;&#x51C6;&#x8F93;&#x51FA;&#x7684;&#x7B2C; 2 &#x5217;----&#13;&#10;&gt;...3" time="0" memory="628" score="0"/><testcase status="8" exitcode="0" detail="&#x5728;&#x7B2C; 1 &#x884C;:&#13;&#10;----&#x9009;&#x624B;&#x8F93;&#x51FA;&#x7684;&#x7B2C; 2 &#x5217;----&#13;&#10;&gt;...6&#13;&#10;----&#x6807;&#x51C6;&#x8F93;&#x51FA;&#x7684;&#x7B2C; 2 &#x5217;----&#13;&#10;&gt;...0" time="0" memory="628" score="0"/><testcase status="8" exitcode="0" detail="&#x5728;&#x7B2C; 1 &#x884C;:&#13;&#10;----&#x9009;&#x624B;&#x8F93;&#x51FA;&#x7684;&#x7B2C; 1 &#x5217;----&#13;&#10;&gt;95&#13;&#10;----&#x6807;&#x51C6;&#x8F93;&#x51FA;&#x7684;&#x7B2C; 1 &#x5217;----&#13;&#10;&gt;70" time="0" memory="628" score="0"/><testcase status="8" exitcode="0" detail="&#x5728;&#x7B2C; 1 &#x884C;:&#13;&#10;----&#x9009;&#x624B;&#x8F93;&#x51FA;&#x7684;&#x7B2C; 1 &#x5217;----&#13;&#10;&gt;96&#13;&#10;----&#x6807;&#x51C6;&#x8F93;&#x51FA;&#x7684;&#x7B2C; 1 &#x5217;----&#13;&#10;&gt;69" time="0" memory="628" score="0"/><testcase status="8" exitcode="0" detail="&#x5728;&#x7B2C; 1 &#x884C;:&#13;&#10;----&#x9009;&#x624B;&#x8F93;&#x51FA;&#x7684;&#x7B2C; 1 &#x5217;----&#13;&#10;&gt;91&#13;&#10;----&#x6807;&#x51C6;&#x8F93;&#x51FA;&#x7684;&#x7B2C; 1 &#x5217;----&#13;&#10;&gt;65" time="0" memory="624" score="0"/><testcase status="8" exitcode="0" detail="&#x5728;&#x7B2C; 1 &#x884C;:&#13;&#10;----&#x9009;&#x624B;&#x8F93;&#x51FA;&#x7684;&#x7B2C; 1 &#x5217;----&#13;&#10;&gt;86&#13;&#10;----&#x6807;&#x51C6;&#x8F93;&#x51FA;&#x7684;&#x7B2C; 1 &#x5217;----&#13;&#10;&gt;68" time="0" memory="628" score="0"/><testcase status="8" exitcode="0" detail="&#x5728;&#x7B2C; 1 &#x884C;:&#13;&#10;----&#x9009;&#x624B;&#x8F93;&#x51FA;&#x7684;&#x7B2C; 1 &#x5217;----&#13;&#10;&gt;92&#13;&#10;----&#x6807;&#x51C6;&#x8F93;&#x51FA;&#x7684;&#x7B2C; 1 &#x5217;----&#13;&#10;&gt;74" time="0" memory="628" score="0"/></problem></result></cena>
