<?xml version="1.0"?>
<cena version="0.8.2"><result judgetime="44088.7220618634"><problem title="correlate" filename="correlate.cpp" status="1" hash="1949341260" detail=""><testcase status="10" exitcode="0" detail="" time="0" memory="472" score="0"/><testcase status="10" exitcode="0" detail="" time="0" memory="476" score="0"/><testcase status="10" exitcode="0" detail="" time="0" memory="472" score="0"/><testcase status="10" exitcode="0" detail="" time="0.01" memory="472" score="0"/><testcase status="10" exitcode="0" detail="" time="0" memory="472" score="0"/><testcase status="10" exitcode="0" detail="" time="0" memory="472" score="0"/><testcase status="10" exitcode="0" detail="" time="0" memory="472" score="0"/><testcase status="10" exitcode="0" detail="" time="0" memory="472" score="0"/><testcase status="10" exitcode="0" detail="" time="0" memory="472" score="0"/><testcase status="10" exitcode="0" detail="" time="0" memory="472" score="0"/></problem><problem title="happy" filename="happy.cpp" status="1" hash="733431105" detail=""><testcase status="7" exitcode="0" detail="" time="0" memory="452" score="10"/><testcase status="7" exitcode="0" detail="" time="0" memory="452" score="10"/><testcase status="3" exitcode="1" detail="" time="1.0140065" memory="452" score="0"/><testcase status="3" exitcode="1" detail="" time="1.0140065" memory="452" score="0"/><testcase status="7" exitcode="0" detail="" time="0.49" memory="456" score="10"/><testcase status="7" exitcode="0" detail="" time="0.01" memory="452" score="10"/><testcase status="3" exitcode="1" detail="" time="1.0140065" memory="452" score="0"/><testcase status="7" exitcode="0" detail="" time="0.04" memory="452" score="10"/><testcase status="3" exitcode="1" detail="" time="1.0140065" memory="452" score="0"/><testcase status="3" exitcode="1" detail="" time="1.0140065" memory="448" score="0"/></problem><problem title="gene" filename="gene.cpp" status="1" hash="2551848253" detail=""><testcase status="6" exitcode="3221225725" detail="" time="0" memory="2472" score="0"/><testcase status="6" exitcode="3221225725" detail="" time="0" memory="2472" score="0"/><testcase status="6" exitcode="3221225725" detail="" time="0" memory="2472" score="0"/><testcase status="6" exitcode="3221225725" detail="" time="0" memory="2472" score="0"/><testcase status="6" exitcode="3221225725" detail="" time="0" memory="2472" score="0"/><testcase status="6" exitcode="3221225725" detail="" time="0" memory="2472" score="0"/><testcase status="6" exitcode="3221225725" detail="" time="0" memory="2472" score="0"/><testcase status="6" exitcode="3221225725" detail="" time="0.01" memory="2472" score="0"/><testcase status="6" exitcode="3221225725" detail="" time="0" memory="2472" score="0"/><testcase status="6" exitcode="3221225725" detail="" time="0.01" memory="2472" score="0"/></problem><problem title="shopping" filename="shopping.cpp" status="1" hash="965611546" detail=""><testcase status="7" exitcode="0" detail="" time="0" memory="476" score="10"/><testcase status="8" exitcode="0" detail="&#x5728;&#x7B2C; 1 &#x884C;:&#13;&#10;----&#x9009;&#x624B;&#x8F93;&#x51FA;&#x7684;&#x7B2C; 2 &#x5217;----&#13;&#10;&gt;...91&#13;&#10;----&#x6807;&#x51C6;&#x8F93;&#x51FA;&#x7684;&#x7B2C; 2 &#x5217;----&#13;&#10;&gt;...10" time="0" memory="476" score="0"/><testcase status="8" exitcode="0" detail="&#x5728;&#x7B2C; 1 &#x884C;:&#13;&#10;----&#x9009;&#x624B;&#x8F93;&#x51FA;&#x7684;&#x7B2C; 1 &#x5217;----&#13;&#10;&gt;799&#13;&#10;----&#x6807;&#x51C6;&#x8F93;&#x51FA;&#x7684;&#x7B2C; 1 &#x5217;----&#13;&#10;&gt;487" time="0" memory="476" score="0"/><testcase status="8" exitcode="0" detail="&#x5728;&#x7B2C; 1 &#x884C;:&#13;&#10;----&#x9009;&#x624B;&#x8F93;&#x51FA;&#x7684;&#x7B2C; 1 &#x5217;----&#13;&#10;&gt;99&#13;&#10;----&#x6807;&#x51C6;&#x8F93;&#x51FA;&#x7684;&#x7B2C; 1 &#x5217;----&#13;&#10;&gt;65" time="0" memory="476" score="0"/><testcase status="8" exitcode="0" detail="&#x5728;&#x7B2C; 1 &#x884C;:&#13;&#10;----&#x9009;&#x624B;&#x8F93;&#x51FA;&#x7684;&#x7B2C; 1 &#x5217;----&#13;&#10;&gt;66172&#13;&#10;----&#x6807;&#x51C6;&#x8F93;&#x51FA;&#x7684;&#x7B2C; 1 &#x5217;----&#13;&#10;&gt;33395" time="0" memory="476" score="0"/><testcase status="8" exitcode="0" detail="&#x5728;&#x7B2C; 1 &#x884C;:&#13;&#10;----&#x9009;&#x624B;&#x8F93;&#x51FA;&#x7684;&#x7B2C; 1 &#x5217;----&#13;&#10;&gt;54383&#13;&#10;----&#x6807;&#x51C6;&#x8F93;&#x51FA;&#x7684;&#x7B2C; 1 &#x5217;----&#13;&#10;&gt;36018" time="0" memory="476" score="0"/><testcase status="8" exitcode="0" detail="&#x5728;&#x7B2C; 1 &#x884C;:&#13;&#10;----&#x9009;&#x624B;&#x8F93;&#x51FA;&#x7684;&#x7B2C; 1 &#x5217;----&#13;&#10;&gt;83961&#13;&#10;----&#x6807;&#x51C6;&#x8F93;&#x51FA;&#x7684;&#x7B2C; 1 &#x5217;----&#13;&#10;&gt;72882" time="0" memory="476" score="0"/></problem></result></cena>
