<?xml version="1.0"?>
<cena version="0.8.2"><result judgetime="44116.6579194329"><problem title="&#x5C0F;&#x660E;&#x5206;&#x7CD6;" filename="xiaoming.cpp" status="1" hash="2721964972" detail=""><testcase status="7" exitcode="0" detail="" time="0" memory="320" score="10"/><testcase status="7" exitcode="0" detail="" time="0" memory="320" score="10"/><testcase status="7" exitcode="0" detail="" time="0" memory="324" score="10"/><testcase status="7" exitcode="0" detail="" time="0" memory="324" score="10"/><testcase status="7" exitcode="0" detail="" time="0" memory="328" score="10"/><testcase status="7" exitcode="0" detail="" time="0" memory="324" score="10"/><testcase status="7" exitcode="0" detail="" time="0" memory="328" score="10"/><testcase status="7" exitcode="0" detail="" time="0" memory="324" score="10"/><testcase status="7" exitcode="0" detail="" time="0" memory="324" score="10"/><testcase status="7" exitcode="0" detail="" time="0" memory="320" score="10"/></problem><problem title="&#x6700;&#x5927;&#x5B50;&#x77E9;&#x9635;" filename="matrix.cpp" status="1" hash="2540456761" detail=""><testcase status="7" exitcode="0" detail="" time="0" memory="368" score="10"/><testcase status="7" exitcode="0" detail="" time="0" memory="372" score="10"/><testcase status="7" exitcode="0" detail="" time="0" memory="372" score="10"/><testcase status="7" exitcode="0" detail="" time="0" memory="372" score="10"/><testcase status="7" exitcode="0" detail="" time="0" memory="368" score="10"/><testcase status="7" exitcode="0" detail="" time="0" memory="376" score="10"/><testcase status="7" exitcode="0" detail="" time="0.01" memory="372" score="10"/><testcase status="7" exitcode="0" detail="" time="0.01" memory="372" score="10"/><testcase status="7" exitcode="0" detail="" time="0.04" memory="368" score="10"/><testcase status="7" exitcode="0" detail="" time="0.17" memory="368" score="10"/></problem><problem title="&#x5403;&#x6843;&#x5B50;" filename="peach.cpp" status="1" hash="2658871387" detail=""><testcase status="7" exitcode="0" detail="" time="0" memory="376" score="10"/><testcase status="7" exitcode="0" detail="" time="0" memory="368" score="10"/><testcase status="7" exitcode="0" detail="" time="0" memory="372" score="10"/><testcase status="7" exitcode="0" detail="" time="0" memory="372" score="10"/><testcase status="7" exitcode="0" detail="" time="0.06" memory="368" score="10"/><testcase status="7" exitcode="0" detail="" time="0.1" memory="372" score="10"/><testcase status="7" exitcode="0" detail="" time="0.17" memory="372" score="10"/><testcase status="7" exitcode="0" detail="" time="0.17" memory="372" score="10"/><testcase status="7" exitcode="0" detail="" time="0.1" memory="372" score="10"/><testcase status="7" exitcode="0" detail="" time="0.1" memory="368" score="10"/></problem><problem title="&#x5B57;&#x7B26;&#x4E32;&#x8DDD;&#x79BB;" filename="zifu.cpp" status="1" hash="2669614014" detail=""><testcase status="7" exitcode="0" detail="" time="0" memory="4444" score="10"/><testcase status="7" exitcode="0" detail="" time="0" memory="4444" score="10"/><testcase status="7" exitcode="0" detail="" time="0" memory="4440" score="10"/><testcase status="7" exitcode="0" detail="" time="0" memory="4444" score="10"/><testcase status="7" exitcode="0" detail="" time="0.03" memory="4444" score="10"/><testcase status="7" exitcode="0" detail="" time="0.09" memory="4444" score="10"/><testcase status="7" exitcode="0" detail="" time="0.09" memory="4444" score="10"/><testcase status="7" exitcode="0" detail="" time="0.17" memory="4444" score="10"/><testcase status="7" exitcode="0" detail="" time="0.21" memory="4444" score="10"/><testcase status="7" exitcode="0" detail="" time="0.28" memory="4444" score="10"/></problem></result></cena>
