<?xml version="1.0"?>
<cena version="0.8.2"><result judgetime="44106.4305331366"><problem title="square" filename="square.cpp" status="1" hash="3639121585" detail=""><testcase status="7" exitcode="0" detail="" time="0.01" memory="252" score="10"/><testcase status="7" exitcode="0" detail="" time="0.01" memory="252" score="10"/><testcase status="7" exitcode="0" detail="" time="0.01" memory="248" score="10"/><testcase status="7" exitcode="0" detail="" time="0.01" memory="252" score="10"/><testcase status="7" exitcode="0" detail="" time="0.01" memory="248" score="10"/><testcase status="7" exitcode="0" detail="" time="0.01" memory="248" score="10"/><testcase status="7" exitcode="0" detail="" time="0.01" memory="252" score="10"/><testcase status="7" exitcode="0" detail="" time="0.01" memory="252" score="10"/><testcase status="7" exitcode="0" detail="" time="0" memory="252" score="10"/><testcase status="7" exitcode="0" detail="" time="0.01" memory="248" score="10"/></problem><problem title="pairs" filename="pairs.cpp" status="1" hash="4100266430" detail=""><testcase status="7" exitcode="0" detail="" time="0" memory="252" score="10"/><testcase status="7" exitcode="0" detail="" time="0" memory="248" score="10"/><testcase status="7" exitcode="0" detail="" time="0" memory="252" score="10"/><testcase status="7" exitcode="0" detail="" time="0" memory="252" score="10"/><testcase status="7" exitcode="0" detail="" time="0" memory="248" score="10"/><testcase status="7" exitcode="0" detail="" time="0" memory="248" score="10"/><testcase status="7" exitcode="0" detail="" time="0" memory="252" score="10"/><testcase status="7" exitcode="0" detail="" time="0" memory="252" score="10"/><testcase status="7" exitcode="0" detail="" time="0" memory="248" score="10"/><testcase status="7" exitcode="0" detail="" time="0" memory="252" score="10"/></problem><problem title="qbin" filename="qbin.cpp" status="1" hash="2719530359" detail=""><testcase status="7" exitcode="0" detail="" time="0" memory="252" score="10"/><testcase status="7" exitcode="0" detail="" time="0" memory="252" score="10"/><testcase status="7" exitcode="0" detail="" time="0" memory="248" score="10"/><testcase status="7" exitcode="0" detail="" time="0" memory="252" score="10"/><testcase status="7" exitcode="0" detail="" time="0" memory="248" score="10"/><testcase status="7" exitcode="0" detail="" time="0" memory="252" score="10"/><testcase status="7" exitcode="0" detail="" time="0" memory="248" score="10"/><testcase status="7" exitcode="0" detail="" time="0" memory="248" score="10"/><testcase status="7" exitcode="0" detail="" time="0" memory="252" score="10"/><testcase status="7" exitcode="0" detail="" time="0" memory="248" score="10"/></problem><problem title="statistic" filename="statistic.cpp" status="1" hash="3737612952" detail=""><testcase status="7" exitcode="0" detail="" time="0" memory="11972" score="10"/><testcase status="7" exitcode="0" detail="" time="0" memory="11980" score="10"/><testcase status="7" exitcode="0" detail="" time="0" memory="11972" score="10"/><testcase status="7" exitcode="0" detail="" time="0.06" memory="11976" score="10"/><testcase status="7" exitcode="0" detail="" time="0.06" memory="11976" score="10"/><testcase status="7" exitcode="0" detail="" time="0.06" memory="11972" score="10"/><testcase status="7" exitcode="0" detail="" time="0.28" memory="11980" score="10"/><testcase status="7" exitcode="0" detail="" time="0.24" memory="11980" score="10"/><testcase status="7" exitcode="0" detail="" time="0.26" memory="11980" score="10"/><testcase status="7" exitcode="0" detail="" time="0.23" memory="11976" score="10"/></problem><problem title="cut" filename="cut.cpp" status="1" hash="773623650" detail=""><testcase status="7" exitcode="0" detail="" time="0" memory="3088" score="10"/><testcase status="7" exitcode="0" detail="" time="0" memory="3088" score="10"/><testcase status="7" exitcode="0" detail="" time="0" memory="3092" score="10"/><testcase status="7" exitcode="0" detail="" time="0.01" memory="3092" score="10"/><testcase status="7" exitcode="0" detail="" time="0.03" memory="3088" score="10"/><testcase status="7" exitcode="0" detail="" time="0.03" memory="3088" score="10"/><testcase status="7" exitcode="0" detail="" time="0.01" memory="3088" score="10"/><testcase status="7" exitcode="0" detail="" time="0.17" memory="3104" score="10"/><testcase status="7" exitcode="0" detail="" time="0.17" memory="3100" score="10"/><testcase status="7" exitcode="0" detail="" time="0.29" memory="3100" score="10"/></problem><problem title="diff" filename="diff.cpp" status="1" hash="1653652197" detail=""><testcase status="7" exitcode="0" detail="" time="0.07" memory="72000" score="10"/><testcase status="7" exitcode="0" detail="" time="0.07" memory="72000" score="10"/><testcase status="7" exitcode="0" detail="" time="0.07" memory="72000" score="10"/><testcase status="7" exitcode="0" detail="" time="0.29" memory="71996" score="10"/><testcase status="7" exitcode="0" detail="" time="0.23" memory="71996" score="10"/><testcase status="7" exitcode="0" detail="" time="0.24" memory="72004" score="10"/><testcase status="7" exitcode="0" detail="" time="0.28" memory="72000" score="10"/><testcase status="7" exitcode="0" detail="" time="0.24" memory="72000" score="10"/><testcase status="7" exitcode="0" detail="" time="0.24" memory="71996" score="10"/><testcase status="7" exitcode="0" detail="" time="0.29" memory="71996" score="10"/></problem></result></cena>
