<?xml version="1.0"?>
<cena version="0.8.2"><result judgetime="44095.7368156481"><problem title="notepad" filename="notepad.cpp" status="1" hash="1063599424" detail=""><testcase status="6" exitcode="3221225477" detail="" time="0.01" memory="2784" score="0"/><testcase status="6" exitcode="3221225477" detail="" time="0.01" memory="2784" score="0"/><testcase status="6" exitcode="3221225477" detail="" time="0.01" memory="2784" score="0"/><testcase status="6" exitcode="3221225477" detail="" time="0.01" memory="2784" score="0"/><testcase status="6" exitcode="3221225477" detail="" time="0.01" memory="2788" score="0"/><testcase status="6" exitcode="3221225477" detail="" time="0.01" memory="2784" score="0"/><testcase status="6" exitcode="3221225477" detail="" time="0.01" memory="2784" score="0"/><testcase status="6" exitcode="3221225477" detail="" time="0.01" memory="2784" score="0"/><testcase status="6" exitcode="3221225477" detail="" time="0.01" memory="2784" score="0"/><testcase status="6" exitcode="3221225477" detail="" time="0.01" memory="2784" score="0"/><testcase status="6" exitcode="3221225477" detail="" time="0.01" memory="2784" score="0"/><testcase status="6" exitcode="3221225477" detail="" time="0.01" memory="2784" score="0"/><testcase status="6" exitcode="3221225477" detail="" time="0.01" memory="2788" score="0"/><testcase status="6" exitcode="3221225477" detail="" time="0.01" memory="2784" score="0"/><testcase status="6" exitcode="3221225477" detail="" time="0.01" memory="2788" score="0"/></problem><problem title="window" filename="window.cpp" status="1" hash="2203620763" detail=""><testcase status="7" exitcode="0" detail="" time="0" memory="12184" score="10"/><testcase status="7" exitcode="0" detail="" time="0" memory="12184" score="10"/><testcase status="3" exitcode="1" detail="" time="1.0140065" memory="12172" score="0"/><testcase status="7" exitcode="0" detail="" time="0.37" memory="12184" score="10"/><testcase status="3" exitcode="1" detail="" time="1.0140065" memory="12176" score="0"/><testcase status="3" exitcode="1" detail="" time="1.2012077" memory="12172" score="0"/><testcase status="3" exitcode="1" detail="" time="1.0140065" memory="12176" score="0"/><testcase status="3" exitcode="1" detail="" time="1.0140065" memory="12180" score="0"/><testcase status="3" exitcode="1" detail="" time="1.0140065" memory="12176" score="0"/><testcase status="3" exitcode="1" detail="" time="1.0140065" memory="12176" score="0"/></problem><problem title="apples" filename="" status="14" hash="0" detail=""><testcase status="14" exitcode="0" detail="" time="0" memory="0" score="0"/><testcase status="14" exitcode="0" detail="" time="0" memory="0" score="0"/><testcase status="14" exitcode="0" detail="" time="0" memory="0" score="0"/><testcase status="14" exitcode="0" detail="" time="0" memory="0" score="0"/><testcase status="14" exitcode="0" detail="" time="0" memory="0" score="0"/><testcase status="14" exitcode="0" detail="" time="0" memory="0" score="0"/><testcase status="14" exitcode="0" detail="" time="0" memory="0" score="0"/><testcase status="14" exitcode="0" detail="" time="0" memory="0" score="0"/></problem><problem title="zipper" filename="" status="14" hash="0" detail=""><testcase status="14" exitcode="0" detail="" time="0" memory="0" score="0"/><testcase status="14" exitcode="0" detail="" time="0" memory="0" score="0"/><testcase status="14" exitcode="0" detail="" time="0" memory="0" score="0"/><testcase status="14" exitcode="0" detail="" time="0" memory="0" score="0"/><testcase status="14" exitcode="0" detail="" time="0" memory="0" score="0"/><testcase status="14" exitcode="0" detail="" time="0" memory="0" score="0"/><testcase status="14" exitcode="0" detail="" time="0" memory="0" score="0"/><testcase status="14" exitcode="0" detail="" time="0" memory="0" score="0"/><testcase status="14" exitcode="0" detail="" time="0" memory="0" score="0"/><testcase status="14" exitcode="0" detail="" time="0" memory="0" score="0"/></problem></result></cena>
