<?xml version="1.0"?>
<cena version="0.8.1"><result judgetime="44123.6791884607"><problem title="&#x6C42;&#x6700;&#x957F;&#x516C;&#x5171;&#x5B50;&#x5E8F;&#x5217;LCS" filename="public.cpp" status="1" hash="1275559441" detail=""><testcase status="7" exitcode="0" detail="" time="0" memory="500" score="10"/><testcase status="7" exitcode="0" detail="" time="0" memory="500" score="10"/><testcase status="7" exitcode="0" detail="" time="0" memory="504" score="10"/><testcase status="7" exitcode="0" detail="" time="0.01" memory="492" score="10"/><testcase status="7" exitcode="0" detail="" time="0.01" memory="496" score="10"/><testcase status="7" exitcode="0" detail="" time="0.01" memory="496" score="10"/><testcase status="7" exitcode="0" detail="" time="0.01" memory="496" score="10"/><testcase status="7" exitcode="0" detail="" time="0.01" memory="496" score="10"/><testcase status="7" exitcode="0" detail="" time="0.01" memory="500" score="10"/><testcase status="7" exitcode="0" detail="" time="0.01" memory="500" score="10"/></problem><problem title="&#x6700;&#x957F;&#x4E0A;&#x5347;&#x5B50;&#x5E8F;&#x5217;" filename="longrise.cpp" status="1" hash="1866872892" detail=""><testcase status="7" exitcode="0" detail="" time="0" memory="480" score="10"/><testcase status="7" exitcode="0" detail="" time="0.01" memory="472" score="10"/><testcase status="7" exitcode="0" detail="" time="0" memory="480" score="10"/><testcase status="7" exitcode="0" detail="" time="0" memory="472" score="10"/><testcase status="7" exitcode="0" detail="" time="0" memory="476" score="10"/><testcase status="7" exitcode="0" detail="" time="0" memory="484" score="10"/><testcase status="7" exitcode="0" detail="" time="0" memory="480" score="10"/><testcase status="7" exitcode="0" detail="" time="0" memory="480" score="10"/><testcase status="7" exitcode="0" detail="" time="0" memory="480" score="10"/><testcase status="7" exitcode="0" detail="" time="0" memory="476" score="10"/></problem><problem title="&#x548C;&#x6700;&#x5927;&#x5B50;&#x5E8F;&#x5217;" filename="mlong.cpp" status="1" hash="3434008208" detail=""><testcase status="7" exitcode="0" detail="" time="0" memory="476" score="10"/><testcase status="7" exitcode="0" detail="" time="0" memory="472" score="10"/><testcase status="7" exitcode="0" detail="" time="0" memory="472" score="10"/><testcase status="7" exitcode="0" detail="" time="0" memory="476" score="10"/><testcase status="7" exitcode="0" detail="" time="0" memory="476" score="10"/><testcase status="7" exitcode="0" detail="" time="0" memory="476" score="10"/><testcase status="7" exitcode="0" detail="" time="0" memory="476" score="10"/><testcase status="7" exitcode="0" detail="" time="0" memory="476" score="10"/><testcase status="7" exitcode="0" detail="" time="0" memory="476" score="10"/><testcase status="7" exitcode="0" detail="" time="0" memory="472" score="10"/></problem><problem title="01&#x80CC;&#x5305;" filename="bag.cpp" status="1" hash="184757317" detail=""><testcase status="7" exitcode="0" detail="" time="0" memory="4496" score="10"/><testcase status="7" exitcode="0" detail="" time="0.01" memory="4500" score="10"/><testcase status="7" exitcode="0" detail="" time="0" memory="4492" score="10"/><testcase status="7" exitcode="0" detail="" time="0" memory="4500" score="10"/><testcase status="7" exitcode="0" detail="" time="0.01" memory="4496" score="10"/><testcase status="7" exitcode="0" detail="" time="0" memory="4496" score="10"/><testcase status="7" exitcode="0" detail="" time="0" memory="4492" score="10"/><testcase status="7" exitcode="0" detail="" time="0.01" memory="4496" score="10"/><testcase status="7" exitcode="0" detail="" time="0" memory="4496" score="10"/><testcase status="7" exitcode="0" detail="" time="0" memory="4496" score="10"/></problem><problem title="&#x6446;&#x52A8;&#x5E8F;&#x5217;" filename="list.cpp" status="1" hash="1811714068" detail=""><testcase status="7" exitcode="0" detail="" time="0" memory="2600" score="10"/><testcase status="7" exitcode="0" detail="" time="0" memory="2608" score="10"/><testcase status="7" exitcode="0" detail="" time="0" memory="2608" score="10"/><testcase status="7" exitcode="0" detail="" time="0" memory="2612" score="10"/><testcase status="7" exitcode="0" detail="" time="0" memory="2612" score="10"/><testcase status="7" exitcode="0" detail="" time="0" memory="2604" score="10"/><testcase status="7" exitcode="0" detail="" time="0" memory="2604" score="10"/><testcase status="7" exitcode="0" detail="" time="0" memory="2608" score="10"/><testcase status="7" exitcode="0" detail="" time="0" memory="2604" score="10"/><testcase status="7" exitcode="0" detail="" time="0" memory="2604" score="10"/></problem><problem title="&#x6446;&#x52A8;&#x5E8F;&#x5217;2" filename="listwo.cpp" status="1" hash="3108882727" detail=""><testcase status="7" exitcode="0" detail="" time="0" memory="2608" score="10"/><testcase status="7" exitcode="0" detail="" time="0" memory="2604" score="10"/><testcase status="7" exitcode="0" detail="" time="0" memory="2604" score="10"/><testcase status="7" exitcode="0" detail="" time="0" memory="2608" score="10"/><testcase status="7" exitcode="0" detail="" time="0" memory="2600" score="10"/><testcase status="7" exitcode="0" detail="" time="0.01" memory="2600" score="10"/><testcase status="7" exitcode="0" detail="" time="0" memory="2604" score="10"/><testcase status="7" exitcode="0" detail="" time="0.01" memory="2612" score="10"/><testcase status="7" exitcode="0" detail="" time="0.01" memory="2604" score="10"/><testcase status="7" exitcode="0" detail="" time="0.01" memory="2608" score="10"/></problem></result></cena>
