<?xml version="1.0"?>
<cena version="0.8.2"><result judgetime="44077.6063737037"><problem title="div" filename="div.cpp" status="1" hash="3428966338" detail=""><testcase status="7" exitcode="0" detail="" time="0" memory="280" score="10"/><testcase status="7" exitcode="0" detail="" time="0" memory="276" score="10"/><testcase status="7" exitcode="0" detail="" time="0" memory="284" score="10"/><testcase status="7" exitcode="0" detail="" time="0" memory="280" score="10"/><testcase status="7" exitcode="0" detail="" time="0" memory="280" score="10"/><testcase status="7" exitcode="0" detail="" time="0" memory="280" score="10"/><testcase status="7" exitcode="0" detail="" time="0" memory="276" score="10"/><testcase status="7" exitcode="0" detail="" time="0" memory="276" score="10"/><testcase status="7" exitcode="0" detail="" time="0" memory="280" score="10"/><testcase status="7" exitcode="0" detail="" time="0" memory="276" score="10"/></problem><problem title="diameter" filename="diameter.cpp" status="1" hash="2029234150" detail=""><testcase status="7" exitcode="0" detail="" time="0" memory="4192" score="10"/><testcase status="7" exitcode="0" detail="" time="0" memory="4196" score="10"/><testcase status="7" exitcode="0" detail="" time="0" memory="4192" score="10"/><testcase status="7" exitcode="0" detail="" time="0.39" memory="4212" score="10"/><testcase status="7" exitcode="0" detail="" time="0.32" memory="4208" score="10"/><testcase status="7" exitcode="0" detail="" time="0.37" memory="4208" score="10"/><testcase status="7" exitcode="0" detail="" time="0.28" memory="4204" score="10"/><testcase status="7" exitcode="0" detail="" time="0.4" memory="4204" score="10"/><testcase status="7" exitcode="0" detail="" time="0.23" memory="4204" score="10"/><testcase status="7" exitcode="0" detail="" time="0.37" memory="4212" score="10"/></problem><problem title="blocks" filename="blocks.cpp" status="1" hash="744795112" detail=""><testcase status="7" exitcode="0" detail="" time="0" memory="316" score="10"/><testcase status="7" exitcode="0" detail="" time="0.01" memory="320" score="10"/><testcase status="7" exitcode="0" detail="" time="0" memory="316" score="10"/><testcase status="7" exitcode="0" detail="" time="0" memory="316" score="10"/><testcase status="7" exitcode="0" detail="" time="0" memory="320" score="10"/><testcase status="7" exitcode="0" detail="" time="0" memory="320" score="10"/><testcase status="7" exitcode="0" detail="" time="0" memory="316" score="10"/><testcase status="7" exitcode="0" detail="" time="0.01" memory="320" score="10"/><testcase status="7" exitcode="0" detail="" time="0" memory="320" score="10"/><testcase status="7" exitcode="0" detail="" time="0.01" memory="316" score="10"/></problem><problem title="game" filename="game.cpp" status="1" hash="175729980" detail=""><testcase status="7" exitcode="0" detail="" time="0.01" memory="640" score="10"/><testcase status="7" exitcode="0" detail="" time="0.04" memory="640" score="10"/><testcase status="7" exitcode="0" detail="" time="0.03" memory="640" score="10"/><testcase status="7" exitcode="0" detail="" time="0.06" memory="640" score="10"/><testcase status="7" exitcode="0" detail="" time="0.09" memory="640" score="10"/><testcase status="7" exitcode="0" detail="" time="0.06" memory="640" score="10"/><testcase status="7" exitcode="0" detail="" time="0.06" memory="640" score="10"/><testcase status="7" exitcode="0" detail="" time="0.06" memory="640" score="10"/><testcase status="7" exitcode="0" detail="" time="0.04" memory="640" score="10"/><testcase status="7" exitcode="0" detail="" time="0.1" memory="640" score="10"/></problem></result></cena>
