<?xml version="1.0"?>
<cena version="0.8.2"><result judgetime="44106.6398445833"><problem title="square" filename="square.cpp" status="1" hash="3134340832" detail=""><testcase status="7" exitcode="0" detail="" time="0.01" memory="904" score="10"/><testcase status="7" exitcode="0" detail="" time="0.01" memory="832" score="10"/><testcase status="7" exitcode="0" detail="" time="0.01" memory="836" score="10"/><testcase status="7" exitcode="0" detail="" time="0.01" memory="832" score="10"/><testcase status="7" exitcode="0" detail="" time="0" memory="836" score="10"/><testcase status="7" exitcode="0" detail="" time="0.01" memory="836" score="10"/><testcase status="7" exitcode="0" detail="" time="0" memory="836" score="10"/><testcase status="7" exitcode="0" detail="" time="0.01" memory="836" score="10"/><testcase status="7" exitcode="0" detail="" time="0.01" memory="832" score="10"/><testcase status="7" exitcode="0" detail="" time="0.01" memory="840" score="10"/></problem><problem title="pairs" filename="pairs.cpp" status="1" hash="1371234187" detail=""><testcase status="7" exitcode="0" detail="" time="0" memory="1176" score="10"/><testcase status="7" exitcode="0" detail="" time="0" memory="1108" score="10"/><testcase status="7" exitcode="0" detail="" time="0" memory="1120" score="10"/><testcase status="7" exitcode="0" detail="" time="0" memory="1112" score="10"/><testcase status="7" exitcode="0" detail="" time="0" memory="1116" score="10"/><testcase status="7" exitcode="0" detail="" time="0.01" memory="1120" score="10"/><testcase status="7" exitcode="0" detail="" time="0" memory="1104" score="10"/><testcase status="7" exitcode="0" detail="" time="0" memory="1116" score="10"/><testcase status="7" exitcode="0" detail="" time="0.01" memory="1120" score="10"/><testcase status="7" exitcode="0" detail="" time="0" memory="1120" score="10"/></problem><problem title="qbin" filename="qbin.cpp" status="1" hash="2757351708" detail=""><testcase status="7" exitcode="0" detail="" time="0.01" memory="1296" score="10"/><testcase status="7" exitcode="0" detail="" time="0" memory="1236" score="10"/><testcase status="7" exitcode="0" detail="" time="0" memory="1228" score="10"/><testcase status="7" exitcode="0" detail="" time="0" memory="1228" score="10"/><testcase status="7" exitcode="0" detail="" time="0" memory="1228" score="10"/><testcase status="7" exitcode="0" detail="" time="0" memory="1228" score="10"/><testcase status="7" exitcode="0" detail="" time="0" memory="1232" score="10"/><testcase status="7" exitcode="0" detail="" time="0" memory="1228" score="10"/><testcase status="7" exitcode="0" detail="" time="0" memory="1228" score="10"/><testcase status="7" exitcode="0" detail="" time="0" memory="1228" score="10"/></problem><problem title="statistic" filename="statistic.cpp" status="1" hash="361512" detail=""><testcase status="7" exitcode="0" detail="" time="0.01" memory="12648" score="10"/><testcase status="7" exitcode="0" detail="" time="0" memory="12580" score="10"/><testcase status="7" exitcode="0" detail="" time="0" memory="12580" score="10"/><testcase status="7" exitcode="0" detail="" time="0.37" memory="12576" score="10"/><testcase status="7" exitcode="0" detail="" time="0.37" memory="12580" score="10"/><testcase status="7" exitcode="0" detail="" time="0.37" memory="12576" score="10"/><testcase status="7" exitcode="0" detail="" time="1.45" memory="12580" score="10"/><testcase status="7" exitcode="0" detail="" time="1.4" memory="12576" score="10"/><testcase status="7" exitcode="0" detail="" time="1.42" memory="12580" score="10"/><testcase status="7" exitcode="0" detail="" time="1.35" memory="12580" score="10"/></problem><problem title="cut" filename="cut.cpp" status="1" hash="3112914087" detail=""><testcase status="7" exitcode="0" detail="" time="0.01" memory="3340" score="10"/><testcase status="7" exitcode="0" detail="" time="0.03" memory="3284" score="10"/><testcase status="7" exitcode="0" detail="" time="0.03" memory="3284" score="10"/><testcase status="3" exitcode="1" detail="" time="1.185078" memory="3284" score="0"/><testcase status="3" exitcode="1" detail="" time="1.0207827" memory="3284" score="0"/><testcase status="3" exitcode="1" detail="" time="1.203125" memory="3284" score="0"/><testcase status="3" exitcode="1" detail="" time="1.0464045" memory="3284" score="0"/><testcase status="6" exitcode="3221225477" detail="" time="0.03" memory="3288" score="0"/><testcase status="6" exitcode="3221225477" detail="" time="0.01" memory="3284" score="0"/><testcase status="6" exitcode="3221225477" detail="" time="0.03" memory="3284" score="0"/></problem><problem title="diff" filename="diff.cpp" status="1" hash="4157039677" detail=""><testcase status="8" exitcode="0" detail="&#x5728;&#x7B2C; 1 &#x884C;:&#13;&#10;----&#x9009;&#x624B;&#x8F93;&#x51FA;&#x7684;&#x7B2C; 1 &#x5217;----&#13;&#10;&gt;53&#13;&#10;----&#x6807;&#x51C6;&#x8F93;&#x51FA;&#x7684;&#x7B2C; 1 &#x5217;----&#13;&#10;&gt;63" time="0.01" memory="10012" score="0"/><testcase status="8" exitcode="0" detail="&#x5728;&#x7B2C; 1 &#x884C;:&#13;&#10;----&#x9009;&#x624B;&#x8F93;&#x51FA;&#x7684;&#x7B2C; 1 &#x5217;----&#13;&#10;&gt;90&#13;&#10;----&#x6807;&#x51C6;&#x8F93;&#x51FA;&#x7684;&#x7B2C; 1 &#x5217;----&#13;&#10;&gt;89" time="0.01" memory="9936" score="0"/><testcase status="8" exitcode="0" detail="&#x5728;&#x7B2C; 1 &#x884C;:&#13;&#10;----&#x9009;&#x624B;&#x8F93;&#x51FA;&#x7684;&#x7B2C; 2 &#x5217;----&#13;&#10;&gt;...2&#13;&#10;----&#x6807;&#x51C6;&#x8F93;&#x51FA;&#x7684;&#x7B2C; 2 &#x5217;----&#13;&#10;&gt;...1" time="0.01" memory="9940" score="0"/><testcase status="8" exitcode="0" detail="&#x5728;&#x7B2C; 1 &#x884C;:&#13;&#10;----&#x9009;&#x624B;&#x8F93;&#x51FA;&#x7684;&#x7B2C; 2 &#x5217;----&#13;&#10;&gt;...4&#13;&#10;----&#x6807;&#x51C6;&#x8F93;&#x51FA;&#x7684;&#x7B2C; 2 &#x5217;----&#13;&#10;&gt;...3" time="0.14" memory="9948" score="0"/><testcase status="8" exitcode="0" detail="&#x5728;&#x7B2C; 1 &#x884C;:&#13;&#10;----&#x9009;&#x624B;&#x8F93;&#x51FA;&#x7684;&#x7B2C; 2 &#x5217;----&#13;&#10;&gt;...1&#13;&#10;----&#x6807;&#x51C6;&#x8F93;&#x51FA;&#x7684;&#x7B2C; 2 &#x5217;----&#13;&#10;&gt;...0" time="0.09" memory="9940" score="0"/><testcase status="8" exitcode="0" detail="&#x5728;&#x7B2C; 1 &#x884C;:&#13;&#10;----&#x9009;&#x624B;&#x8F93;&#x51FA;&#x7684;&#x7B2C; 1 &#x5217;----&#13;&#10;&gt;62&#13;&#10;----&#x6807;&#x51C6;&#x8F93;&#x51FA;&#x7684;&#x7B2C; 1 &#x5217;----&#13;&#10;&gt;70" time="0.12" memory="9944" score="0"/><testcase status="8" exitcode="0" detail="&#x5728;&#x7B2C; 1 &#x884C;:&#13;&#10;----&#x9009;&#x624B;&#x8F93;&#x51FA;&#x7684;&#x7B2C; 1 &#x5217;----&#13;&#10;&gt;17&#13;&#10;----&#x6807;&#x51C6;&#x8F93;&#x51FA;&#x7684;&#x7B2C; 1 &#x5217;----&#13;&#10;&gt;69" time="0.12" memory="9936" score="0"/><testcase status="8" exitcode="0" detail="&#x5728;&#x7B2C; 1 &#x884C;:&#13;&#10;----&#x9009;&#x624B;&#x8F93;&#x51FA;&#x7684;&#x7B2C; 1 &#x5217;----&#13;&#10;&gt;24&#13;&#10;----&#x6807;&#x51C6;&#x8F93;&#x51FA;&#x7684;&#x7B2C; 1 &#x5217;----&#13;&#10;&gt;65" time="0.1" memory="9940" score="0"/><testcase status="8" exitcode="0" detail="&#x5728;&#x7B2C; 1 &#x884C;:&#13;&#10;----&#x9009;&#x624B;&#x8F93;&#x51FA;&#x7684;&#x7B2C; 1 &#x5217;----&#13;&#10;&gt;41&#13;&#10;----&#x6807;&#x51C6;&#x8F93;&#x51FA;&#x7684;&#x7B2C; 1 &#x5217;----&#13;&#10;&gt;68" time="0.1" memory="9940" score="0"/><testcase status="8" exitcode="0" detail="&#x5728;&#x7B2C; 1 &#x884C;:&#13;&#10;----&#x9009;&#x624B;&#x8F93;&#x51FA;&#x7684;&#x7B2C; 1 &#x5217;----&#13;&#10;&gt;38&#13;&#10;----&#x6807;&#x51C6;&#x8F93;&#x51FA;&#x7684;&#x7B2C; 1 &#x5217;----&#13;&#10;&gt;74" time="0.15" memory="9940" score="0"/></problem></result></cena>
