<?xml version="1.0"?>
<cena version="0.8.2"><result judgetime="44088.6465043287"><problem title="&#x5B57;&#x7B26;&#x6392;&#x5E8F;" filename="sstr.cpp" status="1" hash="4020546660" detail=""><testcase status="7" exitcode="0" detail="" time="0" memory="244" score="10"/><testcase status="7" exitcode="0" detail="" time="0" memory="240" score="10"/><testcase status="7" exitcode="0" detail="" time="0" memory="240" score="10"/><testcase status="7" exitcode="0" detail="" time="0" memory="240" score="10"/><testcase status="7" exitcode="0" detail="" time="0" memory="244" score="10"/><testcase status="7" exitcode="0" detail="" time="0" memory="240" score="10"/><testcase status="7" exitcode="0" detail="" time="0" memory="244" score="10"/><testcase status="7" exitcode="0" detail="" time="0" memory="240" score="10"/><testcase status="7" exitcode="0" detail="" time="0" memory="240" score="10"/><testcase status="7" exitcode="0" detail="" time="0" memory="244" score="10"/></problem><problem title="&#x7279;&#x6B8A;&#x6392;&#x5E8F;" filename="ssort.cpp" status="1" hash="2496859155" detail=""><testcase status="7" exitcode="0" detail="" time="0" memory="248" score="10"/><testcase status="7" exitcode="0" detail="" time="0" memory="244" score="10"/><testcase status="7" exitcode="0" detail="" time="0" memory="248" score="10"/><testcase status="7" exitcode="0" detail="" time="0.01" memory="244" score="10"/><testcase status="7" exitcode="0" detail="" time="0" memory="244" score="10"/><testcase status="7" exitcode="0" detail="" time="0" memory="248" score="10"/><testcase status="7" exitcode="0" detail="" time="0.01" memory="244" score="10"/><testcase status="7" exitcode="0" detail="" time="0" memory="248" score="10"/><testcase status="7" exitcode="0" detail="" time="0" memory="244" score="10"/><testcase status="7" exitcode="0" detail="" time="0.01" memory="248" score="10"/></problem><problem title="EXCEL&#x6392;&#x5E8F;" filename="excel.cpp" status="1" hash="2064797450" detail=""><testcase status="7" exitcode="0" detail="" time="0" memory="2200" score="10"/><testcase status="7" exitcode="0" detail="" time="0" memory="2200" score="10"/><testcase status="7" exitcode="0" detail="" time="0" memory="2200" score="10"/><testcase status="7" exitcode="0" detail="" time="0" memory="2192" score="10"/><testcase status="7" exitcode="0" detail="" time="0.15" memory="2192" score="10"/><testcase status="7" exitcode="0" detail="" time="0" memory="2192" score="10"/><testcase status="7" exitcode="0" detail="" time="0.01" memory="2192" score="10"/><testcase status="7" exitcode="0" detail="" time="0" memory="2200" score="10"/><testcase status="7" exitcode="0" detail="" time="0" memory="2192" score="10"/><testcase status="7" exitcode="0" detail="" time="0.15" memory="2192" score="10"/></problem><problem title="&#x6251;&#x514B;&#x6392;&#x5E8F;" filename="card.cpp" status="1" hash="840712198" detail=""><testcase status="7" exitcode="0" detail="" time="0" memory="240" score="10"/><testcase status="7" exitcode="0" detail="" time="0" memory="240" score="10"/><testcase status="7" exitcode="0" detail="" time="0" memory="244" score="10"/><testcase status="7" exitcode="0" detail="" time="0" memory="244" score="10"/><testcase status="7" exitcode="0" detail="" time="0" memory="240" score="10"/><testcase status="7" exitcode="0" detail="" time="0" memory="240" score="10"/><testcase status="7" exitcode="0" detail="" time="0" memory="244" score="10"/><testcase status="7" exitcode="0" detail="" time="0" memory="240" score="10"/><testcase status="7" exitcode="0" detail="" time="0" memory="244" score="10"/><testcase status="7" exitcode="0" detail="" time="0" memory="240" score="10"/></problem></result></cena>
