<?xml version="1.0"?>
<cena version="0.8.2"><result judgetime="44095.7363068403"><problem title="notepad" filename="notepad.cpp" status="1" hash="3561722814" detail=""><testcase status="7" exitcode="0" detail="" time="0.03" memory="24376" score="5"/><testcase status="3" exitcode="1" detail="" time="1.0046148" memory="29272" score="0"/><testcase status="7" exitcode="0" detail="" time="0.7" memory="24336" score="5"/><testcase status="3" exitcode="1" detail="" time="1.2012077" memory="31368" score="0"/><testcase status="8" exitcode="0" detail="&#x6807;&#x51C6;&#x8F93;&#x51FA;&#x6BD4;&#x9009;&#x624B;&#x8F93;&#x51FA;&#x957F;&#x3002;" time="0.01" memory="24340" score="0"/><testcase status="7" exitcode="0" detail="" time="0.01" memory="24336" score="5"/><testcase status="7" exitcode="0" detail="" time="0" memory="24336" score="5"/><testcase status="7" exitcode="0" detail="" time="0.88" memory="24928" score="5"/><testcase status="7" exitcode="0" detail="" time="0.79" memory="24928" score="5"/><testcase status="7" exitcode="0" detail="" time="0.78" memory="24928" score="5"/><testcase status="7" exitcode="0" detail="" time="0.84" memory="24928" score="10"/><testcase status="7" exitcode="0" detail="" time="0.85" memory="24928" score="10"/><testcase status="7" exitcode="0" detail="" time="0" memory="24340" score="10"/><testcase status="8" exitcode="0" detail="&#x6807;&#x51C6;&#x8F93;&#x51FA;&#x6BD4;&#x9009;&#x624B;&#x8F93;&#x51FA;&#x957F;&#x3002;" time="0.01" memory="24340" score="0"/><testcase status="7" exitcode="0" detail="" time="0.49" memory="24340" score="10"/></problem><problem title="window" filename="" status="14" hash="0" detail=""><testcase status="14" exitcode="0" detail="" time="0" memory="0" score="0"/><testcase status="14" exitcode="0" detail="" time="0" memory="0" score="0"/><testcase status="14" exitcode="0" detail="" time="0" memory="0" score="0"/><testcase status="14" exitcode="0" detail="" time="0" memory="0" score="0"/><testcase status="14" exitcode="0" detail="" time="0" memory="0" score="0"/><testcase status="14" exitcode="0" detail="" time="0" memory="0" score="0"/><testcase status="14" exitcode="0" detail="" time="0" memory="0" score="0"/><testcase status="14" exitcode="0" detail="" time="0" memory="0" score="0"/><testcase status="14" exitcode="0" detail="" time="0" memory="0" score="0"/><testcase status="14" exitcode="0" detail="" time="0" memory="0" score="0"/></problem><problem title="apples" filename="" status="14" hash="0" detail=""><testcase status="14" exitcode="0" detail="" time="0" memory="0" score="0"/><testcase status="14" exitcode="0" detail="" time="0" memory="0" score="0"/><testcase status="14" exitcode="0" detail="" time="0" memory="0" score="0"/><testcase status="14" exitcode="0" detail="" time="0" memory="0" score="0"/><testcase status="14" exitcode="0" detail="" time="0" memory="0" score="0"/><testcase status="14" exitcode="0" detail="" time="0" memory="0" score="0"/><testcase status="14" exitcode="0" detail="" time="0" memory="0" score="0"/><testcase status="14" exitcode="0" detail="" time="0" memory="0" score="0"/></problem><problem title="zipper" filename="" status="14" hash="0" detail=""><testcase status="14" exitcode="0" detail="" time="0" memory="0" score="0"/><testcase status="14" exitcode="0" detail="" time="0" memory="0" score="0"/><testcase status="14" exitcode="0" detail="" time="0" memory="0" score="0"/><testcase status="14" exitcode="0" detail="" time="0" memory="0" score="0"/><testcase status="14" exitcode="0" detail="" time="0" memory="0" score="0"/><testcase status="14" exitcode="0" detail="" time="0" memory="0" score="0"/><testcase status="14" exitcode="0" detail="" time="0" memory="0" score="0"/><testcase status="14" exitcode="0" detail="" time="0" memory="0" score="0"/><testcase status="14" exitcode="0" detail="" time="0" memory="0" score="0"/><testcase status="14" exitcode="0" detail="" time="0" memory="0" score="0"/></problem></result></cena>
