<?xml version="1.0"?>
<cena version="0.8.2"><result judgetime="44106.6468652431"><problem title="square" filename="square.cpp" status="1" hash="3893216464" detail=""><testcase status="7" exitcode="0" detail="" time="0" memory="1140" score="10"/><testcase status="7" exitcode="0" detail="" time="0" memory="1076" score="10"/><testcase status="7" exitcode="0" detail="" time="0" memory="1076" score="10"/><testcase status="7" exitcode="0" detail="" time="0.01" memory="1076" score="10"/><testcase status="7" exitcode="0" detail="" time="0" memory="1080" score="10"/><testcase status="7" exitcode="0" detail="" time="0" memory="1076" score="10"/><testcase status="7" exitcode="0" detail="" time="0" memory="1076" score="10"/><testcase status="7" exitcode="0" detail="" time="0.01" memory="1076" score="10"/><testcase status="7" exitcode="0" detail="" time="0" memory="1080" score="10"/><testcase status="7" exitcode="0" detail="" time="0.01" memory="1080" score="10"/></problem><problem title="pairs" filename="pairs.cpp" status="1" hash="3437016423" detail=""><testcase status="7" exitcode="0" detail="" time="0.03" memory="1144" score="10"/><testcase status="7" exitcode="0" detail="" time="0" memory="1088" score="10"/><testcase status="7" exitcode="0" detail="" time="0" memory="1080" score="10"/><testcase status="3" exitcode="1" detail="" time="1.2426474" memory="1084" score="0"/><testcase status="3" exitcode="1" detail="" time="1.203125" memory="1076" score="0"/><testcase status="3" exitcode="1" detail="" time="1.0833241" memory="1076" score="0"/><testcase status="3" exitcode="1" detail="" time="1.0720863" memory="1076" score="0"/><testcase status="3" exitcode="1" detail="" time="1.015625" memory="1072" score="0"/><testcase status="3" exitcode="1" detail="" time="1.0496141" memory="1076" score="0"/><testcase status="3" exitcode="1" detail="" time="1.015625" memory="1076" score="0"/></problem><problem title="qbin" filename="qbin.cpp" status="1" hash="3496939263" detail=""><testcase status="6" exitcode="3221225477" detail="" time="0" memory="1144" score="0"/><testcase status="6" exitcode="3221225477" detail="" time="0" memory="1088" score="0"/><testcase status="6" exitcode="3221225477" detail="" time="0.01" memory="1088" score="0"/><testcase status="6" exitcode="3221225477" detail="" time="0" memory="1092" score="0"/><testcase status="6" exitcode="3221225477" detail="" time="0" memory="1088" score="0"/><testcase status="6" exitcode="3221225477" detail="" time="0" memory="1084" score="0"/><testcase status="6" exitcode="3221225477" detail="" time="0.01" memory="1088" score="0"/><testcase status="6" exitcode="3221225477" detail="" time="0" memory="1084" score="0"/><testcase status="6" exitcode="3221225477" detail="" time="0" memory="1084" score="0"/><testcase status="6" exitcode="3221225477" detail="" time="0" memory="1096" score="0"/></problem><problem title="statistic" filename="statistic.cpp" status="1" hash="3563500825" detail=""><testcase status="7" exitcode="0" detail="" time="0" memory="12432" score="10"/><testcase status="7" exitcode="0" detail="" time="0" memory="12364" score="10"/><testcase status="7" exitcode="0" detail="" time="0" memory="12368" score="10"/><testcase status="7" exitcode="0" detail="" time="0.37" memory="12360" score="10"/><testcase status="7" exitcode="0" detail="" time="0.37" memory="12368" score="10"/><testcase status="7" exitcode="0" detail="" time="0.37" memory="12368" score="10"/><testcase status="7" exitcode="0" detail="" time="1.4" memory="12364" score="10"/><testcase status="3" exitcode="1" detail="" time="1.5688542" memory="12364" score="0"/><testcase status="7" exitcode="0" detail="" time="1.42" memory="12368" score="10"/><testcase status="7" exitcode="0" detail="" time="1.45" memory="12368" score="10"/></problem><problem title="cut" filename="" status="14" hash="0" detail=""><testcase status="14" exitcode="0" detail="" time="0" memory="0" score="0"/><testcase status="14" exitcode="0" detail="" time="0" memory="0" score="0"/><testcase status="14" exitcode="0" detail="" time="0" memory="0" score="0"/><testcase status="14" exitcode="0" detail="" time="0" memory="0" score="0"/><testcase status="14" exitcode="0" detail="" time="0" memory="0" score="0"/><testcase status="14" exitcode="0" detail="" time="0" memory="0" score="0"/><testcase status="14" exitcode="0" detail="" time="0" memory="0" score="0"/><testcase status="14" exitcode="0" detail="" time="0" memory="0" score="0"/><testcase status="14" exitcode="0" detail="" time="0" memory="0" score="0"/><testcase status="14" exitcode="0" detail="" time="0" memory="0" score="0"/></problem><problem title="diff" filename="" status="14" hash="0" detail=""><testcase status="14" exitcode="0" detail="" time="0" memory="0" score="0"/><testcase status="14" exitcode="0" detail="" time="0" memory="0" score="0"/><testcase status="14" exitcode="0" detail="" time="0" memory="0" score="0"/><testcase status="14" exitcode="0" detail="" time="0" memory="0" score="0"/><testcase status="14" exitcode="0" detail="" time="0" memory="0" score="0"/><testcase status="14" exitcode="0" detail="" time="0" memory="0" score="0"/><testcase status="14" exitcode="0" detail="" time="0" memory="0" score="0"/><testcase status="14" exitcode="0" detail="" time="0" memory="0" score="0"/><testcase status="14" exitcode="0" detail="" time="0" memory="0" score="0"/><testcase status="14" exitcode="0" detail="" time="0" memory="0" score="0"/></problem></result></cena>
