<?xml version="1.0"?>
<cena version="0.8.1"><result judgetime="44081.6676801157"><problem title="&#x6570;&#x5217;&#x6392;&#x5E8F;" filename="grop.cpp" status="16" hash="2422474641" detail="DGBXUYAE.cpp:1:24: bits/stdc++.h: No such file or directory&#13;&#10;DGBXUYAE.cpp: In function `int main()':&#13;&#10;DGBXUYAE.cpp:4: error: `stdin' undeclared (first use this function)&#13;&#10;DGBXUYAE.cpp:4: error: (Each undeclared identifier is reported only once for each function it appears in.)&#13;&#10;DGBXUYAE.cpp:4: error: `freopen' undeclared (first use this function)&#13;&#10;DGBXUYAE.cpp:5: error: `stdout' undeclared (first use this function)&#13;&#10;DGBXUYAE.cpp:7: error: `scanf' undeclared (first use this function)&#13;&#10;DGBXUYAE.cpp:16: error: `printf' undeclared (first use this function)&#13;&#10;"><testcase status="16" exitcode="1" detail="" time="0" memory="0" score="0"/><testcase status="16" exitcode="1" detail="" time="0" memory="0" score="0"/><testcase status="16" exitcode="1" detail="" time="0" memory="0" score="0"/><testcase status="16" exitcode="1" detail="" time="0" memory="0" score="0"/><testcase status="16" exitcode="1" detail="" time="0" memory="0" score="0"/><testcase status="16" exitcode="1" detail="" time="0" memory="0" score="0"/><testcase status="16" exitcode="1" detail="" time="0" memory="0" score="0"/><testcase status="16" exitcode="1" detail="" time="0" memory="0" score="0"/><testcase status="16" exitcode="1" detail="" time="0" memory="0" score="0"/><testcase status="16" exitcode="1" detail="" time="0" memory="0" score="0"/></problem><problem title="&#x65E5;&#x671F;&#x6392;&#x5E8F;" filename="" status="14" hash="0" detail=""><testcase status="14" exitcode="0" detail="" time="0" memory="0" score="0"/><testcase status="14" exitcode="0" detail="" time="0" memory="0" score="0"/><testcase status="14" exitcode="0" detail="" time="0" memory="0" score="0"/><testcase status="14" exitcode="0" detail="" time="0" memory="0" score="0"/><testcase status="14" exitcode="0" detail="" time="0" memory="0" score="0"/><testcase status="14" exitcode="0" detail="" time="0" memory="0" score="0"/><testcase status="14" exitcode="0" detail="" time="0" memory="0" score="0"/><testcase status="14" exitcode="0" detail="" time="0" memory="0" score="0"/><testcase status="14" exitcode="0" detail="" time="0" memory="0" score="0"/><testcase status="14" exitcode="0" detail="" time="0" memory="0" score="0"/></problem><problem title="&#x8EAB;&#x4EFD;&#x8BC1;&#x6392;&#x5E8F;" filename="" status="14" hash="0" detail=""><testcase status="14" exitcode="0" detail="" time="0" memory="0" score="0"/><testcase status="14" exitcode="0" detail="" time="0" memory="0" score="0"/><testcase status="14" exitcode="0" detail="" time="0" memory="0" score="0"/><testcase status="14" exitcode="0" detail="" time="0" memory="0" score="0"/><testcase status="14" exitcode="0" detail="" time="0" memory="0" score="0"/><testcase status="14" exitcode="0" detail="" time="0" memory="0" score="0"/><testcase status="14" exitcode="0" detail="" time="0" memory="0" score="0"/><testcase status="14" exitcode="0" detail="" time="0" memory="0" score="0"/><testcase status="14" exitcode="0" detail="" time="0" memory="0" score="0"/><testcase status="14" exitcode="0" detail="" time="0" memory="0" score="0"/></problem><problem title="&#x6210;&#x7EE9;&#x6392;&#x5E8F;" filename="" status="14" hash="0" detail=""><testcase status="14" exitcode="0" detail="" time="0" memory="0" score="0"/><testcase status="14" exitcode="0" detail="" time="0" memory="0" score="0"/><testcase status="14" exitcode="0" detail="" time="0" memory="0" score="0"/><testcase status="14" exitcode="0" detail="" time="0" memory="0" score="0"/><testcase status="14" exitcode="0" detail="" time="0" memory="0" score="0"/><testcase status="14" exitcode="0" detail="" time="0" memory="0" score="0"/><testcase status="14" exitcode="0" detail="" time="0" memory="0" score="0"/><testcase status="14" exitcode="0" detail="" time="0" memory="0" score="0"/><testcase status="14" exitcode="0" detail="" time="0" memory="0" score="0"/><testcase status="14" exitcode="0" detail="" time="0" memory="0" score="0"/></problem><problem title="&#x6392;&#x5E8F;" filename="ssort.cpp" status="16" hash="62898907" detail="TKJCXGSV.cpp:1:24: bits/stdc++.h: No such file or directory&#13;&#10;TKJCXGSV.cpp: In function `int main()':&#13;&#10;TKJCXGSV.cpp:4: error: `stdin' undeclared (first use this function)&#13;&#10;TKJCXGSV.cpp:4: error: (Each undeclared identifier is reported only once for each function it appears in.)&#13;&#10;TKJCXGSV.cpp:4: error: `freopen' undeclared (first use this function)&#13;&#10;TKJCXGSV.cpp:5: error: `stdout' undeclared (first use this function)&#13;&#10;TKJCXGSV.cpp:7: error: `scanf' undeclared (first use this function)&#13;&#10;TKJCXGSV.cpp:7: error: `EOF' undeclared (first use this function)&#13;&#10;TKJCXGSV.cpp:10: error: `sort' undeclared (first use this function)&#13;&#10;TKJCXGSV.cpp:12: error: `printf' undeclared (first use this function)&#13;&#10;"><testcase status="16" exitcode="1" detail="" time="0" memory="0" score="0"/><testcase status="16" exitcode="1" detail="" time="0" memory="0" score="0"/><testcase status="16" exitcode="1" detail="" time="0" memory="0" score="0"/><testcase status="16" exitcode="1" detail="" time="0" memory="0" score="0"/><testcase status="16" exitcode="1" detail="" time="0" memory="0" score="0"/><testcase status="16" exitcode="1" detail="" time="0" memory="0" score="0"/><testcase status="16" exitcode="1" detail="" time="0" memory="0" score="0"/><testcase status="16" exitcode="1" detail="" time="0" memory="0" score="0"/><testcase status="16" exitcode="1" detail="" time="0" memory="0" score="0"/><testcase status="16" exitcode="1" detail="" time="0" memory="0" score="0"/></problem><problem title="&#x7EDD;&#x5BF9;&#x503C;&#x6392;&#x5E8F;" filename="absolute.cpp" status="16" hash="316110556" detail="PBLMVVTG.cpp:1:24: bits/stdc++.h: No such file or directory&#13;&#10;PBLMVVTG.cpp: In function `bool cmp(int, int)':&#13;&#10;PBLMVVTG.cpp:4: error: `abs' undeclared (first use this function)&#13;&#10;PBLMVVTG.cpp:4: error: (Each undeclared identifier is reported only once for each function it appears in.)&#13;&#10;PBLMVVTG.cpp: In function `int main()':&#13;&#10;PBLMVVTG.cpp:7: error: `stdin' undeclared (first use this function)&#13;&#10;PBLMVVTG.cpp:7: error: `freopen' undeclared (first use this function)&#13;&#10;PBLMVVTG.cpp:8: error: `stdout' undeclared (first use this function)&#13;&#10;PBLMVVTG.cpp:10: error: `scanf' undeclared (first use this function)&#13;&#10;PBLMVVTG.cpp:14: error: `sort' undeclared (first use this function)&#13;&#10;PBLMVVTG.cpp:16: error: `printf' undeclared (first use this function)&#13;&#10;"><testcase status="16" exitcode="1" detail="" time="0" memory="0" score="0"/><testcase status="16" exitcode="1" detail="" time="0" memory="0" score="0"/><testcase status="16" exitcode="1" detail="" time="0" memory="0" score="0"/><testcase status="16" exitcode="1" detail="" time="0" memory="0" score="0"/><testcase status="16" exitcode="1" detail="" time="0" memory="0" score="0"/><testcase status="16" exitcode="1" detail="" time="0" memory="0" score="0"/><testcase status="16" exitcode="1" detail="" time="0" memory="0" score="0"/><testcase status="16" exitcode="1" detail="" time="0" memory="0" score="0"/><testcase status="16" exitcode="1" detail="" time="0" memory="0" score="0"/><testcase status="16" exitcode="1" detail="" time="0" memory="0" score="0"/></problem></result></cena>
