<?xml version="1.0"?>
<cena version="0.8.1"><result judgetime="44081.6645189236"><problem title="&#x6570;&#x5217;&#x6392;&#x5E8F;" filename="grop.cpp" status="1" hash="451785191" detail=""><testcase status="7" exitcode="0" detail="" time="0" memory="1044" score="10"/><testcase status="7" exitcode="0" detail="" time="0" memory="1040" score="10"/><testcase status="7" exitcode="0" detail="" time="0.01" memory="1040" score="10"/><testcase status="7" exitcode="0" detail="" time="0" memory="1036" score="10"/><testcase status="7" exitcode="0" detail="" time="0" memory="1044" score="10"/><testcase status="7" exitcode="0" detail="" time="0" memory="1040" score="10"/><testcase status="7" exitcode="0" detail="" time="0.01" memory="1040" score="10"/><testcase status="7" exitcode="0" detail="" time="0" memory="1040" score="10"/><testcase status="7" exitcode="0" detail="" time="0.01" memory="1040" score="10"/><testcase status="7" exitcode="0" detail="" time="0" memory="1044" score="10"/></problem><problem title="&#x65E5;&#x671F;&#x6392;&#x5E8F;" filename="date.cpp" status="1" hash="87998961" detail=""><testcase status="7" exitcode="0" detail="" time="0" memory="1040" score="10"/><testcase status="7" exitcode="0" detail="" time="0.01" memory="1044" score="10"/><testcase status="7" exitcode="0" detail="" time="0" memory="1044" score="10"/><testcase status="7" exitcode="0" detail="" time="0" memory="1044" score="10"/><testcase status="7" exitcode="0" detail="" time="0" memory="1044" score="10"/><testcase status="7" exitcode="0" detail="" time="0" memory="1044" score="10"/><testcase status="7" exitcode="0" detail="" time="0.01" memory="1040" score="10"/><testcase status="7" exitcode="0" detail="" time="0.01" memory="1044" score="10"/><testcase status="7" exitcode="0" detail="" time="0" memory="1040" score="10"/><testcase status="7" exitcode="0" detail="" time="0" memory="1044" score="10"/></problem><problem title="&#x8EAB;&#x4EFD;&#x8BC1;&#x6392;&#x5E8F;" filename="idcard.cpp" status="1" hash="2689960369" detail=""><testcase status="7" exitcode="0" detail="" time="0" memory="1720" score="10"/><testcase status="7" exitcode="0" detail="" time="0" memory="1720" score="10"/><testcase status="7" exitcode="0" detail="" time="0.01" memory="1716" score="10"/><testcase status="7" exitcode="0" detail="" time="0" memory="1720" score="10"/><testcase status="7" exitcode="0" detail="" time="0.01" memory="1720" score="10"/><testcase status="7" exitcode="0" detail="" time="0" memory="1720" score="10"/><testcase status="7" exitcode="0" detail="" time="0" memory="1720" score="10"/><testcase status="7" exitcode="0" detail="" time="0.01" memory="1720" score="10"/><testcase status="7" exitcode="0" detail="" time="0.03" memory="1720" score="10"/><testcase status="7" exitcode="0" detail="" time="0" memory="1716" score="10"/></problem><problem title="&#x6210;&#x7EE9;&#x6392;&#x5E8F;" filename="score.cpp" status="1" hash="2729179875" detail=""><testcase status="7" exitcode="0" detail="" time="0.03" memory="1140" score="10"/><testcase status="7" exitcode="0" detail="" time="0.03" memory="1136" score="10"/><testcase status="7" exitcode="0" detail="" time="0.01" memory="1136" score="10"/><testcase status="7" exitcode="0" detail="" time="0" memory="1132" score="10"/><testcase status="7" exitcode="0" detail="" time="0" memory="1132" score="10"/><testcase status="7" exitcode="0" detail="" time="0" memory="1128" score="10"/><testcase status="7" exitcode="0" detail="" time="0.01" memory="1120" score="10"/><testcase status="7" exitcode="0" detail="" time="0.01" memory="1116" score="10"/><testcase status="7" exitcode="0" detail="" time="0" memory="1048" score="10"/><testcase status="7" exitcode="0" detail="" time="0" memory="1048" score="10"/></problem><problem title="&#x6392;&#x5E8F;" filename="ssort.cpp" status="1" hash="784909025" detail=""><testcase status="7" exitcode="0" detail="" time="0" memory="1040" score="10"/><testcase status="7" exitcode="0" detail="" time="0" memory="1040" score="10"/><testcase status="7" exitcode="0" detail="" time="0.01" memory="1040" score="10"/><testcase status="7" exitcode="0" detail="" time="0" memory="1040" score="10"/><testcase status="7" exitcode="0" detail="" time="0" memory="1044" score="10"/><testcase status="7" exitcode="0" detail="" time="0" memory="1040" score="10"/><testcase status="7" exitcode="0" detail="" time="0.01" memory="1040" score="10"/><testcase status="7" exitcode="0" detail="" time="0.01" memory="1040" score="10"/><testcase status="7" exitcode="0" detail="" time="0.03" memory="1036" score="10"/><testcase status="7" exitcode="0" detail="" time="0.01" memory="1040" score="10"/></problem><problem title="&#x7EDD;&#x5BF9;&#x503C;&#x6392;&#x5E8F;" filename="absolute.cpp" status="1" hash="1804335931" detail=""><testcase status="7" exitcode="0" detail="" time="0" memory="1040" score="10"/><testcase status="7" exitcode="0" detail="" time="0.01" memory="1040" score="10"/><testcase status="7" exitcode="0" detail="" time="0.01" memory="1040" score="10"/><testcase status="7" exitcode="0" detail="" time="0" memory="1040" score="10"/><testcase status="7" exitcode="0" detail="" time="0" memory="1036" score="10"/><testcase status="7" exitcode="0" detail="" time="0.01" memory="1036" score="10"/><testcase status="7" exitcode="0" detail="" time="0" memory="1044" score="10"/><testcase status="7" exitcode="0" detail="" time="0.01" memory="1040" score="10"/><testcase status="7" exitcode="0" detail="" time="0.01" memory="1044" score="10"/><testcase status="7" exitcode="0" detail="" time="0" memory="1044" score="10"/></problem></result></cena>
