<?xml version="1.0"?>
<cena version="0.8.2"><result judgetime="44102.6408744329"><problem title="1&#x3001;&#x6570;&#x5B57;&#x4E09;&#x89D2;&#x5F62;" filename="triangle.cpp" status="1" hash="2004719634" detail=""><testcase status="8" exitcode="0" detail="&#x5728;&#x7B2C; 1 &#x884C;:&#13;&#10;----&#x9009;&#x624B;&#x8F93;&#x51FA;&#x7684;&#x7B2C; 3 &#x5217;----&#13;&#10;&gt;...466&#13;&#10;----&#x6807;&#x51C6;&#x8F93;&#x51FA;&#x7684;&#x7B2C; 1 &#x5217;----&#13;&#10;&gt;(&#x7A7A;)" time="0" memory="8348" score="0"/><testcase status="7" exitcode="0" detail="" time="0" memory="8344" score="10"/><testcase status="7" exitcode="0" detail="" time="0" memory="8348" score="10"/><testcase status="8" exitcode="0" detail="&#x5728;&#x7B2C; 1 &#x884C;:&#13;&#10;----&#x9009;&#x624B;&#x8F93;&#x51FA;&#x7684;&#x7B2C; 5 &#x5217;----&#13;&#10;&gt;...3630&#13;&#10;----&#x6807;&#x51C6;&#x8F93;&#x51FA;&#x7684;&#x7B2C; 1 &#x5217;----&#13;&#10;&gt;(&#x7A7A;)" time="0" memory="8348" score="0"/><testcase status="8" exitcode="0" detail="&#x5728;&#x7B2C; 1 &#x884C;:&#13;&#10;----&#x9009;&#x624B;&#x8F93;&#x51FA;&#x7684;&#x7B2C; 4 &#x5217;----&#13;&#10;&gt;...922363...&#13;&#10;----&#x6807;&#x51C6;&#x8F93;&#x51FA;&#x7684;&#x7B2C; 1 &#x5217;----&#13;&#10;&gt;(&#x7A7A;)" time="0" memory="8348" score="0"/><testcase status="8" exitcode="0" detail="&#x5728;&#x7B2C; 1 &#x884C;:&#13;&#10;----&#x9009;&#x624B;&#x8F93;&#x51FA;&#x7684;&#x7B2C; 3 &#x5217;----&#13;&#10;&gt;...466544...&#13;&#10;----&#x6807;&#x51C6;&#x8F93;&#x51FA;&#x7684;&#x7B2C; 1 &#x5217;----&#13;&#10;&gt;(&#x7A7A;)" time="0.01" memory="8344" score="0"/><testcase status="8" exitcode="0" detail="&#x5728;&#x7B2C; 1 &#x884C;:&#13;&#10;----&#x9009;&#x624B;&#x8F93;&#x51FA;&#x7684;&#x7B2C; 3 &#x5217;----&#13;&#10;&gt;...331466...&#13;&#10;----&#x6807;&#x51C6;&#x8F93;&#x51FA;&#x7684;&#x7B2C; 1 &#x5217;----&#13;&#10;&gt;(&#x7A7A;)" time="0.01" memory="8348" score="0"/><testcase status="8" exitcode="0" detail="&#x5728;&#x7B2C; 1 &#x884C;:&#13;&#10;----&#x9009;&#x624B;&#x8F93;&#x51FA;&#x7684;&#x7B2C; 3 &#x5217;----&#13;&#10;&gt;...331865...&#13;&#10;----&#x6807;&#x51C6;&#x8F93;&#x51FA;&#x7684;&#x7B2C; 1 &#x5217;----&#13;&#10;&gt;(&#x7A7A;)" time="0.01" memory="8348" score="0"/><testcase status="8" exitcode="0" detail="&#x5728;&#x7B2C; 1 &#x884C;:&#13;&#10;----&#x9009;&#x624B;&#x8F93;&#x51FA;&#x7684;&#x7B2C; 3 &#x5217;----&#13;&#10;&gt;...658652...&#13;&#10;----&#x6807;&#x51C6;&#x8F93;&#x51FA;&#x7684;&#x7B2C; 1 &#x5217;----&#13;&#10;&gt;(&#x7A7A;)" time="0" memory="8348" score="0"/><testcase status="8" exitcode="0" detail="&#x5728;&#x7B2C; 1 &#x884C;:&#13;&#10;----&#x9009;&#x624B;&#x8F93;&#x51FA;&#x7684;&#x7B2C; 3 &#x5217;----&#13;&#10;&gt;...658652...&#13;&#10;----&#x6807;&#x51C6;&#x8F93;&#x51FA;&#x7684;&#x7B2C; 1 &#x5217;----&#13;&#10;&gt;(&#x7A7A;)" time="0.01" memory="8348" score="0"/></problem><problem title="2&#x3001;&#x6700;&#x957F;&#x4E0A;&#x5347;&#x5B50;&#x5E8F;&#x5217;" filename="long.cpp" status="1" hash="4088480625" detail=""><testcase status="7" exitcode="0" detail="" time="0" memory="1224" score="10"/><testcase status="8" exitcode="0" detail="&#x5728;&#x7B2C; 1 &#x884C;:&#13;&#10;----&#x9009;&#x624B;&#x8F93;&#x51FA;&#x7684;&#x7B2C; 1 &#x5217;----&#13;&#10;&gt;7&#13;&#10;----&#x6807;&#x51C6;&#x8F93;&#x51FA;&#x7684;&#x7B2C; 1 &#x5217;----&#13;&#10;&gt;8" time="0" memory="1224" score="0"/><testcase status="7" exitcode="0" detail="" time="0" memory="1224" score="10"/><testcase status="7" exitcode="0" detail="" time="0" memory="1228" score="10"/><testcase status="7" exitcode="0" detail="" time="0" memory="1224" score="10"/><testcase status="7" exitcode="0" detail="" time="0" memory="1224" score="10"/><testcase status="8" exitcode="0" detail="&#x5728;&#x7B2C; 1 &#x884C;:&#13;&#10;----&#x9009;&#x624B;&#x8F93;&#x51FA;&#x7684;&#x7B2C; 2 &#x5217;----&#13;&#10;&gt;...1&#13;&#10;----&#x6807;&#x51C6;&#x8F93;&#x51FA;&#x7684;&#x7B2C; 2 &#x5217;----&#13;&#10;&gt;...2" time="0" memory="1224" score="0"/><testcase status="7" exitcode="0" detail="" time="0" memory="1224" score="10"/><testcase status="7" exitcode="0" detail="" time="0" memory="1224" score="10"/><testcase status="7" exitcode="0" detail="" time="0" memory="1224" score="10"/></problem><problem title="3&#x3001;&#x6700;&#x957F;&#x516C;&#x5171;&#x5B50;&#x5E8F;&#x5217;" filename="gong.cpp" status="1" hash="2588463641" detail=""><testcase status="7" exitcode="0" detail="" time="0" memory="4404" score="10"/><testcase status="7" exitcode="0" detail="" time="0" memory="4404" score="10"/><testcase status="7" exitcode="0" detail="" time="0" memory="4404" score="10"/><testcase status="7" exitcode="0" detail="" time="0" memory="4404" score="10"/><testcase status="7" exitcode="0" detail="" time="0" memory="4404" score="10"/><testcase status="7" exitcode="0" detail="" time="0" memory="4404" score="10"/><testcase status="7" exitcode="0" detail="" time="0.01" memory="4404" score="10"/><testcase status="7" exitcode="0" detail="" time="0" memory="4404" score="10"/><testcase status="7" exitcode="0" detail="" time="0" memory="4404" score="10"/><testcase status="7" exitcode="0" detail="" time="0.01" memory="4404" score="10"/></problem><problem title="4&#x3001;&#x6570;&#x7684;&#x8BA1;&#x6570;" filename="count.cpp" status="1" hash="560185804" detail=""><testcase status="7" exitcode="0" detail="" time="0" memory="8272" score="10"/><testcase status="7" exitcode="0" detail="" time="0" memory="8272" score="10"/><testcase status="7" exitcode="0" detail="" time="0" memory="8268" score="10"/><testcase status="7" exitcode="0" detail="" time="0" memory="8272" score="10"/><testcase status="7" exitcode="0" detail="" time="0" memory="8272" score="10"/><testcase status="7" exitcode="0" detail="" time="0" memory="8268" score="10"/><testcase status="7" exitcode="0" detail="" time="0.01" memory="8268" score="10"/><testcase status="7" exitcode="0" detail="" time="0" memory="8268" score="10"/><testcase status="7" exitcode="0" detail="" time="0" memory="8268" score="10"/><testcase status="7" exitcode="0" detail="" time="0" memory="8276" score="10"/></problem></result></cena>
