<?xml version="1.0"?>
<cena version="0.8.2"><result judgetime="44106.6375813889"><problem title="square" filename="square.cpp" status="1" hash="1207860424" detail=""><testcase status="7" exitcode="0" detail="" time="0.03" memory="904" score="10"/><testcase status="7" exitcode="0" detail="" time="0" memory="836" score="10"/><testcase status="7" exitcode="0" detail="" time="0" memory="836" score="10"/><testcase status="7" exitcode="0" detail="" time="0.01" memory="836" score="10"/><testcase status="7" exitcode="0" detail="" time="0" memory="836" score="10"/><testcase status="7" exitcode="0" detail="" time="0" memory="836" score="10"/><testcase status="7" exitcode="0" detail="" time="0" memory="836" score="10"/><testcase status="7" exitcode="0" detail="" time="0.01" memory="840" score="10"/><testcase status="7" exitcode="0" detail="" time="0" memory="836" score="10"/><testcase status="7" exitcode="0" detail="" time="0.01" memory="836" score="10"/></problem><problem title="pairs" filename="pairs.cpp" status="1" hash="1110140693" detail=""><testcase status="7" exitcode="0" detail="" time="0" memory="900" score="10"/><testcase status="7" exitcode="0" detail="" time="0" memory="836" score="10"/><testcase status="7" exitcode="0" detail="" time="0" memory="836" score="10"/><testcase status="7" exitcode="0" detail="" time="0" memory="836" score="10"/><testcase status="7" exitcode="0" detail="" time="0" memory="832" score="10"/><testcase status="7" exitcode="0" detail="" time="0" memory="836" score="10"/><testcase status="7" exitcode="0" detail="" time="0" memory="832" score="10"/><testcase status="7" exitcode="0" detail="" time="0.01" memory="832" score="10"/><testcase status="7" exitcode="0" detail="" time="0" memory="836" score="10"/><testcase status="7" exitcode="0" detail="" time="0" memory="836" score="10"/></problem><problem title="qbin" filename="qbin.cpp" status="1" hash="3274017430" detail=""><testcase status="7" exitcode="0" detail="" time="0" memory="904" score="10"/><testcase status="7" exitcode="0" detail="" time="0" memory="840" score="10"/><testcase status="7" exitcode="0" detail="" time="0" memory="836" score="10"/><testcase status="7" exitcode="0" detail="" time="0" memory="836" score="10"/><testcase status="7" exitcode="0" detail="" time="0" memory="836" score="10"/><testcase status="7" exitcode="0" detail="" time="0" memory="760" score="10"/><testcase status="7" exitcode="0" detail="" time="0" memory="836" score="10"/><testcase status="7" exitcode="0" detail="" time="0" memory="832" score="10"/><testcase status="7" exitcode="0" detail="" time="0" memory="840" score="10"/><testcase status="7" exitcode="0" detail="" time="0" memory="832" score="10"/></problem><problem title="statistic" filename="statistic.cpp" status="1" hash="549817968" detail=""><testcase status="7" exitcode="0" detail="" time="0" memory="24388" score="10"/><testcase status="7" exitcode="0" detail="" time="0" memory="24320" score="10"/><testcase status="7" exitcode="0" detail="" time="0.01" memory="24316" score="10"/><testcase status="7" exitcode="0" detail="" time="0.39" memory="24316" score="10"/><testcase status="7" exitcode="0" detail="" time="0.39" memory="24320" score="10"/><testcase status="7" exitcode="0" detail="" time="0.4" memory="24324" score="10"/><testcase status="7" exitcode="0" detail="" time="1.5" memory="24320" score="10"/><testcase status="7" exitcode="0" detail="" time="1.5" memory="24316" score="10"/><testcase status="7" exitcode="0" detail="" time="1.5" memory="24328" score="10"/><testcase status="7" exitcode="0" detail="" time="1.5" memory="24316" score="10"/></problem><problem title="cut" filename="cut.cpp" status="1" hash="1948031719" detail=""><testcase status="7" exitcode="0" detail="" time="0" memory="3652" score="10"/><testcase status="7" exitcode="0" detail="" time="0" memory="3580" score="10"/><testcase status="7" exitcode="0" detail="" time="0" memory="3580" score="10"/><testcase status="7" exitcode="0" detail="" time="0.01" memory="3576" score="10"/><testcase status="7" exitcode="0" detail="" time="0.01" memory="3576" score="10"/><testcase status="7" exitcode="0" detail="" time="0" memory="3576" score="10"/><testcase status="7" exitcode="0" detail="" time="0.01" memory="3576" score="10"/><testcase status="7" exitcode="0" detail="" time="0.18" memory="3588" score="10"/><testcase status="7" exitcode="0" detail="" time="0.15" memory="3588" score="10"/><testcase status="7" exitcode="0" detail="" time="0.12" memory="3584" score="10"/></problem><problem title="diff" filename="diff.cpp" status="1" hash="411528539" detail=""><testcase status="7" exitcode="0" detail="" time="0.04" memory="9860" score="10"/><testcase status="7" exitcode="0" detail="" time="0.07" memory="9792" score="10"/><testcase status="7" exitcode="0" detail="" time="0.06" memory="9788" score="10"/><testcase status="7" exitcode="0" detail="" time="0.39" memory="9796" score="10"/><testcase status="7" exitcode="0" detail="" time="0.28" memory="9788" score="10"/><testcase status="7" exitcode="0" detail="" time="0.31" memory="9796" score="10"/><testcase status="7" exitcode="0" detail="" time="0.39" memory="9792" score="10"/><testcase status="7" exitcode="0" detail="" time="0.31" memory="9792" score="10"/><testcase status="7" exitcode="0" detail="" time="0.32" memory="9792" score="10"/><testcase status="7" exitcode="0" detail="" time="0.37" memory="9796" score="10"/></problem></result></cena>
