<?xml version="1.0"?>
<cena version="0.8.2"><result judgetime="44095.7364292593"><problem title="notepad" filename="notepad.cpp" status="1" hash="1225016833" detail=""><testcase status="7" exitcode="0" detail="" time="0.01" memory="39424" score="5"/><testcase status="7" exitcode="0" detail="" time="0.18" memory="39428" score="5"/><testcase status="7" exitcode="0" detail="" time="0.14" memory="39428" score="5"/><testcase status="7" exitcode="0" detail="" time="0.15" memory="39428" score="5"/><testcase status="7" exitcode="0" detail="" time="0.01" memory="39424" score="5"/><testcase status="7" exitcode="0" detail="" time="0.01" memory="39428" score="5"/><testcase status="7" exitcode="0" detail="" time="0.03" memory="39428" score="5"/><testcase status="8" exitcode="0" detail="&#x5728;&#x7B2C; 1 &#x884C;:&#13;&#10;----&#x9009;&#x624B;&#x8F93;&#x51FA;&#x7684;&#x7B2C; 6 &#x5217;----&#13;&#10;&gt;...200 9&#13;&#10;----&#x6807;&#x51C6;&#x8F93;&#x51FA;&#x7684;&#x7B2C; 6 &#x5217;----&#13;&#10;&gt;...000 11" time="0.18" memory="39428" score="0"/><testcase status="8" exitcode="0" detail="&#x5728;&#x7B2C; 1 &#x884C;:&#13;&#10;----&#x9009;&#x624B;&#x8F93;&#x51FA;&#x7684;&#x7B2C; 6 &#x5217;----&#13;&#10;&gt;...200 9&#13;&#10;----&#x6807;&#x51C6;&#x8F93;&#x51FA;&#x7684;&#x7B2C; 6 &#x5217;----&#13;&#10;&gt;...000 7" time="0.14" memory="39428" score="0"/><testcase status="8" exitcode="0" detail="&#x5728;&#x7B2C; 1 &#x884C;:&#13;&#10;----&#x9009;&#x624B;&#x8F93;&#x51FA;&#x7684;&#x7B2C; 6 &#x5217;----&#13;&#10;&gt;...200 9&#13;&#10;----&#x6807;&#x51C6;&#x8F93;&#x51FA;&#x7684;&#x7B2C; 6 &#x5217;----&#13;&#10;&gt;...000 7" time="0.14" memory="39424" score="0"/><testcase status="8" exitcode="0" detail="&#x5728;&#x7B2C; 1 &#x884C;:&#13;&#10;----&#x9009;&#x624B;&#x8F93;&#x51FA;&#x7684;&#x7B2C; 6 &#x5217;----&#13;&#10;&gt;...200 9&#13;&#10;----&#x6807;&#x51C6;&#x8F93;&#x51FA;&#x7684;&#x7B2C; 6 &#x5217;----&#13;&#10;&gt;...000 11" time="0.15" memory="39428" score="0"/><testcase status="8" exitcode="0" detail="&#x5728;&#x7B2C; 1 &#x884C;:&#13;&#10;----&#x9009;&#x624B;&#x8F93;&#x51FA;&#x7684;&#x7B2C; 6 &#x5217;----&#13;&#10;&gt;...200 9&#13;&#10;----&#x6807;&#x51C6;&#x8F93;&#x51FA;&#x7684;&#x7B2C; 6 &#x5217;----&#13;&#10;&gt;...000 11" time="0.15" memory="39428" score="0"/><testcase status="7" exitcode="0" detail="" time="0.03" memory="39428" score="10"/><testcase status="7" exitcode="0" detail="" time="0.01" memory="39428" score="10"/><testcase status="7" exitcode="0" detail="" time="0.07" memory="39424" score="10"/></problem><problem title="window" filename="" status="14" hash="0" detail=""><testcase status="14" exitcode="0" detail="" time="0" memory="0" score="0"/><testcase status="14" exitcode="0" detail="" time="0" memory="0" score="0"/><testcase status="14" exitcode="0" detail="" time="0" memory="0" score="0"/><testcase status="14" exitcode="0" detail="" time="0" memory="0" score="0"/><testcase status="14" exitcode="0" detail="" time="0" memory="0" score="0"/><testcase status="14" exitcode="0" detail="" time="0" memory="0" score="0"/><testcase status="14" exitcode="0" detail="" time="0" memory="0" score="0"/><testcase status="14" exitcode="0" detail="" time="0" memory="0" score="0"/><testcase status="14" exitcode="0" detail="" time="0" memory="0" score="0"/><testcase status="14" exitcode="0" detail="" time="0" memory="0" score="0"/></problem><problem title="apples" filename="" status="14" hash="0" detail=""><testcase status="14" exitcode="0" detail="" time="0" memory="0" score="0"/><testcase status="14" exitcode="0" detail="" time="0" memory="0" score="0"/><testcase status="14" exitcode="0" detail="" time="0" memory="0" score="0"/><testcase status="14" exitcode="0" detail="" time="0" memory="0" score="0"/><testcase status="14" exitcode="0" detail="" time="0" memory="0" score="0"/><testcase status="14" exitcode="0" detail="" time="0" memory="0" score="0"/><testcase status="14" exitcode="0" detail="" time="0" memory="0" score="0"/><testcase status="14" exitcode="0" detail="" time="0" memory="0" score="0"/></problem><problem title="zipper" filename="zipper.cpp" status="1" hash="3871144062" detail=""><testcase status="8" exitcode="0" detail="&#x5728;&#x7B2C; 5 &#x884C;:&#13;&#10;----&#x9009;&#x624B;&#x8F93;&#x51FA;&#x7684;&#x7B2C; 13 &#x5217;----&#13;&#10;&gt;... yes&#13;&#10;----&#x6807;&#x51C6;&#x8F93;&#x51FA;&#x7684;&#x7B2C; 13 &#x5217;----&#13;&#10;&gt;... no" time="0.01" memory="456" score="0"/><testcase status="8" exitcode="0" detail="&#x5728;&#x7B2C; 1 &#x884C;:&#13;&#10;----&#x9009;&#x624B;&#x8F93;&#x51FA;&#x7684;&#x7B2C; 13 &#x5217;----&#13;&#10;&gt;... no&#13;&#10;----&#x6807;&#x51C6;&#x8F93;&#x51FA;&#x7684;&#x7B2C; 13 &#x5217;----&#13;&#10;&gt;... yes" time="0.01" memory="452" score="0"/><testcase status="8" exitcode="0" detail="&#x5728;&#x7B2C; 1 &#x884C;:&#13;&#10;----&#x9009;&#x624B;&#x8F93;&#x51FA;&#x7684;&#x7B2C; 13 &#x5217;----&#13;&#10;&gt;... no&#13;&#10;----&#x6807;&#x51C6;&#x8F93;&#x51FA;&#x7684;&#x7B2C; 13 &#x5217;----&#13;&#10;&gt;... yes" time="0.01" memory="448" score="0"/><testcase status="8" exitcode="0" detail="&#x5728;&#x7B2C; 2 &#x884C;:&#13;&#10;----&#x9009;&#x624B;&#x8F93;&#x51FA;&#x7684;&#x7B2C; 13 &#x5217;----&#13;&#10;&gt;... no&#13;&#10;----&#x6807;&#x51C6;&#x8F93;&#x51FA;&#x7684;&#x7B2C; 13 &#x5217;----&#13;&#10;&gt;... yes" time="0" memory="448" score="0"/><testcase status="8" exitcode="0" detail="&#x5728;&#x7B2C; 1 &#x884C;:&#13;&#10;----&#x9009;&#x624B;&#x8F93;&#x51FA;&#x7684;&#x7B2C; 13 &#x5217;----&#13;&#10;&gt;... no&#13;&#10;----&#x6807;&#x51C6;&#x8F93;&#x51FA;&#x7684;&#x7B2C; 13 &#x5217;----&#13;&#10;&gt;... yes" time="0" memory="448" score="0"/><testcase status="8" exitcode="0" detail="&#x5728;&#x7B2C; 2 &#x884C;:&#13;&#10;----&#x9009;&#x624B;&#x8F93;&#x51FA;&#x7684;&#x7B2C; 13 &#x5217;----&#13;&#10;&gt;... no&#13;&#10;----&#x6807;&#x51C6;&#x8F93;&#x51FA;&#x7684;&#x7B2C; 13 &#x5217;----&#13;&#10;&gt;... yes" time="0" memory="452" score="0"/><testcase status="8" exitcode="0" detail="&#x5728;&#x7B2C; 1 &#x884C;:&#13;&#10;----&#x9009;&#x624B;&#x8F93;&#x51FA;&#x7684;&#x7B2C; 13 &#x5217;----&#13;&#10;&gt;... no&#13;&#10;----&#x6807;&#x51C6;&#x8F93;&#x51FA;&#x7684;&#x7B2C; 13 &#x5217;----&#13;&#10;&gt;... yes" time="0.01" memory="452" score="0"/><testcase status="8" exitcode="0" detail="&#x5728;&#x7B2C; 1 &#x884C;:&#13;&#10;----&#x9009;&#x624B;&#x8F93;&#x51FA;&#x7684;&#x7B2C; 13 &#x5217;----&#13;&#10;&gt;... no&#13;&#10;----&#x6807;&#x51C6;&#x8F93;&#x51FA;&#x7684;&#x7B2C; 13 &#x5217;----&#13;&#10;&gt;... yes" time="0.01" memory="456" score="0"/><testcase status="8" exitcode="0" detail="&#x5728;&#x7B2C; 1 &#x884C;:&#13;&#10;----&#x9009;&#x624B;&#x8F93;&#x51FA;&#x7684;&#x7B2C; 13 &#x5217;----&#13;&#10;&gt;... no&#13;&#10;----&#x6807;&#x51C6;&#x8F93;&#x51FA;&#x7684;&#x7B2C; 13 &#x5217;----&#13;&#10;&gt;... yes" time="0.01" memory="448" score="0"/><testcase status="8" exitcode="0" detail="&#x5728;&#x7B2C; 1 &#x884C;:&#13;&#10;----&#x9009;&#x624B;&#x8F93;&#x51FA;&#x7684;&#x7B2C; 13 &#x5217;----&#13;&#10;&gt;... no&#13;&#10;----&#x6807;&#x51C6;&#x8F93;&#x51FA;&#x7684;&#x7B2C; 13 &#x5217;----&#13;&#10;&gt;... yes" time="0.01" memory="452" score="0"/></problem></result></cena>
