<?xml version="1.0"?>
<cena version="0.8.2"><result judgetime="44095.7361499421"><problem title="notepad" filename="notepad.cpp" status="1" hash="1417655455" detail=""><testcase status="7" exitcode="0" detail="" time="0" memory="2792" score="5"/><testcase status="7" exitcode="0" detail="" time="0.23" memory="2792" score="5"/><testcase status="7" exitcode="0" detail="" time="0.15" memory="2796" score="5"/><testcase status="8" exitcode="0" detail="&#x6807;&#x51C6;&#x8F93;&#x51FA;&#x6BD4;&#x9009;&#x624B;&#x8F93;&#x51FA;&#x957F;&#x3002;" time="0.23" memory="2784" score="0"/><testcase status="8" exitcode="0" detail="&#x6807;&#x51C6;&#x8F93;&#x51FA;&#x6BD4;&#x9009;&#x624B;&#x8F93;&#x51FA;&#x957F;&#x3002;" time="0" memory="2784" score="0"/><testcase status="7" exitcode="0" detail="" time="0" memory="2792" score="5"/><testcase status="7" exitcode="0" detail="" time="0" memory="2796" score="5"/><testcase status="7" exitcode="0" detail="" time="0.21" memory="2792" score="5"/><testcase status="7" exitcode="0" detail="" time="0.2" memory="2792" score="5"/><testcase status="7" exitcode="0" detail="" time="0.18" memory="2792" score="5"/><testcase status="7" exitcode="0" detail="" time="0.21" memory="2792" score="10"/><testcase status="7" exitcode="0" detail="" time="0.21" memory="2792" score="10"/><testcase status="7" exitcode="0" detail="" time="0.01" memory="2792" score="10"/><testcase status="8" exitcode="0" detail="&#x6807;&#x51C6;&#x8F93;&#x51FA;&#x6BD4;&#x9009;&#x624B;&#x8F93;&#x51FA;&#x957F;&#x3002;" time="0" memory="2784" score="0"/><testcase status="7" exitcode="0" detail="" time="0.12" memory="2792" score="10"/></problem><problem title="window" filename="window.cpp" status="1" hash="4043419946" detail=""><testcase status="3" exitcode="1" detail="" time="1.2012077" memory="8072" score="0"/><testcase status="3" exitcode="1" detail="" time="1.0140065" memory="8068" score="0"/><testcase status="3" exitcode="1" detail="" time="1.0140065" memory="8064" score="0"/><testcase status="3" exitcode="1" detail="" time="1.2012077" memory="8068" score="0"/><testcase status="3" exitcode="1" detail="" time="1.0140065" memory="8068" score="0"/><testcase status="3" exitcode="1" detail="" time="1.0140065" memory="8064" score="0"/><testcase status="3" exitcode="1" detail="" time="1.0140065" memory="8072" score="0"/><testcase status="3" exitcode="1" detail="" time="1.2012077" memory="8064" score="0"/><testcase status="3" exitcode="1" detail="" time="1.0140065" memory="8072" score="0"/><testcase status="3" exitcode="1" detail="" time="1.2012077" memory="8068" score="0"/></problem><problem title="apples" filename="" status="14" hash="0" detail=""><testcase status="14" exitcode="0" detail="" time="0" memory="0" score="0"/><testcase status="14" exitcode="0" detail="" time="0" memory="0" score="0"/><testcase status="14" exitcode="0" detail="" time="0" memory="0" score="0"/><testcase status="14" exitcode="0" detail="" time="0" memory="0" score="0"/><testcase status="14" exitcode="0" detail="" time="0" memory="0" score="0"/><testcase status="14" exitcode="0" detail="" time="0" memory="0" score="0"/><testcase status="14" exitcode="0" detail="" time="0" memory="0" score="0"/><testcase status="14" exitcode="0" detail="" time="0" memory="0" score="0"/></problem><problem title="zipper" filename="" status="14" hash="0" detail=""><testcase status="14" exitcode="0" detail="" time="0" memory="0" score="0"/><testcase status="14" exitcode="0" detail="" time="0" memory="0" score="0"/><testcase status="14" exitcode="0" detail="" time="0" memory="0" score="0"/><testcase status="14" exitcode="0" detail="" time="0" memory="0" score="0"/><testcase status="14" exitcode="0" detail="" time="0" memory="0" score="0"/><testcase status="14" exitcode="0" detail="" time="0" memory="0" score="0"/><testcase status="14" exitcode="0" detail="" time="0" memory="0" score="0"/><testcase status="14" exitcode="0" detail="" time="0" memory="0" score="0"/><testcase status="14" exitcode="0" detail="" time="0" memory="0" score="0"/><testcase status="14" exitcode="0" detail="" time="0" memory="0" score="0"/></problem></result></cena>
