<?xml version="1.0"?>
<cena version="0.8.2"><result judgetime="44106.6485369213"><problem title="square" filename="square.cpp" status="1" hash="1873861486" detail=""><testcase status="7" exitcode="0" detail="" time="0.01" memory="1136" score="10"/><testcase status="7" exitcode="0" detail="" time="0.01" memory="1076" score="10"/><testcase status="7" exitcode="0" detail="" time="0.01" memory="1076" score="10"/><testcase status="7" exitcode="0" detail="" time="0.01" memory="1076" score="10"/><testcase status="7" exitcode="0" detail="" time="0.01" memory="1088" score="10"/><testcase status="7" exitcode="0" detail="" time="0.01" memory="1076" score="10"/><testcase status="7" exitcode="0" detail="" time="0" memory="1076" score="10"/><testcase status="7" exitcode="0" detail="" time="0.01" memory="1076" score="10"/><testcase status="7" exitcode="0" detail="" time="0.03" memory="1080" score="10"/><testcase status="7" exitcode="0" detail="" time="0.01" memory="1080" score="10"/></problem><problem title="pairs" filename="pairs.cpp" status="1" hash="2146030352" detail=""><testcase status="8" exitcode="0" detail="&#x5728;&#x7B2C; 2 &#x884C;:&#13;&#10;----&#x9009;&#x624B;&#x8F93;&#x51FA;&#x7684;&#x7B2C; 10 &#x5217;----&#13;&#10;&gt;...4&#13;&#10;----&#x6807;&#x51C6;&#x8F93;&#x51FA;&#x7684;&#x7B2C; 10 &#x5217;----&#13;&#10;&gt;...5" time="0.01" memory="1140" score="0"/><testcase status="8" exitcode="0" detail="&#x5728;&#x7B2C; 2 &#x884C;:&#13;&#10;----&#x9009;&#x624B;&#x8F93;&#x51FA;&#x7684;&#x7B2C; 10 &#x5217;----&#13;&#10;&gt;...8&#13;&#10;----&#x6807;&#x51C6;&#x8F93;&#x51FA;&#x7684;&#x7B2C; 10 &#x5217;----&#13;&#10;&gt;...9" time="0" memory="1076" score="0"/><testcase status="8" exitcode="0" detail="&#x5728;&#x7B2C; 7 &#x884C;:&#13;&#10;----&#x9009;&#x624B;&#x8F93;&#x51FA;&#x7684;&#x7B2C; 5 &#x5217;----&#13;&#10;&gt;...641748&#13;&#10;----&#x6807;&#x51C6;&#x8F93;&#x51FA;&#x7684;&#x7B2C; 5 &#x5217;----&#13;&#10;&gt;...550193" time="0" memory="1076" score="0"/><testcase status="8" exitcode="0" detail="&#x5728;&#x7B2C; 2 &#x884C;:&#13;&#10;----&#x9009;&#x624B;&#x8F93;&#x51FA;&#x7684;&#x7B2C; 15 &#x5217;----&#13;&#10;&gt;...1&#13;&#10;----&#x6807;&#x51C6;&#x8F93;&#x51FA;&#x7684;&#x7B2C; 15 &#x5217;----&#13;&#10;&gt;...0" time="0" memory="1080" score="0"/><testcase status="8" exitcode="0" detail="&#x5728;&#x7B2C; 3 &#x884C;:&#13;&#10;----&#x9009;&#x624B;&#x8F93;&#x51FA;&#x7684;&#x7B2C; 15 &#x5217;----&#13;&#10;&gt;...7&#13;&#10;----&#x6807;&#x51C6;&#x8F93;&#x51FA;&#x7684;&#x7B2C; 15 &#x5217;----&#13;&#10;&gt;...8" time="0.01" memory="1076" score="0"/><testcase status="8" exitcode="0" detail="&#x5728;&#x7B2C; 7 &#x884C;:&#13;&#10;----&#x9009;&#x624B;&#x8F93;&#x51FA;&#x7684;&#x7B2C; 8 &#x5217;----&#13;&#10;&gt;...969003...&#13;&#10;----&#x6807;&#x51C6;&#x8F93;&#x51FA;&#x7684;&#x7B2C; 8 &#x5217;----&#13;&#10;&gt;...261382..." time="0" memory="1076" score="0"/><testcase status="8" exitcode="0" detail="&#x5728;&#x7B2C; 1 &#x884C;:&#13;&#10;----&#x9009;&#x624B;&#x8F93;&#x51FA;&#x7684;&#x7B2C; 8 &#x5217;----&#13;&#10;&gt;...745910...&#13;&#10;----&#x6807;&#x51C6;&#x8F93;&#x51FA;&#x7684;&#x7B2C; 8 &#x5217;----&#13;&#10;&gt;...197583..." time="0" memory="1076" score="0"/><testcase status="8" exitcode="0" detail="&#x5728;&#x7B2C; 3 &#x884C;:&#13;&#10;----&#x9009;&#x624B;&#x8F93;&#x51FA;&#x7684;&#x7B2C; 9 &#x5217;----&#13;&#10;&gt;...820481...&#13;&#10;----&#x6807;&#x51C6;&#x8F93;&#x51FA;&#x7684;&#x7B2C; 9 &#x5217;----&#13;&#10;&gt;...034914..." time="0" memory="1080" score="0"/><testcase status="8" exitcode="0" detail="&#x5728;&#x7B2C; 2 &#x884C;:&#13;&#10;----&#x9009;&#x624B;&#x8F93;&#x51FA;&#x7684;&#x7B2C; 16 &#x5217;----&#13;&#10;&gt;...2&#13;&#10;----&#x6807;&#x51C6;&#x8F93;&#x51FA;&#x7684;&#x7B2C; 16 &#x5217;----&#13;&#10;&gt;...4" time="0" memory="1084" score="0"/><testcase status="8" exitcode="0" detail="&#x5728;&#x7B2C; 1 &#x884C;:&#13;&#10;----&#x9009;&#x624B;&#x8F93;&#x51FA;&#x7684;&#x7B2C; 16 &#x5217;----&#13;&#10;&gt;...6&#13;&#10;----&#x6807;&#x51C6;&#x8F93;&#x51FA;&#x7684;&#x7B2C; 16 &#x5217;----&#13;&#10;&gt;...5" time="0" memory="1080" score="0"/></problem><problem title="qbin" filename="qbin.cpp" status="1" hash="3939561892" detail=""><testcase status="10" exitcode="0" detail="" time="0" memory="1132" score="0"/><testcase status="10" exitcode="0" detail="" time="0" memory="1076" score="0"/><testcase status="10" exitcode="0" detail="" time="0" memory="1080" score="0"/><testcase status="10" exitcode="0" detail="" time="0" memory="1072" score="0"/><testcase status="10" exitcode="0" detail="" time="0" memory="1072" score="0"/><testcase status="10" exitcode="0" detail="" time="0" memory="1076" score="0"/><testcase status="10" exitcode="0" detail="" time="0" memory="1076" score="0"/><testcase status="10" exitcode="0" detail="" time="0" memory="1072" score="0"/><testcase status="10" exitcode="0" detail="" time="0" memory="1072" score="0"/><testcase status="10" exitcode="0" detail="" time="0" memory="1072" score="0"/></problem><problem title="statistic" filename="statistic.cpp" status="1" hash="1017547242" detail=""><testcase status="7" exitcode="0" detail="" time="0.01" memory="12884" score="10"/><testcase status="7" exitcode="0" detail="" time="0" memory="12820" score="10"/><testcase status="7" exitcode="0" detail="" time="0" memory="12824" score="10"/><testcase status="7" exitcode="0" detail="" time="0.43" memory="12828" score="10"/><testcase status="7" exitcode="0" detail="" time="0.43" memory="12824" score="10"/><testcase status="7" exitcode="0" detail="" time="0.43" memory="12828" score="10"/><testcase status="3" exitcode="1" detail="" time="1.640625" memory="12828" score="0"/><testcase status="3" exitcode="1" detail="" time="1.59375" memory="12824" score="0"/><testcase status="3" exitcode="1" detail="" time="1.609375" memory="12820" score="0"/><testcase status="3" exitcode="1" detail="" time="1.6391818" memory="12820" score="0"/></problem><problem title="cut" filename="" status="14" hash="0" detail=""><testcase status="14" exitcode="0" detail="" time="0" memory="0" score="0"/><testcase status="14" exitcode="0" detail="" time="0" memory="0" score="0"/><testcase status="14" exitcode="0" detail="" time="0" memory="0" score="0"/><testcase status="14" exitcode="0" detail="" time="0" memory="0" score="0"/><testcase status="14" exitcode="0" detail="" time="0" memory="0" score="0"/><testcase status="14" exitcode="0" detail="" time="0" memory="0" score="0"/><testcase status="14" exitcode="0" detail="" time="0" memory="0" score="0"/><testcase status="14" exitcode="0" detail="" time="0" memory="0" score="0"/><testcase status="14" exitcode="0" detail="" time="0" memory="0" score="0"/><testcase status="14" exitcode="0" detail="" time="0" memory="0" score="0"/></problem><problem title="diff" filename="diff.cpp" status="1" hash="4030746357" detail=""><testcase status="3" exitcode="1" detail="" time="1.2462969" memory="1172" score="0"/><testcase status="3" exitcode="1" detail="" time="1.046875" memory="1096" score="0"/><testcase status="3" exitcode="1" detail="" time="1.015625" memory="1108" score="0"/><testcase status="3" exitcode="1" detail="" time="1.0303771" memory="1112" score="0"/><testcase status="3" exitcode="1" detail="" time="1.03125" memory="1104" score="0"/><testcase status="3" exitcode="1" detail="" time="1.015625" memory="1100" score="0"/><testcase status="3" exitcode="1" detail="" time="1.015625" memory="1104" score="0"/><testcase status="3" exitcode="1" detail="" time="1.0410099" memory="1108" score="0"/><testcase status="3" exitcode="1" detail="" time="1.015625" memory="1100" score="0"/><testcase status="3" exitcode="1" detail="" time="1.015625" memory="1104" score="0"/></problem></result></cena>
