<?xml version="1.0"?>
<cena version="0.8.2"><result judgetime="44095.7328144676"><problem title="notepad" filename="notepad.cpp" status="1" hash="2063419333" detail=""><testcase status="7" exitcode="0" detail="" time="0" memory="492" score="5"/><testcase status="7" exitcode="0" detail="" time="0.62" memory="5384" score="5"/><testcase status="7" exitcode="0" detail="" time="0.17" memory="476" score="5"/><testcase status="8" exitcode="0" detail="&#x6807;&#x51C6;&#x8F93;&#x51FA;&#x6BD4;&#x9009;&#x624B;&#x8F93;&#x51FA;&#x957F;&#x3002;" time="0.79" memory="7492" score="0"/><testcase status="8" exitcode="0" detail="&#x6807;&#x51C6;&#x8F93;&#x51FA;&#x6BD4;&#x9009;&#x624B;&#x8F93;&#x51FA;&#x957F;&#x3002;" time="0" memory="472" score="0"/><testcase status="7" exitcode="0" detail="" time="0" memory="472" score="5"/><testcase status="7" exitcode="0" detail="" time="0" memory="472" score="5"/><testcase status="7" exitcode="0" detail="" time="0.32" memory="1044" score="5"/><testcase status="7" exitcode="0" detail="" time="0.28" memory="1048" score="5"/><testcase status="7" exitcode="0" detail="" time="0.26" memory="1044" score="5"/><testcase status="7" exitcode="0" detail="" time="0.34" memory="1048" score="10"/><testcase status="7" exitcode="0" detail="" time="0.32" memory="1048" score="10"/><testcase status="7" exitcode="0" detail="" time="0" memory="472" score="10"/><testcase status="8" exitcode="0" detail="&#x6807;&#x51C6;&#x8F93;&#x51FA;&#x6BD4;&#x9009;&#x624B;&#x8F93;&#x51FA;&#x957F;&#x3002;" time="0" memory="472" score="0"/><testcase status="7" exitcode="0" detail="" time="0.09" memory="472" score="10"/></problem><problem title="window" filename="window.cpp" status="1" hash="3955437338" detail=""><testcase status="7" exitcode="0" detail="" time="0" memory="86568" score="10"/><testcase status="7" exitcode="0" detail="" time="0" memory="86572" score="10"/><testcase status="7" exitcode="0" detail="" time="0.24" memory="88564" score="10"/><testcase status="7" exitcode="0" detail="" time="0.17" memory="86684" score="10"/><testcase status="7" exitcode="0" detail="" time="0.1" memory="88264" score="10"/><testcase status="3" exitcode="1" detail="" time="1.2012077" memory="101672" score="0"/><testcase status="3" exitcode="1" detail="" time="1.2012077" memory="97160" score="0"/><testcase status="3" exitcode="1" detail="" time="1.0140065" memory="106784" score="0"/><testcase status="3" exitcode="1" detail="" time="1.2012077" memory="94164" score="0"/><testcase status="3" exitcode="1" detail="" time="1.2012077" memory="98968" score="0"/></problem><problem title="apples" filename="apples.cpp" status="1" hash="2749622231" detail=""><testcase status="8" exitcode="0" detail="&#x6807;&#x51C6;&#x8F93;&#x51FA;&#x6BD4;&#x9009;&#x624B;&#x8F93;&#x51FA;&#x957F;&#x3002;" time="0" memory="440" score="0"/><testcase status="8" exitcode="0" detail="&#x6807;&#x51C6;&#x8F93;&#x51FA;&#x6BD4;&#x9009;&#x624B;&#x8F93;&#x51FA;&#x957F;&#x3002;" time="0.01" memory="440" score="0"/><testcase status="8" exitcode="0" detail="&#x6807;&#x51C6;&#x8F93;&#x51FA;&#x6BD4;&#x9009;&#x624B;&#x8F93;&#x51FA;&#x957F;&#x3002;" time="0" memory="440" score="0"/><testcase status="8" exitcode="0" detail="&#x6807;&#x51C6;&#x8F93;&#x51FA;&#x6BD4;&#x9009;&#x624B;&#x8F93;&#x51FA;&#x957F;&#x3002;" time="0" memory="440" score="0"/><testcase status="8" exitcode="0" detail="&#x6807;&#x51C6;&#x8F93;&#x51FA;&#x6BD4;&#x9009;&#x624B;&#x8F93;&#x51FA;&#x957F;&#x3002;" time="0" memory="440" score="0"/><testcase status="8" exitcode="0" detail="&#x6807;&#x51C6;&#x8F93;&#x51FA;&#x6BD4;&#x9009;&#x624B;&#x8F93;&#x51FA;&#x957F;&#x3002;" time="0" memory="436" score="0"/><testcase status="8" exitcode="0" detail="&#x6807;&#x51C6;&#x8F93;&#x51FA;&#x6BD4;&#x9009;&#x624B;&#x8F93;&#x51FA;&#x957F;&#x3002;" time="0" memory="440" score="0"/><testcase status="8" exitcode="0" detail="&#x6807;&#x51C6;&#x8F93;&#x51FA;&#x6BD4;&#x9009;&#x624B;&#x8F93;&#x51FA;&#x957F;&#x3002;" time="0" memory="440" score="0"/></problem><problem title="zipper" filename="" status="14" hash="0" detail=""><testcase status="14" exitcode="0" detail="" time="0" memory="0" score="0"/><testcase status="14" exitcode="0" detail="" time="0" memory="0" score="0"/><testcase status="14" exitcode="0" detail="" time="0" memory="0" score="0"/><testcase status="14" exitcode="0" detail="" time="0" memory="0" score="0"/><testcase status="14" exitcode="0" detail="" time="0" memory="0" score="0"/><testcase status="14" exitcode="0" detail="" time="0" memory="0" score="0"/><testcase status="14" exitcode="0" detail="" time="0" memory="0" score="0"/><testcase status="14" exitcode="0" detail="" time="0" memory="0" score="0"/><testcase status="14" exitcode="0" detail="" time="0" memory="0" score="0"/><testcase status="14" exitcode="0" detail="" time="0" memory="0" score="0"/></problem></result></cena>
