<?xml version="1.0"?>
<cena version="0.8.2"><result judgetime="44088.7232524653"><problem title="correlate" filename="correlate.cpp" status="1" hash="2157409527" detail=""><testcase status="7" exitcode="0" detail="" time="0" memory="280" score="10"/><testcase status="7" exitcode="0" detail="" time="0" memory="280" score="10"/><testcase status="7" exitcode="0" detail="" time="0" memory="288" score="10"/><testcase status="7" exitcode="0" detail="" time="0" memory="280" score="10"/><testcase status="8" exitcode="0" detail="&#x6807;&#x51C6;&#x8F93;&#x51FA;&#x6BD4;&#x9009;&#x624B;&#x8F93;&#x51FA;&#x957F;&#x3002;" time="0" memory="280" score="0"/><testcase status="7" exitcode="0" detail="" time="0" memory="280" score="10"/><testcase status="8" exitcode="0" detail="&#x6807;&#x51C6;&#x8F93;&#x51FA;&#x6BD4;&#x9009;&#x624B;&#x8F93;&#x51FA;&#x957F;&#x3002;" time="0" memory="280" score="0"/><testcase status="8" exitcode="0" detail="&#x6807;&#x51C6;&#x8F93;&#x51FA;&#x6BD4;&#x9009;&#x624B;&#x8F93;&#x51FA;&#x957F;&#x3002;" time="0" memory="280" score="0"/><testcase status="7" exitcode="0" detail="" time="0" memory="284" score="10"/><testcase status="7" exitcode="0" detail="" time="0" memory="280" score="10"/></problem><problem title="happy" filename="happy.cpp" status="1" hash="309685802" detail=""><testcase status="7" exitcode="0" detail="" time="0" memory="440" score="10"/><testcase status="8" exitcode="0" detail="&#x5728;&#x7B2C; 1 &#x884C;:&#13;&#10;----&#x9009;&#x624B;&#x8F93;&#x51FA;&#x7684;&#x7B2C; 2 &#x5217;----&#13;&#10;&gt;...09&#13;&#10;----&#x6807;&#x51C6;&#x8F93;&#x51FA;&#x7684;&#x7B2C; 2 &#x5217;----&#13;&#10;&gt;...53" time="0" memory="440" score="0"/><testcase status="7" exitcode="0" detail="" time="0" memory="440" score="10"/><testcase status="8" exitcode="0" detail="&#x5728;&#x7B2C; 1 &#x884C;:&#13;&#10;----&#x9009;&#x624B;&#x8F93;&#x51FA;&#x7684;&#x7B2C; 2 &#x5217;----&#13;&#10;&gt;...27&#13;&#10;----&#x6807;&#x51C6;&#x8F93;&#x51FA;&#x7684;&#x7B2C; 2 &#x5217;----&#13;&#10;&gt;...46" time="0" memory="436" score="0"/><testcase status="7" exitcode="0" detail="" time="0" memory="440" score="10"/><testcase status="8" exitcode="0" detail="&#x5728;&#x7B2C; 1 &#x884C;:&#13;&#10;----&#x9009;&#x624B;&#x8F93;&#x51FA;&#x7684;&#x7B2C; 3 &#x5217;----&#13;&#10;&gt;...0&#13;&#10;----&#x6807;&#x51C6;&#x8F93;&#x51FA;&#x7684;&#x7B2C; 3 &#x5217;----&#13;&#10;&gt;...5" time="0" memory="436" score="0"/><testcase status="7" exitcode="0" detail="" time="0" memory="440" score="10"/><testcase status="8" exitcode="0" detail="&#x5728;&#x7B2C; 1 &#x884C;:&#13;&#10;----&#x9009;&#x624B;&#x8F93;&#x51FA;&#x7684;&#x7B2C; 2 &#x5217;----&#13;&#10;&gt;...44&#13;&#10;----&#x6807;&#x51C6;&#x8F93;&#x51FA;&#x7684;&#x7B2C; 2 &#x5217;----&#13;&#10;&gt;...57" time="0" memory="436" score="0"/><testcase status="7" exitcode="0" detail="" time="0" memory="440" score="10"/><testcase status="7" exitcode="0" detail="" time="0" memory="440" score="10"/></problem><problem title="gene" filename="gene.cpp" status="1" hash="81351891" detail=""><testcase status="10" exitcode="0" detail="" time="0" memory="268" score="0"/><testcase status="10" exitcode="0" detail="" time="0" memory="268" score="0"/><testcase status="10" exitcode="0" detail="" time="0" memory="272" score="0"/><testcase status="10" exitcode="0" detail="" time="0.01" memory="276" score="0"/><testcase status="10" exitcode="0" detail="" time="0" memory="268" score="0"/><testcase status="10" exitcode="0" detail="" time="0" memory="272" score="0"/><testcase status="10" exitcode="0" detail="" time="0" memory="268" score="0"/><testcase status="10" exitcode="0" detail="" time="0" memory="268" score="0"/><testcase status="10" exitcode="0" detail="" time="0" memory="272" score="0"/><testcase status="10" exitcode="0" detail="" time="0" memory="272" score="0"/></problem><problem title="shopping" filename="shopping.cpp" status="1" hash="305636899" detail=""><testcase status="10" exitcode="0" detail="" time="0" memory="244" score="0"/><testcase status="10" exitcode="0" detail="" time="0" memory="240" score="0"/><testcase status="10" exitcode="0" detail="" time="0" memory="240" score="0"/><testcase status="10" exitcode="0" detail="" time="0" memory="244" score="0"/><testcase status="10" exitcode="0" detail="" time="0" memory="240" score="0"/><testcase status="10" exitcode="0" detail="" time="0" memory="240" score="0"/><testcase status="10" exitcode="0" detail="" time="0" memory="240" score="0"/></problem></result></cena>
