<?xml version="1.0"?>
<cena version="0.8.2"><result judgetime="44116.6304395602"><problem title="&#x5C0F;&#x660E;&#x5206;&#x7CD6;" filename="xiaoming.cpp" status="1" hash="3018449651" detail=""><testcase status="7" exitcode="0" detail="" time="0" memory="360" score="10"/><testcase status="7" exitcode="0" detail="" time="0" memory="368" score="10"/><testcase status="7" exitcode="0" detail="" time="0" memory="360" score="10"/><testcase status="7" exitcode="0" detail="" time="0" memory="360" score="10"/><testcase status="7" exitcode="0" detail="" time="0" memory="360" score="10"/><testcase status="7" exitcode="0" detail="" time="0" memory="360" score="10"/><testcase status="7" exitcode="0" detail="" time="0" memory="360" score="10"/><testcase status="7" exitcode="0" detail="" time="0" memory="364" score="10"/><testcase status="7" exitcode="0" detail="" time="0" memory="364" score="10"/><testcase status="7" exitcode="0" detail="" time="0" memory="364" score="10"/></problem><problem title="&#x6700;&#x5927;&#x5B50;&#x77E9;&#x9635;" filename="matrix.cpp" status="1" hash="3596268818" detail=""><testcase status="7" exitcode="0" detail="" time="0" memory="320" score="10"/><testcase status="7" exitcode="0" detail="" time="0.01" memory="320" score="10"/><testcase status="7" exitcode="0" detail="" time="0" memory="320" score="10"/><testcase status="7" exitcode="0" detail="" time="0" memory="316" score="10"/><testcase status="7" exitcode="0" detail="" time="0" memory="316" score="10"/><testcase status="7" exitcode="0" detail="" time="0" memory="320" score="10"/><testcase status="7" exitcode="0" detail="" time="0" memory="316" score="10"/><testcase status="7" exitcode="0" detail="" time="0" memory="316" score="10"/><testcase status="7" exitcode="0" detail="" time="0" memory="316" score="10"/><testcase status="7" exitcode="0" detail="" time="0.01" memory="320" score="10"/></problem><problem title="&#x5403;&#x6843;&#x5B50;" filename="peach.cpp" status="1" hash="4204790920" detail=""><testcase status="7" exitcode="0" detail="" time="0" memory="320" score="10"/><testcase status="7" exitcode="0" detail="" time="0" memory="320" score="10"/><testcase status="7" exitcode="0" detail="" time="0" memory="316" score="10"/><testcase status="7" exitcode="0" detail="" time="0" memory="320" score="10"/><testcase status="7" exitcode="0" detail="" time="0.01" memory="320" score="10"/><testcase status="7" exitcode="0" detail="" time="0.01" memory="320" score="10"/><testcase status="7" exitcode="0" detail="" time="0.03" memory="316" score="10"/><testcase status="7" exitcode="0" detail="" time="0.03" memory="320" score="10"/><testcase status="7" exitcode="0" detail="" time="0.01" memory="320" score="10"/><testcase status="7" exitcode="0" detail="" time="0.01" memory="320" score="10"/></problem><problem title="&#x5B57;&#x7B26;&#x4E32;&#x8DDD;&#x79BB;" filename="zifu.cpp" status="1" hash="161547690" detail=""><testcase status="7" exitcode="0" detail="" time="0" memory="4416" score="10"/><testcase status="7" exitcode="0" detail="" time="0" memory="4416" score="10"/><testcase status="7" exitcode="0" detail="" time="0.01" memory="4416" score="10"/><testcase status="7" exitcode="0" detail="" time="0.03" memory="4416" score="10"/><testcase status="7" exitcode="0" detail="" time="0.03" memory="4416" score="10"/><testcase status="7" exitcode="0" detail="" time="0.12" memory="4412" score="10"/><testcase status="7" exitcode="0" detail="" time="0.14" memory="4416" score="10"/><testcase status="7" exitcode="0" detail="" time="0.23" memory="4420" score="10"/><testcase status="7" exitcode="0" detail="" time="0.31" memory="4416" score="10"/><testcase status="7" exitcode="0" detail="" time="0.42" memory="4416" score="10"/></problem></result></cena>
