<?xml version="1.0"?>
<cena version="0.8.2"><result judgetime="44095.7358260185"><problem title="notepad" filename="notepad.cpp" status="1" hash="1559141301" detail=""><testcase status="7" exitcode="0" detail="" time="0" memory="500" score="5"/><testcase status="7" exitcode="0" detail="" time="0.76" memory="5388" score="5"/><testcase status="7" exitcode="0" detail="" time="0.29" memory="504" score="5"/><testcase status="7" exitcode="0" detail="" time="0.92" memory="7496" score="5"/><testcase status="7" exitcode="0" detail="" time="0" memory="500" score="5"/><testcase status="7" exitcode="0" detail="" time="0" memory="500" score="5"/><testcase status="7" exitcode="0" detail="" time="0.01" memory="500" score="5"/><testcase status="7" exitcode="0" detail="" time="0.45" memory="1052" score="5"/><testcase status="7" exitcode="0" detail="" time="0.4" memory="1052" score="5"/><testcase status="7" exitcode="0" detail="" time="0.35" memory="1056" score="5"/><testcase status="7" exitcode="0" detail="" time="0.43" memory="1056" score="10"/><testcase status="7" exitcode="0" detail="" time="0.45" memory="1056" score="10"/><testcase status="7" exitcode="0" detail="" time="0" memory="500" score="10"/><testcase status="7" exitcode="0" detail="" time="0" memory="500" score="10"/><testcase status="7" exitcode="0" detail="" time="0.18" memory="504" score="10"/></problem><problem title="window" filename="window.cpp" status="1" hash="4074306962" detail=""><testcase status="7" exitcode="0" detail="" time="0" memory="4360" score="10"/><testcase status="7" exitcode="0" detail="" time="0" memory="4360" score="10"/><testcase status="7" exitcode="0" detail="" time="0.09" memory="4360" score="10"/><testcase status="7" exitcode="0" detail="" time="0.09" memory="4360" score="10"/><testcase status="7" exitcode="0" detail="" time="0.03" memory="4360" score="10"/><testcase status="7" exitcode="0" detail="" time="0.45" memory="4364" score="10"/><testcase status="7" exitcode="0" detail="" time="0.54" memory="4360" score="10"/><testcase status="7" exitcode="0" detail="" time="0.84" memory="4360" score="10"/><testcase status="3" exitcode="1" detail="" time="1.1856076" memory="4360" score="0"/><testcase status="7" exitcode="0" detail="" time="0.7" memory="4360" score="10"/></problem><problem title="apples" filename="apples.cpp" status="1" hash="791591295" detail=""><testcase status="7" exitcode="0" detail="" time="0" memory="420" score="10"/><testcase status="8" exitcode="0" detail="&#x5728;&#x7B2C; 1 &#x884C;:&#13;&#10;----&#x9009;&#x624B;&#x8F93;&#x51FA;&#x7684;&#x7B2C; 1 &#x5217;----&#13;&#10;&gt;4&#13;&#10;----&#x6807;&#x51C6;&#x8F93;&#x51FA;&#x7684;&#x7B2C; 1 &#x5217;----&#13;&#10;&gt;2" time="0" memory="424" score="0"/><testcase status="7" exitcode="0" detail="" time="0" memory="424" score="10"/><testcase status="7" exitcode="0" detail="" time="0" memory="424" score="10"/><testcase status="8" exitcode="0" detail="&#x5728;&#x7B2C; 1 &#x884C;:&#13;&#10;----&#x9009;&#x624B;&#x8F93;&#x51FA;&#x7684;&#x7B2C; 1 &#x5217;----&#13;&#10;&gt;6&#13;&#10;----&#x6807;&#x51C6;&#x8F93;&#x51FA;&#x7684;&#x7B2C; 1 &#x5217;----&#13;&#10;&gt;5" time="0" memory="428" score="0"/><testcase status="8" exitcode="0" detail="&#x5728;&#x7B2C; 1 &#x884C;:&#13;&#10;----&#x9009;&#x624B;&#x8F93;&#x51FA;&#x7684;&#x7B2C; 1 &#x5217;----&#13;&#10;&gt;66&#13;&#10;----&#x6807;&#x51C6;&#x8F93;&#x51FA;&#x7684;&#x7B2C; 1 &#x5217;----&#13;&#10;&gt;38" time="0.01" memory="424" score="0"/><testcase status="7" exitcode="0" detail="" time="0.14" memory="420" score="20"/><testcase status="8" exitcode="0" detail="&#x5728;&#x7B2C; 1 &#x884C;:&#13;&#10;----&#x9009;&#x624B;&#x8F93;&#x51FA;&#x7684;&#x7B2C; 1 &#x5217;----&#13;&#10;&gt;7&#13;&#10;----&#x6807;&#x51C6;&#x8F93;&#x51FA;&#x7684;&#x7B2C; 1 &#x5217;----&#13;&#10;&gt;4" time="0.31" memory="424" score="0"/></problem><problem title="zipper" filename="zipper.cpp" status="1" hash="3406368546" detail=""><testcase status="7" exitcode="0" detail="" time="0" memory="324" score="10"/><testcase status="7" exitcode="0" detail="" time="0" memory="328" score="10"/><testcase status="7" exitcode="0" detail="" time="0" memory="324" score="10"/><testcase status="7" exitcode="0" detail="" time="0" memory="324" score="10"/><testcase status="7" exitcode="0" detail="" time="0" memory="332" score="10"/><testcase status="7" exitcode="0" detail="" time="0" memory="328" score="10"/><testcase status="7" exitcode="0" detail="" time="0" memory="328" score="10"/><testcase status="7" exitcode="0" detail="" time="0" memory="328" score="10"/><testcase status="7" exitcode="0" detail="" time="0" memory="328" score="10"/><testcase status="7" exitcode="0" detail="" time="0" memory="324" score="10"/></problem></result></cena>
