<?xml version="1.0"?>
<cena version="0.8.2"><result judgetime="44088.6599699884"><problem title="&#x5B57;&#x7B26;&#x6392;&#x5E8F;" filename="sstr.cpp" status="1" hash="4276222892" detail=""><testcase status="7" exitcode="0" detail="" time="0" memory="444" score="10"/><testcase status="7" exitcode="0" detail="" time="0" memory="444" score="10"/><testcase status="7" exitcode="0" detail="" time="0.01" memory="444" score="10"/><testcase status="7" exitcode="0" detail="" time="0.01" memory="444" score="10"/><testcase status="7" exitcode="0" detail="" time="0" memory="444" score="10"/><testcase status="7" exitcode="0" detail="" time="0" memory="444" score="10"/><testcase status="7" exitcode="0" detail="" time="0.01" memory="444" score="10"/><testcase status="7" exitcode="0" detail="" time="0" memory="444" score="10"/><testcase status="7" exitcode="0" detail="" time="0" memory="444" score="10"/><testcase status="7" exitcode="0" detail="" time="0" memory="444" score="10"/></problem><problem title="&#x7279;&#x6B8A;&#x6392;&#x5E8F;" filename="ssort.cpp" status="1" hash="1204021767" detail=""><testcase status="7" exitcode="0" detail="" time="0.01" memory="500" score="10"/><testcase status="7" exitcode="0" detail="" time="0" memory="500" score="10"/><testcase status="7" exitcode="0" detail="" time="0" memory="500" score="10"/><testcase status="7" exitcode="0" detail="" time="0.06" memory="500" score="10"/><testcase status="7" exitcode="0" detail="" time="0.04" memory="500" score="10"/><testcase status="7" exitcode="0" detail="" time="0.03" memory="500" score="10"/><testcase status="7" exitcode="0" detail="" time="0.04" memory="500" score="10"/><testcase status="7" exitcode="0" detail="" time="0.03" memory="500" score="10"/><testcase status="7" exitcode="0" detail="" time="0.03" memory="500" score="10"/><testcase status="7" exitcode="0" detail="" time="0.04" memory="500" score="10"/></problem><problem title="EXCEL&#x6392;&#x5E8F;" filename="excel.cpp" status="1" hash="393729153" detail=""><testcase status="8" exitcode="0" detail="&#x5728;&#x7B2C; 7 &#x884C;:&#13;&#10;----&#x9009;&#x624B;&#x8F93;&#x51FA;&#x7684;&#x7B2C; 6 &#x5217;----&#13;&#10;&gt;...6 Sun ...&#13;&#10;----&#x6807;&#x51C6;&#x8F93;&#x51FA;&#x7684;&#x7B2C; 6 &#x5217;----&#13;&#10;&gt;...7 Qian..." time="0" memory="2848" score="0"/><testcase status="6" exitcode="3221225477" detail="" time="0.01" memory="2848" score="0"/><testcase status="6" exitcode="3221225477" detail="" time="0.03" memory="2852" score="0"/><testcase status="6" exitcode="3221225477" detail="" time="0" memory="2848" score="0"/><testcase status="6" exitcode="3221225477" detail="" time="0.01" memory="2848" score="0"/><testcase status="6" exitcode="3221225477" detail="" time="0" memory="2848" score="0"/><testcase status="6" exitcode="3221225477" detail="" time="0" memory="2848" score="0"/><testcase status="6" exitcode="3221225477" detail="" time="0" memory="2848" score="0"/><testcase status="6" exitcode="3221225477" detail="" time="0.01" memory="2848" score="0"/><testcase status="6" exitcode="3221225477" detail="" time="0" memory="2852" score="0"/></problem><problem title="&#x6251;&#x514B;&#x6392;&#x5E8F;" filename="" status="14" hash="0" detail=""><testcase status="14" exitcode="0" detail="" time="0" memory="0" score="0"/><testcase status="14" exitcode="0" detail="" time="0" memory="0" score="0"/><testcase status="14" exitcode="0" detail="" time="0" memory="0" score="0"/><testcase status="14" exitcode="0" detail="" time="0" memory="0" score="0"/><testcase status="14" exitcode="0" detail="" time="0" memory="0" score="0"/><testcase status="14" exitcode="0" detail="" time="0" memory="0" score="0"/><testcase status="14" exitcode="0" detail="" time="0" memory="0" score="0"/><testcase status="14" exitcode="0" detail="" time="0" memory="0" score="0"/><testcase status="14" exitcode="0" detail="" time="0" memory="0" score="0"/><testcase status="14" exitcode="0" detail="" time="0" memory="0" score="0"/></problem></result></cena>
