<?xml version="1.0"?>
<cena version="0.8.2"><result judgetime="44088.6494317014"><problem title="&#x5B57;&#x7B26;&#x6392;&#x5E8F;" filename="sstr.cpp" status="1" hash="4089007081" detail=""><testcase status="7" exitcode="0" detail="" time="0" memory="276" score="10"/><testcase status="7" exitcode="0" detail="" time="0" memory="280" score="10"/><testcase status="7" exitcode="0" detail="" time="0.01" memory="276" score="10"/><testcase status="7" exitcode="0" detail="" time="0" memory="276" score="10"/><testcase status="7" exitcode="0" detail="" time="0" memory="280" score="10"/><testcase status="7" exitcode="0" detail="" time="0" memory="280" score="10"/><testcase status="7" exitcode="0" detail="" time="0" memory="276" score="10"/><testcase status="7" exitcode="0" detail="" time="0" memory="280" score="10"/><testcase status="7" exitcode="0" detail="" time="0" memory="276" score="10"/><testcase status="7" exitcode="0" detail="" time="0" memory="280" score="10"/></problem><problem title="&#x7279;&#x6B8A;&#x6392;&#x5E8F;" filename="ssort.cpp" status="1" hash="1630017413" detail=""><testcase status="7" exitcode="0" detail="" time="0" memory="536" score="10"/><testcase status="7" exitcode="0" detail="" time="0.01" memory="540" score="10"/><testcase status="7" exitcode="0" detail="" time="0.01" memory="536" score="10"/><testcase status="7" exitcode="0" detail="" time="0.03" memory="536" score="10"/><testcase status="7" exitcode="0" detail="" time="0.01" memory="536" score="10"/><testcase status="7" exitcode="0" detail="" time="0.03" memory="536" score="10"/><testcase status="7" exitcode="0" detail="" time="0.03" memory="536" score="10"/><testcase status="7" exitcode="0" detail="" time="0.03" memory="540" score="10"/><testcase status="7" exitcode="0" detail="" time="0.03" memory="536" score="10"/><testcase status="7" exitcode="0" detail="" time="0.03" memory="536" score="10"/></problem><problem title="EXCEL&#x6392;&#x5E8F;" filename="excel.cpp" status="1" hash="2677862637" detail=""><testcase status="7" exitcode="0" detail="" time="0" memory="2408" score="10"/><testcase status="7" exitcode="0" detail="" time="0.01" memory="2408" score="10"/><testcase status="7" exitcode="0" detail="" time="0" memory="2408" score="10"/><testcase status="7" exitcode="0" detail="" time="0.01" memory="2408" score="10"/><testcase status="7" exitcode="0" detail="" time="0.53" memory="2408" score="10"/><testcase status="7" exitcode="0" detail="" time="0.01" memory="2408" score="10"/><testcase status="7" exitcode="0" detail="" time="0.06" memory="2408" score="10"/><testcase status="7" exitcode="0" detail="" time="0.01" memory="2408" score="10"/><testcase status="7" exitcode="0" detail="" time="0" memory="2412" score="10"/><testcase status="7" exitcode="0" detail="" time="0.53" memory="2408" score="10"/></problem><problem title="&#x6251;&#x514B;&#x6392;&#x5E8F;" filename="card.cpp" status="1" hash="3202429592" detail=""><testcase status="7" exitcode="0" detail="" time="0" memory="284" score="10"/><testcase status="7" exitcode="0" detail="" time="0" memory="284" score="10"/><testcase status="7" exitcode="0" detail="" time="0" memory="284" score="10"/><testcase status="7" exitcode="0" detail="" time="0" memory="284" score="10"/><testcase status="7" exitcode="0" detail="" time="0" memory="280" score="10"/><testcase status="7" exitcode="0" detail="" time="0" memory="284" score="10"/><testcase status="7" exitcode="0" detail="" time="0" memory="284" score="10"/><testcase status="7" exitcode="0" detail="" time="0" memory="284" score="10"/><testcase status="7" exitcode="0" detail="" time="0" memory="284" score="10"/><testcase status="7" exitcode="0" detail="" time="0" memory="284" score="10"/></problem></result></cena>
