<?xml version="1.0"?>
<cena version="0.8.2"><result judgetime="44106.6406974537"><problem title="square" filename="square.cpp" status="1" hash="2441611528" detail=""><testcase status="7" exitcode="0" detail="" time="0" memory="688" score="10"/><testcase status="7" exitcode="0" detail="" time="0" memory="624" score="10"/><testcase status="7" exitcode="0" detail="" time="0" memory="624" score="10"/><testcase status="7" exitcode="0" detail="" time="0" memory="628" score="10"/><testcase status="7" exitcode="0" detail="" time="0" memory="624" score="10"/><testcase status="7" exitcode="0" detail="" time="0" memory="628" score="10"/><testcase status="7" exitcode="0" detail="" time="0" memory="624" score="10"/><testcase status="7" exitcode="0" detail="" time="0" memory="628" score="10"/><testcase status="7" exitcode="0" detail="" time="0" memory="624" score="10"/><testcase status="7" exitcode="0" detail="" time="0" memory="624" score="10"/></problem><problem title="pairs" filename="pairs.cpp" status="1" hash="1695672321" detail=""><testcase status="7" exitcode="0" detail="" time="0" memory="688" score="10"/><testcase status="7" exitcode="0" detail="" time="0.01" memory="628" score="10"/><testcase status="7" exitcode="0" detail="" time="0" memory="628" score="10"/><testcase status="7" exitcode="0" detail="" time="0" memory="628" score="10"/><testcase status="7" exitcode="0" detail="" time="0.01" memory="628" score="10"/><testcase status="7" exitcode="0" detail="" time="0" memory="624" score="10"/><testcase status="7" exitcode="0" detail="" time="0" memory="624" score="10"/><testcase status="7" exitcode="0" detail="" time="0" memory="628" score="10"/><testcase status="7" exitcode="0" detail="" time="0" memory="628" score="10"/><testcase status="7" exitcode="0" detail="" time="0" memory="624" score="10"/></problem><problem title="qbin" filename="qbin.cpp" status="1" hash="813310606" detail=""><testcase status="7" exitcode="0" detail="" time="0" memory="1536" score="10"/><testcase status="7" exitcode="0" detail="" time="0" memory="1476" score="10"/><testcase status="7" exitcode="0" detail="" time="0" memory="1468" score="10"/><testcase status="7" exitcode="0" detail="" time="0.01" memory="1480" score="10"/><testcase status="7" exitcode="0" detail="" time="0" memory="1464" score="10"/><testcase status="7" exitcode="0" detail="" time="0" memory="1468" score="10"/><testcase status="7" exitcode="0" detail="" time="0" memory="1476" score="10"/><testcase status="7" exitcode="0" detail="" time="0" memory="1480" score="10"/><testcase status="7" exitcode="0" detail="" time="0" memory="1472" score="10"/><testcase status="7" exitcode="0" detail="" time="0" memory="1472" score="10"/></problem><problem title="statistic" filename="statistic.cpp" status="1" hash="810735173" detail=""><testcase status="7" exitcode="0" detail="" time="0.01" memory="12644" score="10"/><testcase status="7" exitcode="0" detail="" time="0" memory="12576" score="10"/><testcase status="7" exitcode="0" detail="" time="0" memory="12580" score="10"/><testcase status="7" exitcode="0" detail="" time="0.35" memory="12576" score="10"/><testcase status="7" exitcode="0" detail="" time="0.37" memory="12580" score="10"/><testcase status="7" exitcode="0" detail="" time="0.37" memory="12576" score="10"/><testcase status="7" exitcode="0" detail="" time="1.43" memory="12572" score="10"/><testcase status="7" exitcode="0" detail="" time="1.37" memory="12572" score="10"/><testcase status="7" exitcode="0" detail="" time="1.45" memory="12576" score="10"/><testcase status="7" exitcode="0" detail="" time="1.42" memory="12576" score="10"/></problem><problem title="cut" filename="" status="14" hash="0" detail=""><testcase status="14" exitcode="0" detail="" time="0" memory="0" score="0"/><testcase status="14" exitcode="0" detail="" time="0" memory="0" score="0"/><testcase status="14" exitcode="0" detail="" time="0" memory="0" score="0"/><testcase status="14" exitcode="0" detail="" time="0" memory="0" score="0"/><testcase status="14" exitcode="0" detail="" time="0" memory="0" score="0"/><testcase status="14" exitcode="0" detail="" time="0" memory="0" score="0"/><testcase status="14" exitcode="0" detail="" time="0" memory="0" score="0"/><testcase status="14" exitcode="0" detail="" time="0" memory="0" score="0"/><testcase status="14" exitcode="0" detail="" time="0" memory="0" score="0"/><testcase status="14" exitcode="0" detail="" time="0" memory="0" score="0"/></problem><problem title="diff" filename="" status="14" hash="0" detail=""><testcase status="14" exitcode="0" detail="" time="0" memory="0" score="0"/><testcase status="14" exitcode="0" detail="" time="0" memory="0" score="0"/><testcase status="14" exitcode="0" detail="" time="0" memory="0" score="0"/><testcase status="14" exitcode="0" detail="" time="0" memory="0" score="0"/><testcase status="14" exitcode="0" detail="" time="0" memory="0" score="0"/><testcase status="14" exitcode="0" detail="" time="0" memory="0" score="0"/><testcase status="14" exitcode="0" detail="" time="0" memory="0" score="0"/><testcase status="14" exitcode="0" detail="" time="0" memory="0" score="0"/><testcase status="14" exitcode="0" detail="" time="0" memory="0" score="0"/><testcase status="14" exitcode="0" detail="" time="0" memory="0" score="0"/></problem></result></cena>
