<?xml version="1.0"?>
<cena version="0.8.2"><result judgetime="44098.6561306597"><problem title="maths" filename="maths.cpp" status="1" hash="817357832" detail=""><testcase status="7" exitcode="0" detail="" time="0" memory="376" score="10"/><testcase status="7" exitcode="0" detail="" time="0" memory="376" score="10"/><testcase status="7" exitcode="0" detail="" time="0" memory="376" score="10"/><testcase status="7" exitcode="0" detail="" time="0.03" memory="376" score="10"/><testcase status="7" exitcode="0" detail="" time="0" memory="376" score="10"/><testcase status="7" exitcode="0" detail="" time="0.01" memory="372" score="10"/><testcase status="7" exitcode="0" detail="" time="0" memory="376" score="10"/><testcase status="7" exitcode="0" detail="" time="0.03" memory="372" score="10"/><testcase status="7" exitcode="0" detail="" time="0.01" memory="376" score="10"/><testcase status="7" exitcode="0" detail="" time="0.01" memory="372" score="10"/></problem><problem title="close" filename="close.cpp" status="1" hash="871557019" detail=""><testcase status="3" exitcode="1" detail="" time="1.1856076" memory="272" score="0"/><testcase status="3" exitcode="1" detail="" time="1.0140065" memory="276" score="0"/><testcase status="3" exitcode="1" detail="" time="1.0140065" memory="272" score="0"/><testcase status="3" exitcode="1" detail="" time="1.0140065" memory="276" score="0"/><testcase status="3" exitcode="1" detail="" time="1.0140065" memory="276" score="0"/><testcase status="3" exitcode="1" detail="" time="1.0140065" memory="272" score="0"/><testcase status="3" exitcode="1" detail="" time="1.0140065" memory="272" score="0"/><testcase status="3" exitcode="1" detail="" time="1.0140065" memory="276" score="0"/><testcase status="3" exitcode="1" detail="" time="1.0140065" memory="272" score="0"/><testcase status="3" exitcode="1" detail="" time="1.0140065" memory="276" score="0"/></problem><problem title="dna" filename="dna.cpp" status="1" hash="1227336121" detail=""><testcase status="7" exitcode="0" detail="" time="0.1" memory="78940" score="10"/><testcase status="7" exitcode="0" detail="" time="0.1" memory="78944" score="10"/><testcase status="7" exitcode="0" detail="" time="0.1" memory="78944" score="10"/><testcase status="6" exitcode="3221225477" detail="" time="0.1" memory="78948" score="0"/><testcase status="6" exitcode="3221225477" detail="" time="0.1" memory="78944" score="0"/><testcase status="6" exitcode="3221225477" detail="" time="0.1" memory="78944" score="0"/><testcase status="6" exitcode="3221225477" detail="" time="0.07" memory="78940" score="0"/><testcase status="6" exitcode="3221225477" detail="" time="0.09" memory="78948" score="0"/><testcase status="6" exitcode="3221225477" detail="" time="0.09" memory="78944" score="0"/><testcase status="6" exitcode="3221225477" detail="" time="0.1" memory="78948" score="0"/></problem><problem title="game" filename="" status="14" hash="0" detail=""><testcase status="14" exitcode="0" detail="" time="0" memory="0" score="0"/><testcase status="14" exitcode="0" detail="" time="0" memory="0" score="0"/><testcase status="14" exitcode="0" detail="" time="0" memory="0" score="0"/><testcase status="14" exitcode="0" detail="" time="0" memory="0" score="0"/><testcase status="14" exitcode="0" detail="" time="0" memory="0" score="0"/><testcase status="14" exitcode="0" detail="" time="0" memory="0" score="0"/><testcase status="14" exitcode="0" detail="" time="0" memory="0" score="0"/><testcase status="14" exitcode="0" detail="" time="0" memory="0" score="0"/><testcase status="14" exitcode="0" detail="" time="0" memory="0" score="0"/><testcase status="14" exitcode="0" detail="" time="0" memory="0" score="0"/></problem></result></cena>
