<?xml version="1.0"?>
<cena version="0.8.2"><result judgetime="44095.7344427778"><problem title="notepad" filename="notepad.cpp" status="1" hash="3656758928" detail=""><testcase status="7" exitcode="0" detail="" time="0" memory="1452" score="5"/><testcase status="7" exitcode="0" detail="" time="0.1" memory="1456" score="5"/><testcase status="7" exitcode="0" detail="" time="0.07" memory="1456" score="5"/><testcase status="7" exitcode="0" detail="" time="0.09" memory="1460" score="5"/><testcase status="7" exitcode="0" detail="" time="0" memory="1452" score="5"/><testcase status="7" exitcode="0" detail="" time="0" memory="1456" score="5"/><testcase status="7" exitcode="0" detail="" time="0" memory="1456" score="5"/><testcase status="7" exitcode="0" detail="" time="0.09" memory="1460" score="5"/><testcase status="7" exitcode="0" detail="" time="0.07" memory="1456" score="5"/><testcase status="7" exitcode="0" detail="" time="0.09" memory="1456" score="5"/><testcase status="7" exitcode="0" detail="" time="0.09" memory="1456" score="10"/><testcase status="7" exitcode="0" detail="" time="0.09" memory="1460" score="10"/><testcase status="7" exitcode="0" detail="" time="0" memory="1460" score="10"/><testcase status="7" exitcode="0" detail="" time="0" memory="1456" score="10"/><testcase status="7" exitcode="0" detail="" time="0.04" memory="1452" score="10"/></problem><problem title="window" filename="window.cpp" status="1" hash="1973855630" detail=""><testcase status="4" exitcode="0" detail="" time="0" memory="239032" score="0"/><testcase status="4" exitcode="0" detail="" time="0" memory="239032" score="0"/><testcase status="4" exitcode="1" detail="" time="0.18" memory="239036" score="0"/><testcase status="4" exitcode="1" detail="" time="0.18" memory="239028" score="0"/><testcase status="4" exitcode="0" detail="" time="0.07" memory="239032" score="0"/><testcase status="4" exitcode="1" detail="" time="0.18" memory="239028" score="0"/><testcase status="4" exitcode="1" detail="" time="0.2" memory="239036" score="0"/><testcase status="4" exitcode="1" detail="" time="0.2" memory="239032" score="0"/><testcase status="4" exitcode="1" detail="" time="0.2" memory="239028" score="0"/><testcase status="4" exitcode="1" detail="" time="0.2" memory="239032" score="0"/></problem><problem title="apples" filename="apples.cpp" status="1" hash="23058968" detail=""><testcase status="8" exitcode="0" detail="&#x5728;&#x7B2C; 1 &#x884C;:&#13;&#10;----&#x9009;&#x624B;&#x8F93;&#x51FA;&#x7684;&#x7B2C; 1 &#x5217;----&#13;&#10;&gt;1&#13;&#10;----&#x6807;&#x51C6;&#x8F93;&#x51FA;&#x7684;&#x7B2C; 1 &#x5217;----&#13;&#10;&gt;3" time="0" memory="348" score="0"/><testcase status="8" exitcode="0" detail="&#x5728;&#x7B2C; 1 &#x884C;:&#13;&#10;----&#x9009;&#x624B;&#x8F93;&#x51FA;&#x7684;&#x7B2C; 1 &#x5217;----&#13;&#10;&gt;0&#13;&#10;----&#x6807;&#x51C6;&#x8F93;&#x51FA;&#x7684;&#x7B2C; 1 &#x5217;----&#13;&#10;&gt;2" time="0" memory="340" score="0"/><testcase status="8" exitcode="0" detail="&#x5728;&#x7B2C; 1 &#x884C;:&#13;&#10;----&#x9009;&#x624B;&#x8F93;&#x51FA;&#x7684;&#x7B2C; 1 &#x5217;----&#13;&#10;&gt;0&#13;&#10;----&#x6807;&#x51C6;&#x8F93;&#x51FA;&#x7684;&#x7B2C; 1 &#x5217;----&#13;&#10;&gt;6" time="0" memory="344" score="0"/><testcase status="8" exitcode="0" detail="&#x5728;&#x7B2C; 1 &#x884C;:&#13;&#10;----&#x9009;&#x624B;&#x8F93;&#x51FA;&#x7684;&#x7B2C; 1 &#x5217;----&#13;&#10;&gt;1&#13;&#10;----&#x6807;&#x51C6;&#x8F93;&#x51FA;&#x7684;&#x7B2C; 1 &#x5217;----&#13;&#10;&gt;50" time="0" memory="344" score="0"/><testcase status="8" exitcode="0" detail="&#x5728;&#x7B2C; 1 &#x884C;:&#13;&#10;----&#x9009;&#x624B;&#x8F93;&#x51FA;&#x7684;&#x7B2C; 1 &#x5217;----&#13;&#10;&gt;0&#13;&#10;----&#x6807;&#x51C6;&#x8F93;&#x51FA;&#x7684;&#x7B2C; 1 &#x5217;----&#13;&#10;&gt;5" time="0" memory="352" score="0"/><testcase status="8" exitcode="0" detail="&#x5728;&#x7B2C; 1 &#x884C;:&#13;&#10;----&#x9009;&#x624B;&#x8F93;&#x51FA;&#x7684;&#x7B2C; 1 &#x5217;----&#13;&#10;&gt;0&#13;&#10;----&#x6807;&#x51C6;&#x8F93;&#x51FA;&#x7684;&#x7B2C; 1 &#x5217;----&#13;&#10;&gt;38" time="0" memory="400" score="0"/><testcase status="8" exitcode="0" detail="&#x5728;&#x7B2C; 1 &#x884C;:&#13;&#10;----&#x9009;&#x624B;&#x8F93;&#x51FA;&#x7684;&#x7B2C; 1 &#x5217;----&#13;&#10;&gt;0&#13;&#10;----&#x6807;&#x51C6;&#x8F93;&#x51FA;&#x7684;&#x7B2C; 1 &#x5217;----&#13;&#10;&gt;2313" time="0" memory="524" score="0"/><testcase status="8" exitcode="0" detail="&#x5728;&#x7B2C; 1 &#x884C;:&#13;&#10;----&#x9009;&#x624B;&#x8F93;&#x51FA;&#x7684;&#x7B2C; 1 &#x5217;----&#13;&#10;&gt;0&#13;&#10;----&#x6807;&#x51C6;&#x8F93;&#x51FA;&#x7684;&#x7B2C; 1 &#x5217;----&#13;&#10;&gt;4" time="0.01" memory="648" score="0"/></problem><problem title="zipper" filename="" status="14" hash="0" detail=""><testcase status="14" exitcode="0" detail="" time="0" memory="0" score="0"/><testcase status="14" exitcode="0" detail="" time="0" memory="0" score="0"/><testcase status="14" exitcode="0" detail="" time="0" memory="0" score="0"/><testcase status="14" exitcode="0" detail="" time="0" memory="0" score="0"/><testcase status="14" exitcode="0" detail="" time="0" memory="0" score="0"/><testcase status="14" exitcode="0" detail="" time="0" memory="0" score="0"/><testcase status="14" exitcode="0" detail="" time="0" memory="0" score="0"/><testcase status="14" exitcode="0" detail="" time="0" memory="0" score="0"/><testcase status="14" exitcode="0" detail="" time="0" memory="0" score="0"/><testcase status="14" exitcode="0" detail="" time="0" memory="0" score="0"/></problem></result></cena>
