<?xml version="1.0"?>
<cena version="0.8.1"><result judgetime="44123.6715961227"><problem title="&#x6C42;&#x6700;&#x957F;&#x516C;&#x5171;&#x5B50;&#x5E8F;&#x5217;LCS" filename="public.cpp" status="1" hash="989049366" detail=""><testcase status="7" exitcode="0" detail="" time="0" memory="4412" score="10"/><testcase status="7" exitcode="0" detail="" time="0" memory="4416" score="10"/><testcase status="7" exitcode="0" detail="" time="0" memory="4404" score="10"/><testcase status="7" exitcode="0" detail="" time="0" memory="4404" score="10"/><testcase status="7" exitcode="0" detail="" time="0" memory="4416" score="10"/><testcase status="7" exitcode="0" detail="" time="0.01" memory="4412" score="10"/><testcase status="7" exitcode="0" detail="" time="0" memory="4412" score="10"/><testcase status="7" exitcode="0" detail="" time="0.01" memory="4408" score="10"/><testcase status="7" exitcode="0" detail="" time="0" memory="4408" score="10"/><testcase status="7" exitcode="0" detail="" time="0" memory="4412" score="10"/></problem><problem title="&#x6700;&#x957F;&#x4E0A;&#x5347;&#x5B50;&#x5E8F;&#x5217;" filename="longrise.cpp" status="1" hash="1283038863" detail=""><testcase status="7" exitcode="0" detail="" time="0" memory="464" score="10"/><testcase status="7" exitcode="0" detail="" time="0" memory="468" score="10"/><testcase status="7" exitcode="0" detail="" time="0" memory="464" score="10"/><testcase status="7" exitcode="0" detail="" time="0" memory="468" score="10"/><testcase status="7" exitcode="0" detail="" time="0" memory="460" score="10"/><testcase status="7" exitcode="0" detail="" time="0" memory="468" score="10"/><testcase status="7" exitcode="0" detail="" time="0" memory="468" score="10"/><testcase status="7" exitcode="0" detail="" time="0" memory="464" score="10"/><testcase status="7" exitcode="0" detail="" time="0.01" memory="468" score="10"/><testcase status="7" exitcode="0" detail="" time="0.01" memory="464" score="10"/></problem><problem title="&#x548C;&#x6700;&#x5927;&#x5B50;&#x5E8F;&#x5217;" filename="mlong.cpp" status="1" hash="4182623794" detail=""><testcase status="7" exitcode="2" detail="" time="0" memory="1628" score="10"/><testcase status="7" exitcode="5" detail="" time="0" memory="1628" score="10"/><testcase status="7" exitcode="5" detail="" time="0" memory="1632" score="10"/><testcase status="7" exitcode="5" detail="" time="0" memory="1632" score="10"/><testcase status="7" exitcode="6" detail="" time="0.01" memory="1628" score="10"/><testcase status="7" exitcode="6" detail="" time="0" memory="1632" score="10"/><testcase status="7" exitcode="7" detail="" time="0" memory="1628" score="10"/><testcase status="7" exitcode="7" detail="" time="0" memory="1632" score="10"/><testcase status="7" exitcode="7" detail="" time="0" memory="1636" score="10"/><testcase status="7" exitcode="9" detail="" time="0.01" memory="1628" score="10"/></problem><problem title="01&#x80CC;&#x5305;" filename="bag.cpp" status="1" hash="2300502594" detail=""><testcase status="7" exitcode="0" detail="" time="0" memory="4392" score="10"/><testcase status="7" exitcode="0" detail="" time="0" memory="4396" score="10"/><testcase status="7" exitcode="0" detail="" time="0" memory="4396" score="10"/><testcase status="7" exitcode="0" detail="" time="0.01" memory="4396" score="10"/><testcase status="7" exitcode="0" detail="" time="0" memory="4392" score="10"/><testcase status="7" exitcode="0" detail="" time="0" memory="4392" score="10"/><testcase status="7" exitcode="0" detail="" time="0" memory="4392" score="10"/><testcase status="7" exitcode="0" detail="" time="0.01" memory="4396" score="10"/><testcase status="7" exitcode="0" detail="" time="0" memory="4388" score="10"/><testcase status="7" exitcode="0" detail="" time="0" memory="4392" score="10"/></problem><problem title="&#x6446;&#x52A8;&#x5E8F;&#x5217;" filename="list.cpp" status="1" hash="2929054915" detail=""><testcase status="7" exitcode="0" detail="" time="0" memory="460" score="10"/><testcase status="7" exitcode="0" detail="" time="0" memory="460" score="10"/><testcase status="7" exitcode="0" detail="" time="0" memory="460" score="10"/><testcase status="7" exitcode="0" detail="" time="0" memory="456" score="10"/><testcase status="7" exitcode="0" detail="" time="0" memory="456" score="10"/><testcase status="7" exitcode="0" detail="" time="0" memory="464" score="10"/><testcase status="7" exitcode="0" detail="" time="0" memory="452" score="10"/><testcase status="7" exitcode="0" detail="" time="0" memory="456" score="10"/><testcase status="7" exitcode="0" detail="" time="0" memory="460" score="10"/><testcase status="7" exitcode="0" detail="" time="0" memory="460" score="10"/></problem><problem title="&#x6446;&#x52A8;&#x5E8F;&#x5217;2" filename="listwo.cpp" status="1" hash="3594786301" detail=""><testcase status="7" exitcode="0" detail="" time="0" memory="456" score="10"/><testcase status="7" exitcode="0" detail="" time="0" memory="460" score="10"/><testcase status="7" exitcode="0" detail="" time="0" memory="456" score="10"/><testcase status="7" exitcode="0" detail="" time="0" memory="460" score="10"/><testcase status="7" exitcode="0" detail="" time="0" memory="456" score="10"/><testcase status="7" exitcode="0" detail="" time="0" memory="452" score="10"/><testcase status="10" exitcode="0" detail="" time="0" memory="460" score="0"/><testcase status="7" exitcode="0" detail="" time="0" memory="456" score="10"/><testcase status="7" exitcode="0" detail="" time="0" memory="460" score="10"/><testcase status="8" exitcode="0" detail="&#x5728;&#x7B2C; 1 &#x884C;:&#13;&#10;----&#x9009;&#x624B;&#x8F93;&#x51FA;&#x7684;&#x7B2C; 1 &#x5217;----&#13;&#10;&gt;-122&#13;&#10;----&#x6807;&#x51C6;&#x8F93;&#x51FA;&#x7684;&#x7B2C; 1 &#x5217;----&#13;&#10;&gt;230584..." time="0" memory="460" score="0"/></problem></result></cena>
