<?xml version="1.0"?>
<cena version="0.8.2"><result judgetime="44088.6591197106"><problem title="&#x5B57;&#x7B26;&#x6392;&#x5E8F;" filename="sstr.cpp" status="1" hash="2505068302" detail=""><testcase status="7" exitcode="0" detail="" time="0" memory="276" score="10"/><testcase status="7" exitcode="0" detail="" time="0" memory="276" score="10"/><testcase status="7" exitcode="0" detail="" time="0" memory="276" score="10"/><testcase status="7" exitcode="0" detail="" time="0" memory="280" score="10"/><testcase status="7" exitcode="0" detail="" time="0" memory="276" score="10"/><testcase status="7" exitcode="0" detail="" time="0" memory="276" score="10"/><testcase status="7" exitcode="0" detail="" time="0" memory="276" score="10"/><testcase status="7" exitcode="0" detail="" time="0" memory="280" score="10"/><testcase status="7" exitcode="0" detail="" time="0" memory="284" score="10"/><testcase status="7" exitcode="0" detail="" time="0" memory="280" score="10"/></problem><problem title="&#x7279;&#x6B8A;&#x6392;&#x5E8F;" filename="ssort.cpp" status="1" hash="82055835" detail=""><testcase status="7" exitcode="0" detail="" time="0" memory="288" score="10"/><testcase status="7" exitcode="0" detail="" time="0" memory="288" score="10"/><testcase status="7" exitcode="0" detail="" time="0" memory="284" score="10"/><testcase status="7" exitcode="0" detail="" time="0.01" memory="284" score="10"/><testcase status="7" exitcode="0" detail="" time="0.01" memory="284" score="10"/><testcase status="7" exitcode="0" detail="" time="0.03" memory="284" score="10"/><testcase status="7" exitcode="0" detail="" time="0.01" memory="284" score="10"/><testcase status="7" exitcode="0" detail="" time="0.03" memory="284" score="10"/><testcase status="7" exitcode="0" detail="" time="0.04" memory="288" score="10"/><testcase status="7" exitcode="0" detail="" time="0.01" memory="292" score="10"/></problem><problem title="EXCEL&#x6392;&#x5E8F;" filename="excel.cpp" status="1" hash="1138472004" detail=""><testcase status="7" exitcode="0" detail="" time="0.01" memory="5540" score="10"/><testcase status="7" exitcode="0" detail="" time="0" memory="5540" score="10"/><testcase status="7" exitcode="0" detail="" time="0.01" memory="5540" score="10"/><testcase status="7" exitcode="0" detail="" time="0.01" memory="5540" score="10"/><testcase status="3" exitcode="1" detail="" time="1.2012077" memory="5540" score="0"/><testcase status="7" exitcode="0" detail="" time="0.03" memory="5544" score="10"/><testcase status="7" exitcode="0" detail="" time="0.14" memory="5544" score="10"/><testcase status="7" exitcode="0" detail="" time="0.01" memory="5544" score="10"/><testcase status="7" exitcode="0" detail="" time="0.04" memory="5540" score="10"/><testcase status="3" exitcode="1" detail="" time="1.2012077" memory="5540" score="0"/></problem><problem title="&#x6251;&#x514B;&#x6392;&#x5E8F;" filename="card.cpp" status="1" hash="3395844805" detail=""><testcase status="7" exitcode="0" detail="" time="0" memory="280" score="10"/><testcase status="7" exitcode="0" detail="" time="0" memory="280" score="10"/><testcase status="7" exitcode="0" detail="" time="0" memory="280" score="10"/><testcase status="7" exitcode="0" detail="" time="0" memory="280" score="10"/><testcase status="7" exitcode="0" detail="" time="0" memory="280" score="10"/><testcase status="7" exitcode="0" detail="" time="0" memory="288" score="10"/><testcase status="7" exitcode="0" detail="" time="0" memory="284" score="10"/><testcase status="7" exitcode="0" detail="" time="0" memory="284" score="10"/><testcase status="7" exitcode="0" detail="" time="0" memory="280" score="10"/><testcase status="7" exitcode="0" detail="" time="0" memory="284" score="10"/></problem></result></cena>
