<?xml version="1.0"?>
<cena version="0.8.2"><result judgetime="44106.6428956829"><problem title="square" filename="square.cpp" status="1" hash="596533004" detail=""><testcase status="7" exitcode="0" detail="" time="0" memory="688" score="10"/><testcase status="7" exitcode="0" detail="" time="0" memory="628" score="10"/><testcase status="7" exitcode="0" detail="" time="0" memory="628" score="10"/><testcase status="7" exitcode="0" detail="" time="0" memory="628" score="10"/><testcase status="7" exitcode="0" detail="" time="0" memory="624" score="10"/><testcase status="7" exitcode="0" detail="" time="0" memory="628" score="10"/><testcase status="7" exitcode="0" detail="" time="0" memory="624" score="10"/><testcase status="7" exitcode="0" detail="" time="0" memory="632" score="10"/><testcase status="7" exitcode="0" detail="" time="0" memory="628" score="10"/><testcase status="7" exitcode="0" detail="" time="0" memory="628" score="10"/></problem><problem title="pairs" filename="pairs.cpp" status="1" hash="146872343" detail=""><testcase status="7" exitcode="0" detail="" time="0" memory="904" score="10"/><testcase status="7" exitcode="0" detail="" time="0" memory="836" score="10"/><testcase status="7" exitcode="0" detail="" time="0" memory="836" score="10"/><testcase status="7" exitcode="0" detail="" time="0.01" memory="836" score="10"/><testcase status="7" exitcode="0" detail="" time="0" memory="832" score="10"/><testcase status="7" exitcode="0" detail="" time="0" memory="836" score="10"/><testcase status="7" exitcode="0" detail="" time="0" memory="836" score="10"/><testcase status="7" exitcode="0" detail="" time="0" memory="832" score="10"/><testcase status="7" exitcode="0" detail="" time="0" memory="840" score="10"/><testcase status="7" exitcode="0" detail="" time="0" memory="836" score="10"/></problem><problem title="qbin" filename="qbin.cpp" status="1" hash="2049823255" detail=""><testcase status="3" exitcode="1" detail="" time="1.1079387" memory="684" score="0"/><testcase status="7" exitcode="0" detail="" time="0" memory="624" score="10"/><testcase status="7" exitcode="0" detail="" time="0" memory="624" score="10"/><testcase status="8" exitcode="0" detail="&#x5728;&#x7B2C; 4 &#x884C;:&#13;&#10;----&#x9009;&#x624B;&#x8F93;&#x51FA;&#x7684;&#x7B2C; 1 &#x5217;----&#13;&#10;&gt;(&#x7A7A;)&#13;&#10;----&#x6807;&#x51C6;&#x8F93;&#x51FA;&#x7684;&#x7B2C; 69 &#x5217;----&#13;&#10;&gt;... 111111..." time="0" memory="628" score="0"/><testcase status="3" exitcode="1" detail="" time="1.1050311" memory="628" score="0"/><testcase status="3" exitcode="1" detail="" time="1.1875" memory="628" score="0"/><testcase status="3" exitcode="1" detail="" time="1.171875" memory="628" score="0"/><testcase status="3" exitcode="1" detail="" time="1.15625" memory="628" score="0"/><testcase status="7" exitcode="0" detail="" time="0" memory="624" score="10"/><testcase status="3" exitcode="1" detail="" time="1.1188677" memory="624" score="0"/></problem><problem title="statistic" filename="statistic.cpp" status="1" hash="794308937" detail=""><testcase status="7" exitcode="0" detail="" time="0.01" memory="12428" score="10"/><testcase status="7" exitcode="0" detail="" time="0" memory="12368" score="10"/><testcase status="7" exitcode="0" detail="" time="0.01" memory="12364" score="10"/><testcase status="7" exitcode="0" detail="" time="0.29" memory="12364" score="10"/><testcase status="7" exitcode="0" detail="" time="0.28" memory="12372" score="10"/><testcase status="7" exitcode="0" detail="" time="0.29" memory="12364" score="10"/><testcase status="7" exitcode="0" detail="" time="0.96" memory="12368" score="10"/><testcase status="7" exitcode="0" detail="" time="0.98" memory="12368" score="10"/><testcase status="7" exitcode="0" detail="" time="0.92" memory="12368" score="10"/><testcase status="7" exitcode="0" detail="" time="1" memory="12372" score="10"/></problem><problem title="cut" filename="cut.cpp" status="1" hash="1846490372" detail=""><testcase status="7" exitcode="0" detail="" time="0.03" memory="2648" score="10"/><testcase status="7" exitcode="0" detail="" time="0.01" memory="2580" score="10"/><testcase status="7" exitcode="0" detail="" time="0.01" memory="2580" score="10"/><testcase status="3" exitcode="1" detail="" time="1.0486601" memory="2580" score="0"/><testcase status="3" exitcode="1" detail="" time="1.203125" memory="2584" score="0"/><testcase status="3" exitcode="1" detail="" time="1.015625" memory="2580" score="0"/><testcase status="3" exitcode="1" detail="" time="1.2062058" memory="2580" score="0"/><testcase status="3" exitcode="1" detail="" time="1.015625" memory="2600" score="0"/><testcase status="3" exitcode="1" detail="" time="1.2084483" memory="2592" score="0"/><testcase status="3" exitcode="1" detail="" time="1.203125" memory="2596" score="0"/></problem><problem title="diff" filename="diff.cpp" status="1" hash="1841509388" detail=""><testcase status="8" exitcode="0" detail="&#x5728;&#x7B2C; 1 &#x884C;:&#13;&#10;----&#x9009;&#x624B;&#x8F93;&#x51FA;&#x7684;&#x7B2C; 1 &#x5217;----&#13;&#10;&gt;80&#13;&#10;----&#x6807;&#x51C6;&#x8F93;&#x51FA;&#x7684;&#x7B2C; 1 &#x5217;----&#13;&#10;&gt;63" time="0" memory="1140" score="0"/><testcase status="8" exitcode="0" detail="&#x5728;&#x7B2C; 3 &#x884C;:&#13;&#10;----&#x9009;&#x624B;&#x8F93;&#x51FA;&#x7684;&#x7B2C; 1 &#x5217;----&#13;&#10;&gt;94&#13;&#10;----&#x6807;&#x51C6;&#x8F93;&#x51FA;&#x7684;&#x7B2C; 1 &#x5217;----&#13;&#10;&gt;88" time="0" memory="1076" score="0"/><testcase status="8" exitcode="0" detail="&#x5728;&#x7B2C; 1 &#x884C;:&#13;&#10;----&#x9009;&#x624B;&#x8F93;&#x51FA;&#x7684;&#x7B2C; 1 &#x5217;----&#13;&#10;&gt;86&#13;&#10;----&#x6807;&#x51C6;&#x8F93;&#x51FA;&#x7684;&#x7B2C; 1 &#x5217;----&#13;&#10;&gt;71" time="0" memory="1076" score="0"/><testcase status="8" exitcode="0" detail="&#x5728;&#x7B2C; 1 &#x884C;:&#13;&#10;----&#x9009;&#x624B;&#x8F93;&#x51FA;&#x7684;&#x7B2C; 2 &#x5217;----&#13;&#10;&gt;...9&#13;&#10;----&#x6807;&#x51C6;&#x8F93;&#x51FA;&#x7684;&#x7B2C; 2 &#x5217;----&#13;&#10;&gt;...3" time="0" memory="1076" score="0"/><testcase status="8" exitcode="0" detail="&#x5728;&#x7B2C; 1 &#x884C;:&#13;&#10;----&#x9009;&#x624B;&#x8F93;&#x51FA;&#x7684;&#x7B2C; 2 &#x5217;----&#13;&#10;&gt;...3&#13;&#10;----&#x6807;&#x51C6;&#x8F93;&#x51FA;&#x7684;&#x7B2C; 2 &#x5217;----&#13;&#10;&gt;...0" time="0" memory="1080" score="0"/><testcase status="8" exitcode="0" detail="&#x5728;&#x7B2C; 1 &#x884C;:&#13;&#10;----&#x9009;&#x624B;&#x8F93;&#x51FA;&#x7684;&#x7B2C; 1 &#x5217;----&#13;&#10;&gt;93&#13;&#10;----&#x6807;&#x51C6;&#x8F93;&#x51FA;&#x7684;&#x7B2C; 1 &#x5217;----&#13;&#10;&gt;70" time="0" memory="1076" score="0"/><testcase status="8" exitcode="0" detail="&#x5728;&#x7B2C; 1 &#x884C;:&#13;&#10;----&#x9009;&#x624B;&#x8F93;&#x51FA;&#x7684;&#x7B2C; 1 &#x5217;----&#13;&#10;&gt;98&#13;&#10;----&#x6807;&#x51C6;&#x8F93;&#x51FA;&#x7684;&#x7B2C; 1 &#x5217;----&#13;&#10;&gt;69" time="0" memory="1080" score="0"/><testcase status="8" exitcode="0" detail="&#x5728;&#x7B2C; 1 &#x884C;:&#13;&#10;----&#x9009;&#x624B;&#x8F93;&#x51FA;&#x7684;&#x7B2C; 1 &#x5217;----&#13;&#10;&gt;92&#13;&#10;----&#x6807;&#x51C6;&#x8F93;&#x51FA;&#x7684;&#x7B2C; 1 &#x5217;----&#13;&#10;&gt;65" time="0" memory="1072" score="0"/><testcase status="8" exitcode="0" detail="&#x5728;&#x7B2C; 1 &#x884C;:&#13;&#10;----&#x9009;&#x624B;&#x8F93;&#x51FA;&#x7684;&#x7B2C; 1 &#x5217;----&#13;&#10;&gt;93&#13;&#10;----&#x6807;&#x51C6;&#x8F93;&#x51FA;&#x7684;&#x7B2C; 1 &#x5217;----&#13;&#10;&gt;68" time="0" memory="1080" score="0"/><testcase status="8" exitcode="0" detail="&#x5728;&#x7B2C; 1 &#x884C;:&#13;&#10;----&#x9009;&#x624B;&#x8F93;&#x51FA;&#x7684;&#x7B2C; 1 &#x5217;----&#13;&#10;&gt;96&#13;&#10;----&#x6807;&#x51C6;&#x8F93;&#x51FA;&#x7684;&#x7B2C; 1 &#x5217;----&#13;&#10;&gt;74" time="0" memory="1076" score="0"/></problem></result></cena>
