<?xml version="1.0"?>
<cena version="0.8.2"><result judgetime="44106.6470613657"><problem title="square" filename="square.cpp" status="1" hash="749741821" detail=""><testcase status="8" exitcode="0" detail="&#x5728;&#x7B2C; 1 &#x884C;:&#13;&#10;----&#x9009;&#x624B;&#x8F93;&#x51FA;&#x7684;&#x7B2C; 1 &#x5217;----&#13;&#10;&gt;180&#13;&#10;----&#x6807;&#x51C6;&#x8F93;&#x51FA;&#x7684;&#x7B2C; 1 &#x5217;----&#13;&#10;&gt;87" time="0.01" memory="904" score="0"/><testcase status="7" exitcode="0" detail="" time="0.01" memory="832" score="10"/><testcase status="7" exitcode="0" detail="" time="0.01" memory="836" score="10"/><testcase status="8" exitcode="0" detail="&#x5728;&#x7B2C; 1 &#x884C;:&#13;&#10;----&#x9009;&#x624B;&#x8F93;&#x51FA;&#x7684;&#x7B2C; 1 &#x5217;----&#13;&#10;&gt;213&#13;&#10;----&#x6807;&#x51C6;&#x8F93;&#x51FA;&#x7684;&#x7B2C; 1 &#x5217;----&#13;&#10;&gt;53" time="0.01" memory="836" score="0"/><testcase status="8" exitcode="0" detail="&#x5728;&#x7B2C; 1 &#x884C;:&#13;&#10;----&#x9009;&#x624B;&#x8F93;&#x51FA;&#x7684;&#x7B2C; 1 &#x5217;----&#13;&#10;&gt;116&#13;&#10;----&#x6807;&#x51C6;&#x8F93;&#x51FA;&#x7684;&#x7B2C; 1 &#x5217;----&#13;&#10;&gt;38" time="0.01" memory="836" score="0"/><testcase status="7" exitcode="0" detail="" time="0.01" memory="836" score="10"/><testcase status="8" exitcode="0" detail="&#x5728;&#x7B2C; 1 &#x884C;:&#13;&#10;----&#x9009;&#x624B;&#x8F93;&#x51FA;&#x7684;&#x7B2C; 1 &#x5217;----&#13;&#10;&gt;493&#13;&#10;----&#x6807;&#x51C6;&#x8F93;&#x51FA;&#x7684;&#x7B2C; 1 &#x5217;----&#13;&#10;&gt;233" time="0" memory="836" score="0"/><testcase status="8" exitcode="0" detail="&#x5728;&#x7B2C; 1 &#x884C;:&#13;&#10;----&#x9009;&#x624B;&#x8F93;&#x51FA;&#x7684;&#x7B2C; 1 &#x5217;----&#13;&#10;&gt;923&#13;&#10;----&#x6807;&#x51C6;&#x8F93;&#x51FA;&#x7684;&#x7B2C; 1 &#x5217;----&#13;&#10;&gt;1185" time="0" memory="832" score="0"/><testcase status="8" exitcode="0" detail="&#x5728;&#x7B2C; 1 &#x884C;:&#13;&#10;----&#x9009;&#x624B;&#x8F93;&#x51FA;&#x7684;&#x7B2C; 2 &#x5217;----&#13;&#10;&gt;...21&#13;&#10;----&#x6807;&#x51C6;&#x8F93;&#x51FA;&#x7684;&#x7B2C; 2 &#x5217;----&#13;&#10;&gt;...02" time="0" memory="832" score="0"/><testcase status="8" exitcode="0" detail="&#x5728;&#x7B2C; 1 &#x884C;:&#13;&#10;----&#x9009;&#x624B;&#x8F93;&#x51FA;&#x7684;&#x7B2C; 2 &#x5217;----&#13;&#10;&gt;...9&#13;&#10;----&#x6807;&#x51C6;&#x8F93;&#x51FA;&#x7684;&#x7B2C; 2 &#x5217;----&#13;&#10;&gt;...3" time="0.01" memory="836" score="0"/></problem><problem title="pairs" filename="pairs.cpp" status="1" hash="266868872" detail=""><testcase status="4" exitcode="0" detail="" time="0.01" memory="783956" score="0"/><testcase status="4" exitcode="0" detail="" time="0" memory="783884" score="0"/><testcase status="4" exitcode="0" detail="" time="0" memory="783896" score="0"/><testcase status="4" exitcode="0" detail="" time="0" memory="783892" score="0"/><testcase status="4" exitcode="0" detail="" time="0" memory="783888" score="0"/><testcase status="4" exitcode="0" detail="" time="0" memory="783892" score="0"/><testcase status="4" exitcode="0" detail="" time="0" memory="783896" score="0"/><testcase status="4" exitcode="0" detail="" time="0" memory="783892" score="0"/><testcase status="4" exitcode="0" detail="" time="0" memory="783892" score="0"/><testcase status="4" exitcode="0" detail="" time="0.01" memory="783888" score="0"/></problem><problem title="qbin" filename="qbin.cpp" status="1" hash="2886538079" detail=""><testcase status="7" exitcode="0" detail="" time="0" memory="1540" score="10"/><testcase status="7" exitcode="0" detail="" time="0" memory="1468" score="10"/><testcase status="7" exitcode="0" detail="" time="0" memory="1464" score="10"/><testcase status="7" exitcode="0" detail="" time="0" memory="1480" score="10"/><testcase status="7" exitcode="0" detail="" time="0" memory="1472" score="10"/><testcase status="7" exitcode="0" detail="" time="0.01" memory="1468" score="10"/><testcase status="7" exitcode="0" detail="" time="0" memory="1472" score="10"/><testcase status="7" exitcode="0" detail="" time="0" memory="1472" score="10"/><testcase status="7" exitcode="0" detail="" time="0" memory="1468" score="10"/><testcase status="7" exitcode="0" detail="" time="0.03" memory="1472" score="10"/></problem><problem title="statistic" filename="statistic.cpp" status="1" hash="3188424329" detail=""><testcase status="7" exitcode="0" detail="" time="0" memory="24632" score="10"/><testcase status="7" exitcode="0" detail="" time="0.01" memory="24564" score="10"/><testcase status="7" exitcode="0" detail="" time="0" memory="24564" score="10"/><testcase status="7" exitcode="0" detail="" time="0.39" memory="24560" score="10"/><testcase status="7" exitcode="0" detail="" time="0.37" memory="24560" score="10"/><testcase status="7" exitcode="0" detail="" time="0.37" memory="24560" score="10"/><testcase status="7" exitcode="0" detail="" time="1.43" memory="24568" score="10"/><testcase status="7" exitcode="0" detail="" time="1.48" memory="24564" score="10"/><testcase status="7" exitcode="0" detail="" time="1.42" memory="24560" score="10"/><testcase status="7" exitcode="0" detail="" time="1.43" memory="24568" score="10"/></problem><problem title="cut" filename="cut.cpp" status="1" hash="2782027909" detail=""><testcase status="8" exitcode="0" detail="&#x6807;&#x51C6;&#x8F93;&#x51FA;&#x6BD4;&#x9009;&#x624B;&#x8F93;&#x51FA;&#x957F;&#x3002;" time="0" memory="904" score="0"/><testcase status="8" exitcode="0" detail="&#x6807;&#x51C6;&#x8F93;&#x51FA;&#x6BD4;&#x9009;&#x624B;&#x8F93;&#x51FA;&#x957F;&#x3002;" time="0" memory="840" score="0"/><testcase status="8" exitcode="0" detail="&#x6807;&#x51C6;&#x8F93;&#x51FA;&#x6BD4;&#x9009;&#x624B;&#x8F93;&#x51FA;&#x957F;&#x3002;" time="0" memory="832" score="0"/><testcase status="8" exitcode="0" detail="&#x6807;&#x51C6;&#x8F93;&#x51FA;&#x6BD4;&#x9009;&#x624B;&#x8F93;&#x51FA;&#x957F;&#x3002;" time="0" memory="832" score="0"/><testcase status="8" exitcode="0" detail="&#x6807;&#x51C6;&#x8F93;&#x51FA;&#x6BD4;&#x9009;&#x624B;&#x8F93;&#x51FA;&#x957F;&#x3002;" time="0" memory="840" score="0"/><testcase status="8" exitcode="0" detail="&#x6807;&#x51C6;&#x8F93;&#x51FA;&#x6BD4;&#x9009;&#x624B;&#x8F93;&#x51FA;&#x957F;&#x3002;" time="0.01" memory="836" score="0"/><testcase status="8" exitcode="0" detail="&#x6807;&#x51C6;&#x8F93;&#x51FA;&#x6BD4;&#x9009;&#x624B;&#x8F93;&#x51FA;&#x957F;&#x3002;" time="0" memory="836" score="0"/><testcase status="8" exitcode="0" detail="&#x6807;&#x51C6;&#x8F93;&#x51FA;&#x6BD4;&#x9009;&#x624B;&#x8F93;&#x51FA;&#x957F;&#x3002;" time="0" memory="840" score="0"/><testcase status="8" exitcode="0" detail="&#x6807;&#x51C6;&#x8F93;&#x51FA;&#x6BD4;&#x9009;&#x624B;&#x8F93;&#x51FA;&#x957F;&#x3002;" time="0.01" memory="836" score="0"/><testcase status="8" exitcode="0" detail="&#x6807;&#x51C6;&#x8F93;&#x51FA;&#x6BD4;&#x9009;&#x624B;&#x8F93;&#x51FA;&#x957F;&#x3002;" time="0" memory="832" score="0"/></problem><problem title="diff" filename="" status="14" hash="0" detail=""><testcase status="14" exitcode="0" detail="" time="0" memory="0" score="0"/><testcase status="14" exitcode="0" detail="" time="0" memory="0" score="0"/><testcase status="14" exitcode="0" detail="" time="0" memory="0" score="0"/><testcase status="14" exitcode="0" detail="" time="0" memory="0" score="0"/><testcase status="14" exitcode="0" detail="" time="0" memory="0" score="0"/><testcase status="14" exitcode="0" detail="" time="0" memory="0" score="0"/><testcase status="14" exitcode="0" detail="" time="0" memory="0" score="0"/><testcase status="14" exitcode="0" detail="" time="0" memory="0" score="0"/><testcase status="14" exitcode="0" detail="" time="0" memory="0" score="0"/><testcase status="14" exitcode="0" detail="" time="0" memory="0" score="0"/></problem></result></cena>
