<?xml version="1.0"?>
<cena version="0.8.1"><result judgetime="44123.687753044"><problem title="&#x6C42;&#x6700;&#x957F;&#x516C;&#x5171;&#x5B50;&#x5E8F;&#x5217;LCS" filename="public.cpp" status="1" hash="2232621914" detail=""><testcase status="7" exitcode="0" detail="" time="0" memory="4452" score="10"/><testcase status="7" exitcode="0" detail="" time="0" memory="4448" score="10"/><testcase status="7" exitcode="0" detail="" time="0" memory="4452" score="10"/><testcase status="7" exitcode="0" detail="" time="0.01" memory="4452" score="10"/><testcase status="7" exitcode="0" detail="" time="0" memory="4444" score="10"/><testcase status="7" exitcode="0" detail="" time="0" memory="4452" score="10"/><testcase status="7" exitcode="0" detail="" time="0.01" memory="4452" score="10"/><testcase status="7" exitcode="0" detail="" time="0.01" memory="4452" score="10"/><testcase status="7" exitcode="0" detail="" time="0.03" memory="4448" score="10"/><testcase status="7" exitcode="0" detail="" time="0" memory="4452" score="10"/></problem><problem title="&#x6700;&#x957F;&#x4E0A;&#x5347;&#x5B50;&#x5E8F;&#x5217;" filename="longrise.cpp" status="1" hash="361818725" detail=""><testcase status="7" exitcode="0" detail="" time="0" memory="464" score="10"/><testcase status="7" exitcode="0" detail="" time="0.01" memory="468" score="10"/><testcase status="7" exitcode="0" detail="" time="0.01" memory="464" score="10"/><testcase status="7" exitcode="0" detail="" time="0" memory="464" score="10"/><testcase status="7" exitcode="0" detail="" time="0" memory="464" score="10"/><testcase status="7" exitcode="0" detail="" time="0" memory="468" score="10"/><testcase status="7" exitcode="0" detail="" time="0" memory="468" score="10"/><testcase status="7" exitcode="0" detail="" time="0" memory="464" score="10"/><testcase status="7" exitcode="0" detail="" time="0" memory="460" score="10"/><testcase status="7" exitcode="0" detail="" time="0" memory="464" score="10"/></problem><problem title="&#x548C;&#x6700;&#x5927;&#x5B50;&#x5E8F;&#x5217;" filename="mlong.cpp" status="16" hash="3264277554" detail="PLUWWPAI.cpp: In function `int main()':&#13;&#10;PLUWWPAI.cpp:13: error: integer constant is too large for &quot;long&quot; type&#13;&#10;"><testcase status="16" exitcode="1" detail="" time="0" memory="0" score="0"/><testcase status="16" exitcode="1" detail="" time="0" memory="0" score="0"/><testcase status="16" exitcode="1" detail="" time="0" memory="0" score="0"/><testcase status="16" exitcode="1" detail="" time="0" memory="0" score="0"/><testcase status="16" exitcode="1" detail="" time="0" memory="0" score="0"/><testcase status="16" exitcode="1" detail="" time="0" memory="0" score="0"/><testcase status="16" exitcode="1" detail="" time="0" memory="0" score="0"/><testcase status="16" exitcode="1" detail="" time="0" memory="0" score="0"/><testcase status="16" exitcode="1" detail="" time="0" memory="0" score="0"/><testcase status="16" exitcode="1" detail="" time="0" memory="0" score="0"/></problem><problem title="01&#x80CC;&#x5305;" filename="bag.cpp" status="1" hash="3423679080" detail=""><testcase status="7" exitcode="0" detail="" time="0" memory="480" score="10"/><testcase status="7" exitcode="0" detail="" time="0" memory="480" score="10"/><testcase status="7" exitcode="0" detail="" time="0" memory="476" score="10"/><testcase status="7" exitcode="0" detail="" time="0.01" memory="480" score="10"/><testcase status="7" exitcode="0" detail="" time="0" memory="476" score="10"/><testcase status="7" exitcode="0" detail="" time="0.01" memory="480" score="10"/><testcase status="7" exitcode="0" detail="" time="0" memory="476" score="10"/><testcase status="7" exitcode="0" detail="" time="0" memory="480" score="10"/><testcase status="7" exitcode="0" detail="" time="0.01" memory="480" score="10"/><testcase status="7" exitcode="0" detail="" time="0.01" memory="472" score="10"/></problem><problem title="&#x6446;&#x52A8;&#x5E8F;&#x5217;" filename="list.cpp" status="1" hash="1755270754" detail=""><testcase status="7" exitcode="0" detail="" time="0" memory="464" score="10"/><testcase status="7" exitcode="0" detail="" time="0" memory="456" score="10"/><testcase status="7" exitcode="0" detail="" time="0" memory="460" score="10"/><testcase status="7" exitcode="0" detail="" time="0" memory="452" score="10"/><testcase status="7" exitcode="0" detail="" time="0" memory="460" score="10"/><testcase status="7" exitcode="0" detail="" time="0" memory="460" score="10"/><testcase status="7" exitcode="0" detail="" time="0" memory="456" score="10"/><testcase status="7" exitcode="0" detail="" time="0" memory="460" score="10"/><testcase status="7" exitcode="0" detail="" time="0.01" memory="452" score="10"/><testcase status="7" exitcode="0" detail="" time="0" memory="456" score="10"/></problem><problem title="&#x6446;&#x52A8;&#x5E8F;&#x5217;2" filename="listwo.cpp" status="1" hash="1932577261" detail=""><testcase status="7" exitcode="0" detail="" time="0" memory="460" score="10"/><testcase status="7" exitcode="0" detail="" time="0" memory="460" score="10"/><testcase status="7" exitcode="0" detail="" time="0.01" memory="460" score="10"/><testcase status="8" exitcode="0" detail="&#x5728;&#x7B2C; 1 &#x884C;:&#13;&#10;----&#x9009;&#x624B;&#x8F93;&#x51FA;&#x7684;&#x7B2C; 1 &#x5217;----&#13;&#10;&gt;-42&#13;&#10;----&#x6807;&#x51C6;&#x8F93;&#x51FA;&#x7684;&#x7B2C; 1 &#x5217;----&#13;&#10;&gt;137438..." time="0" memory="460" score="0"/><testcase status="8" exitcode="0" detail="&#x5728;&#x7B2C; 1 &#x884C;:&#13;&#10;----&#x9009;&#x624B;&#x8F93;&#x51FA;&#x7684;&#x7B2C; 1 &#x5217;----&#13;&#10;&gt;4008&#13;&#10;----&#x6807;&#x51C6;&#x8F93;&#x51FA;&#x7684;&#x7B2C; 1 &#x5217;----&#13;&#10;&gt;175921..." time="0" memory="452" score="0"/><testcase status="8" exitcode="0" detail="&#x5728;&#x7B2C; 1 &#x884C;:&#13;&#10;----&#x9009;&#x624B;&#x8F93;&#x51FA;&#x7684;&#x7B2C; 1 &#x5217;----&#13;&#10;&gt;16292&#13;&#10;----&#x6807;&#x51C6;&#x8F93;&#x51FA;&#x7684;&#x7B2C; 1 &#x5217;----&#13;&#10;&gt;703687..." time="0" memory="460" score="0"/><testcase status="8" exitcode="0" detail="&#x5728;&#x7B2C; 1 &#x884C;:&#13;&#10;----&#x9009;&#x624B;&#x8F93;&#x51FA;&#x7684;&#x7B2C; 1 &#x5217;----&#13;&#10;&gt;130974&#13;&#10;----&#x6807;&#x51C6;&#x8F93;&#x51FA;&#x7684;&#x7B2C; 1 &#x5217;----&#13;&#10;&gt;562949..." time="0" memory="456" score="0"/><testcase status="8" exitcode="0" detail="&#x5728;&#x7B2C; 1 &#x884C;:&#13;&#10;----&#x9009;&#x624B;&#x8F93;&#x51FA;&#x7684;&#x7B2C; 1 &#x5217;----&#13;&#10;&gt;209704...&#13;&#10;----&#x6807;&#x51C6;&#x8F93;&#x51FA;&#x7684;&#x7B2C; 1 &#x5217;----&#13;&#10;&gt;900719..." time="0" memory="460" score="0"/><testcase status="8" exitcode="0" detail="&#x5728;&#x7B2C; 1 &#x884C;:&#13;&#10;----&#x9009;&#x624B;&#x8F93;&#x51FA;&#x7684;&#x7B2C; 1 &#x5217;----&#13;&#10;&gt;167771...&#13;&#10;----&#x6807;&#x51C6;&#x8F93;&#x51FA;&#x7684;&#x7B2C; 1 &#x5217;----&#13;&#10;&gt;720575..." time="0" memory="460" score="0"/><testcase status="8" exitcode="0" detail="&#x5728;&#x7B2C; 1 &#x884C;:&#13;&#10;----&#x9009;&#x624B;&#x8F93;&#x51FA;&#x7684;&#x7B2C; 1 &#x5217;----&#13;&#10;&gt;536870...&#13;&#10;----&#x6807;&#x51C6;&#x8F93;&#x51FA;&#x7684;&#x7B2C; 1 &#x5217;----&#13;&#10;&gt;230584..." time="0" memory="456" score="0"/></problem></result></cena>
