<?xml version="1.0"?>
<cena version="0.8.2"><result judgetime="44095.7388222917"><problem title="notepad" filename="notepad.cpp" status="1" hash="3949753921" detail=""><testcase status="7" exitcode="0" detail="" time="0.01" memory="500" score="5"/><testcase status="7" exitcode="0" detail="" time="0.74" memory="5388" score="5"/><testcase status="7" exitcode="0" detail="" time="0.35" memory="452" score="5"/><testcase status="7" exitcode="0" detail="" time="0.93" memory="7500" score="5"/><testcase status="7" exitcode="0" detail="" time="0" memory="452" score="5"/><testcase status="7" exitcode="0" detail="" time="0" memory="452" score="5"/><testcase status="7" exitcode="0" detail="" time="0" memory="452" score="5"/><testcase status="7" exitcode="0" detail="" time="0.43" memory="1056" score="5"/><testcase status="7" exitcode="0" detail="" time="0.35" memory="1052" score="5"/><testcase status="7" exitcode="0" detail="" time="0.35" memory="1052" score="5"/><testcase status="7" exitcode="0" detail="" time="0.45" memory="1052" score="10"/><testcase status="7" exitcode="0" detail="" time="0.45" memory="1052" score="10"/><testcase status="7" exitcode="0" detail="" time="0" memory="452" score="10"/><testcase status="7" exitcode="0" detail="" time="0" memory="452" score="10"/><testcase status="7" exitcode="0" detail="" time="0.17" memory="452" score="10"/></problem><problem title="window" filename="window.cpp" status="1" hash="1945399829" detail=""><testcase status="7" exitcode="0" detail="" time="0" memory="12196" score="10"/><testcase status="7" exitcode="0" detail="" time="0" memory="12196" score="10"/><testcase status="7" exitcode="0" detail="" time="0.26" memory="14196" score="10"/><testcase status="7" exitcode="0" detail="" time="0.2" memory="12312" score="10"/><testcase status="7" exitcode="0" detail="" time="0.1" memory="13892" score="10"/><testcase status="3" exitcode="1" detail="" time="1.2012077" memory="27292" score="0"/><testcase status="3" exitcode="1" detail="" time="1.0140065" memory="22784" score="0"/><testcase status="3" exitcode="1" detail="" time="1.1856076" memory="35428" score="0"/><testcase status="3" exitcode="1" detail="" time="1.0140065" memory="19784" score="0"/><testcase status="3" exitcode="1" detail="" time="1.2012077" memory="24592" score="0"/></problem><problem title="apples" filename="apples.cpp" status="1" hash="2654827519" detail=""><testcase status="10" exitcode="0" detail="" time="0" memory="244" score="0"/><testcase status="10" exitcode="0" detail="" time="0" memory="240" score="0"/><testcase status="10" exitcode="0" detail="" time="0" memory="240" score="0"/><testcase status="10" exitcode="0" detail="" time="0" memory="244" score="0"/><testcase status="10" exitcode="0" detail="" time="0" memory="244" score="0"/><testcase status="10" exitcode="0" detail="" time="0" memory="240" score="0"/><testcase status="10" exitcode="0" detail="" time="0" memory="244" score="0"/><testcase status="10" exitcode="0" detail="" time="0" memory="240" score="0"/></problem><problem title="zipper" filename="zipper.cpp" status="16" hash="1302795007" detail="XJPOWCMP.cpp: In function 'int main()':&#10;XJPOWCMP.cpp:18:23: error: conflicting declaration 'std::__cxx11::string t'&#10;   cin&gt;&gt;a&gt;&gt;b&gt;&gt;c;string t;&#10;                       ^&#10;XJPOWCMP.cpp:17:7: note: previous declaration as 'int t'&#10;   int t=0;&#10;       ^&#10;XJPOWCMP.cpp:19:26: error: cannot convert 'std::__cxx11::string' {aka 'std::__cxx11::basic_string&lt;char&gt;'} to 'int' in assignment&#10;   if(a.size()&lt;b.size())t=a,a=b,b=a;int k=0;&#10;                          ^&#10;XJPOWCMP.cpp:20:29: error: expected ';' before ')' token&#10;   for(int j=0;j&lt;c.size(),j++){&#10;                             ^&#10;                             ;&#10;XJPOWCMP.cpp:22:3: error: expected primary-expression before '}' token&#10;   }&#10;   ^&#10;"><testcase status="16" exitcode="1" detail="" time="0" memory="0" score="0"/><testcase status="16" exitcode="1" detail="" time="0" memory="0" score="0"/><testcase status="16" exitcode="1" detail="" time="0" memory="0" score="0"/><testcase status="16" exitcode="1" detail="" time="0" memory="0" score="0"/><testcase status="16" exitcode="1" detail="" time="0" memory="0" score="0"/><testcase status="16" exitcode="1" detail="" time="0" memory="0" score="0"/><testcase status="16" exitcode="1" detail="" time="0" memory="0" score="0"/><testcase status="16" exitcode="1" detail="" time="0" memory="0" score="0"/><testcase status="16" exitcode="1" detail="" time="0" memory="0" score="0"/><testcase status="16" exitcode="1" detail="" time="0" memory="0" score="0"/></problem></result></cena>
