<?xml version="1.0"?>
<cena version="0.8.2"><result judgetime="44088.6592713773"><problem title="&#x5B57;&#x7B26;&#x6392;&#x5E8F;" filename="sstr.cpp" status="1" hash="1554411916" detail=""><testcase status="7" exitcode="0" detail="" time="0" memory="276" score="10"/><testcase status="7" exitcode="0" detail="" time="0" memory="280" score="10"/><testcase status="7" exitcode="0" detail="" time="0" memory="280" score="10"/><testcase status="7" exitcode="0" detail="" time="0" memory="280" score="10"/><testcase status="7" exitcode="0" detail="" time="0" memory="276" score="10"/><testcase status="7" exitcode="0" detail="" time="0" memory="276" score="10"/><testcase status="7" exitcode="0" detail="" time="0" memory="280" score="10"/><testcase status="7" exitcode="0" detail="" time="0" memory="276" score="10"/><testcase status="7" exitcode="0" detail="" time="0" memory="280" score="10"/><testcase status="7" exitcode="0" detail="" time="0" memory="276" score="10"/></problem><problem title="&#x7279;&#x6B8A;&#x6392;&#x5E8F;" filename="ssort.cpp" status="1" hash="3977558344" detail=""><testcase status="7" exitcode="0" detail="" time="0.01" memory="284" score="10"/><testcase status="7" exitcode="0" detail="" time="0" memory="280" score="10"/><testcase status="7" exitcode="0" detail="" time="0.01" memory="284" score="10"/><testcase status="7" exitcode="0" detail="" time="0.04" memory="288" score="10"/><testcase status="7" exitcode="0" detail="" time="0.01" memory="280" score="10"/><testcase status="7" exitcode="0" detail="" time="0.03" memory="284" score="10"/><testcase status="7" exitcode="0" detail="" time="0.03" memory="280" score="10"/><testcase status="7" exitcode="0" detail="" time="0.03" memory="284" score="10"/><testcase status="7" exitcode="0" detail="" time="0.01" memory="284" score="10"/><testcase status="7" exitcode="0" detail="" time="0.03" memory="280" score="10"/></problem><problem title="EXCEL&#x6392;&#x5E8F;" filename="excel.cpp" status="1" hash="2615499358" detail="BQINYPAE.cpp: In function 'bool cmp(Stu, Stu)':&#10;BQINYPAE.cpp:22:1: warning: control reaches end of non-void function [-Wreturn-type]&#10; }&#10; ^&#10;"><testcase status="7" exitcode="0" detail="" time="0" memory="2240" score="10"/><testcase status="7" exitcode="0" detail="" time="0" memory="2240" score="10"/><testcase status="7" exitcode="0" detail="" time="0" memory="2240" score="10"/><testcase status="7" exitcode="0" detail="" time="0" memory="2240" score="10"/><testcase status="7" exitcode="0" detail="" time="0.26" memory="2236" score="10"/><testcase status="7" exitcode="0" detail="" time="0" memory="2236" score="10"/><testcase status="7" exitcode="0" detail="" time="0.03" memory="2240" score="10"/><testcase status="7" exitcode="0" detail="" time="0" memory="2236" score="10"/><testcase status="7" exitcode="0" detail="" time="0" memory="2244" score="10"/><testcase status="7" exitcode="0" detail="" time="0.24" memory="2236" score="10"/></problem><problem title="&#x6251;&#x514B;&#x6392;&#x5E8F;" filename="card.cpp" status="1" hash="209127055" detail=""><testcase status="7" exitcode="0" detail="" time="0.01" memory="284" score="10"/><testcase status="7" exitcode="0" detail="" time="0.01" memory="280" score="10"/><testcase status="7" exitcode="0" detail="" time="0" memory="280" score="10"/><testcase status="7" exitcode="0" detail="" time="0" memory="280" score="10"/><testcase status="7" exitcode="0" detail="" time="0" memory="276" score="10"/><testcase status="7" exitcode="0" detail="" time="0" memory="280" score="10"/><testcase status="7" exitcode="0" detail="" time="0" memory="276" score="10"/><testcase status="7" exitcode="0" detail="" time="0" memory="276" score="10"/><testcase status="7" exitcode="0" detail="" time="0" memory="280" score="10"/><testcase status="7" exitcode="0" detail="" time="0" memory="276" score="10"/></problem></result></cena>
