<?xml version="1.0"?>
<cena version="0.8.1"><result judgetime="44116.6926741088"><problem title="&#x5C0F;&#x660E;&#x5206;&#x7CD6;" filename="xiaoming.cpp" status="1" hash="278496417" detail=""><testcase status="7" exitcode="0" detail="" time="0" memory="532" score="10"/><testcase status="7" exitcode="0" detail="" time="0" memory="536" score="10"/><testcase status="7" exitcode="0" detail="" time="0" memory="540" score="10"/><testcase status="7" exitcode="0" detail="" time="0" memory="536" score="10"/><testcase status="7" exitcode="0" detail="" time="0" memory="536" score="10"/><testcase status="7" exitcode="0" detail="" time="0.01" memory="544" score="10"/><testcase status="7" exitcode="0" detail="" time="0" memory="532" score="10"/><testcase status="7" exitcode="0" detail="" time="0" memory="540" score="10"/><testcase status="7" exitcode="0" detail="" time="0" memory="540" score="10"/><testcase status="7" exitcode="0" detail="" time="0" memory="536" score="10"/></problem><problem title="&#x6700;&#x5927;&#x5B50;&#x77E9;&#x9635;" filename="matrix.cpp" status="1" hash="1291199757" detail="GUFLXMGN.cpp: In function `int main()':&#13;&#10;GUFLXMGN.cpp:23: warning: converting to `int' from `double'&#13;&#10;"><testcase status="7" exitcode="0" detail="" time="0" memory="760" score="10"/><testcase status="7" exitcode="0" detail="" time="0" memory="760" score="10"/><testcase status="7" exitcode="0" detail="" time="0" memory="760" score="10"/><testcase status="7" exitcode="0" detail="" time="0" memory="764" score="10"/><testcase status="7" exitcode="0" detail="" time="0" memory="764" score="10"/><testcase status="7" exitcode="0" detail="" time="0" memory="760" score="10"/><testcase status="7" exitcode="0" detail="" time="0" memory="756" score="10"/><testcase status="7" exitcode="0" detail="" time="0.03" memory="764" score="10"/><testcase status="7" exitcode="0" detail="" time="0.06" memory="764" score="10"/><testcase status="7" exitcode="0" detail="" time="0.2" memory="756" score="10"/></problem><problem title="&#x5403;&#x6843;&#x5B50;" filename="peach.cpp" status="1" hash="62679903" detail=""><testcase status="7" exitcode="0" detail="" time="0" memory="760" score="10"/><testcase status="7" exitcode="0" detail="" time="0" memory="760" score="10"/><testcase status="7" exitcode="0" detail="" time="0" memory="760" score="10"/><testcase status="7" exitcode="0" detail="" time="0.01" memory="764" score="10"/><testcase status="7" exitcode="0" detail="" time="0.01" memory="764" score="10"/><testcase status="7" exitcode="0" detail="" time="0.01" memory="760" score="10"/><testcase status="7" exitcode="0" detail="" time="0.04" memory="764" score="10"/><testcase status="7" exitcode="0" detail="" time="0.03" memory="760" score="10"/><testcase status="7" exitcode="0" detail="" time="0.01" memory="756" score="10"/><testcase status="7" exitcode="0" detail="" time="0.03" memory="760" score="10"/></problem><problem title="&#x5B57;&#x7B26;&#x4E32;&#x8DDD;&#x79BB;" filename="zifu.cpp" status="1" hash="1157720016" detail=""><testcase status="7" exitcode="0" detail="" time="0" memory="4760" score="10"/><testcase status="7" exitcode="0" detail="" time="0" memory="4768" score="10"/><testcase status="7" exitcode="0" detail="" time="0.01" memory="4764" score="10"/><testcase status="7" exitcode="0" detail="" time="0.01" memory="4768" score="10"/><testcase status="7" exitcode="0" detail="" time="0.01" memory="4764" score="10"/><testcase status="7" exitcode="0" detail="" time="0.14" memory="4764" score="10"/><testcase status="7" exitcode="0" detail="" time="0.14" memory="4760" score="10"/><testcase status="7" exitcode="0" detail="" time="0.23" memory="4764" score="10"/><testcase status="7" exitcode="0" detail="" time="0.28" memory="4768" score="10"/><testcase status="7" exitcode="0" detail="" time="0.39" memory="4768" score="10"/></problem></result></cena>
