<?xml version="1.0"?>
<cena version="0.8.2"><result judgetime="44098.6583608912"><problem title="maths" filename="maths.cpp" status="1" hash="3896182216" detail=""><testcase status="7" exitcode="0" detail="" time="0" memory="336" score="10"/><testcase status="7" exitcode="0" detail="" time="0" memory="336" score="10"/><testcase status="7" exitcode="0" detail="" time="0" memory="340" score="10"/><testcase status="7" exitcode="0" detail="" time="0" memory="336" score="10"/><testcase status="7" exitcode="0" detail="" time="0" memory="340" score="10"/><testcase status="7" exitcode="0" detail="" time="0" memory="336" score="10"/><testcase status="7" exitcode="0" detail="" time="0" memory="340" score="10"/><testcase status="7" exitcode="0" detail="" time="0.01" memory="336" score="10"/><testcase status="7" exitcode="0" detail="" time="0" memory="336" score="10"/><testcase status="7" exitcode="0" detail="" time="0" memory="336" score="10"/></problem><problem title="close" filename="close.cpp" status="1" hash="3451728577" detail=""><testcase status="7" exitcode="0" detail="" time="0" memory="272" score="10"/><testcase status="7" exitcode="0" detail="" time="0" memory="272" score="10"/><testcase status="7" exitcode="0" detail="" time="0" memory="276" score="10"/><testcase status="7" exitcode="0" detail="" time="0" memory="272" score="10"/><testcase status="7" exitcode="0" detail="" time="0" memory="276" score="10"/><testcase status="7" exitcode="0" detail="" time="0" memory="276" score="10"/><testcase status="7" exitcode="0" detail="" time="0" memory="280" score="10"/><testcase status="7" exitcode="0" detail="" time="0" memory="276" score="10"/><testcase status="7" exitcode="0" detail="" time="0" memory="272" score="10"/><testcase status="7" exitcode="0" detail="" time="0" memory="272" score="10"/></problem><problem title="dna" filename="dna.cpp" status="1" hash="2086072646" detail=""><testcase status="8" exitcode="0" detail="&#x5728;&#x7B2C; 1 &#x884C;:&#13;&#10;----&#x9009;&#x624B;&#x8F93;&#x51FA;&#x7684;&#x7B2C; 3 &#x5217;----&#13;&#10;&gt;...8&#13;&#10;----&#x6807;&#x51C6;&#x8F93;&#x51FA;&#x7684;&#x7B2C; 3 &#x5217;----&#13;&#10;&gt;...04" time="0.03" memory="272" score="0"/><testcase status="8" exitcode="0" detail="&#x5728;&#x7B2C; 1 &#x884C;:&#13;&#10;----&#x9009;&#x624B;&#x8F93;&#x51FA;&#x7684;&#x7B2C; 2 &#x5217;----&#13;&#10;&gt;...838&#13;&#10;----&#x6807;&#x51C6;&#x8F93;&#x51FA;&#x7684;&#x7B2C; 2 &#x5217;----&#13;&#10;&gt;...37" time="0.03" memory="276" score="0"/><testcase status="8" exitcode="0" detail="&#x5728;&#x7B2C; 1 &#x884C;:&#13;&#10;----&#x9009;&#x624B;&#x8F93;&#x51FA;&#x7684;&#x7B2C; 1 &#x5217;----&#13;&#10;&gt;2235&#13;&#10;----&#x6807;&#x51C6;&#x8F93;&#x51FA;&#x7684;&#x7B2C; 1 &#x5217;----&#13;&#10;&gt;6356" time="0.03" memory="272" score="0"/><testcase status="3" exitcode="1" detail="" time="1.0140065" memory="272" score="0"/><testcase status="3" exitcode="1" detail="" time="1.2012077" memory="272" score="0"/><testcase status="3" exitcode="1" detail="" time="1.0140065" memory="272" score="0"/><testcase status="3" exitcode="1" detail="" time="1.0140065" memory="272" score="0"/><testcase status="3" exitcode="1" detail="" time="1.2012077" memory="272" score="0"/><testcase status="3" exitcode="1" detail="" time="1.0140065" memory="276" score="0"/><testcase status="3" exitcode="1" detail="" time="1.0182335" memory="276" score="0"/></problem><problem title="game" filename="game.cpp" status="1" hash="2032977567" detail=""><testcase status="8" exitcode="0" detail="&#x6807;&#x51C6;&#x8F93;&#x51FA;&#x6BD4;&#x9009;&#x624B;&#x8F93;&#x51FA;&#x957F;&#x3002;" time="0" memory="244" score="0"/><testcase status="8" exitcode="0" detail="&#x6807;&#x51C6;&#x8F93;&#x51FA;&#x6BD4;&#x9009;&#x624B;&#x8F93;&#x51FA;&#x957F;&#x3002;" time="0" memory="240" score="0"/><testcase status="8" exitcode="0" detail="&#x6807;&#x51C6;&#x8F93;&#x51FA;&#x6BD4;&#x9009;&#x624B;&#x8F93;&#x51FA;&#x957F;&#x3002;" time="0" memory="244" score="0"/><testcase status="8" exitcode="0" detail="&#x6807;&#x51C6;&#x8F93;&#x51FA;&#x6BD4;&#x9009;&#x624B;&#x8F93;&#x51FA;&#x957F;&#x3002;" time="0" memory="240" score="0"/><testcase status="8" exitcode="0" detail="&#x6807;&#x51C6;&#x8F93;&#x51FA;&#x6BD4;&#x9009;&#x624B;&#x8F93;&#x51FA;&#x957F;&#x3002;" time="0" memory="244" score="0"/><testcase status="8" exitcode="0" detail="&#x6807;&#x51C6;&#x8F93;&#x51FA;&#x6BD4;&#x9009;&#x624B;&#x8F93;&#x51FA;&#x957F;&#x3002;" time="0" memory="240" score="0"/><testcase status="8" exitcode="0" detail="&#x6807;&#x51C6;&#x8F93;&#x51FA;&#x6BD4;&#x9009;&#x624B;&#x8F93;&#x51FA;&#x957F;&#x3002;" time="0" memory="240" score="0"/><testcase status="8" exitcode="0" detail="&#x6807;&#x51C6;&#x8F93;&#x51FA;&#x6BD4;&#x9009;&#x624B;&#x8F93;&#x51FA;&#x957F;&#x3002;" time="0" memory="244" score="0"/><testcase status="8" exitcode="0" detail="&#x6807;&#x51C6;&#x8F93;&#x51FA;&#x6BD4;&#x9009;&#x624B;&#x8F93;&#x51FA;&#x957F;&#x3002;" time="0" memory="240" score="0"/><testcase status="8" exitcode="0" detail="&#x6807;&#x51C6;&#x8F93;&#x51FA;&#x6BD4;&#x9009;&#x624B;&#x8F93;&#x51FA;&#x957F;&#x3002;" time="0" memory="240" score="0"/></problem></result></cena>
