<?xml version="1.0"?>
<cena version="0.8.1"><result judgetime="44116.6966781481"><problem title="&#x5C0F;&#x660E;&#x5206;&#x7CD6;" filename="xiaoming.cpp" status="1" hash="3557630258" detail="BRDIUVQC.cpp:6: warning: converting to `int' from `double'&#13;&#10;"><testcase status="8" exitcode="0" detail="&#x5728;&#x7B2C; 1 &#x884C;:&#13;&#10;----&#x9009;&#x624B;&#x8F93;&#x51FA;&#x7684;&#x7B2C; 1 &#x5217;----&#13;&#10;&gt;14&#13;&#10;----&#x6807;&#x51C6;&#x8F93;&#x51FA;&#x7684;&#x7B2C; 1 &#x5217;----&#13;&#10;&gt;35" time="0.01" memory="500" score="0"/><testcase status="7" exitcode="0" detail="" time="0" memory="500" score="10"/><testcase status="8" exitcode="0" detail="&#x5728;&#x7B2C; 1 &#x884C;:&#13;&#10;----&#x9009;&#x624B;&#x8F93;&#x51FA;&#x7684;&#x7B2C; 1 &#x5217;----&#13;&#10;&gt;469765&#13;&#10;----&#x6807;&#x51C6;&#x8F93;&#x51FA;&#x7684;&#x7B2C; 1 &#x5217;----&#13;&#10;&gt;200445" time="0" memory="504" score="0"/><testcase status="8" exitcode="0" detail="&#x5728;&#x7B2C; 1 &#x884C;:&#13;&#10;----&#x9009;&#x624B;&#x8F93;&#x51FA;&#x7684;&#x7B2C; 1 &#x5217;----&#13;&#10;&gt;224758...&#13;&#10;----&#x6807;&#x51C6;&#x8F93;&#x51FA;&#x7684;&#x7B2C; 1 &#x5217;----&#13;&#10;&gt;954051" time="0" memory="504" score="0"/><testcase status="8" exitcode="0" detail="&#x5728;&#x7B2C; 1 &#x884C;:&#13;&#10;----&#x9009;&#x624B;&#x8F93;&#x51FA;&#x7684;&#x7B2C; 1 &#x5217;----&#13;&#10;&gt;891771&#13;&#10;----&#x6807;&#x51C6;&#x8F93;&#x51FA;&#x7684;&#x7B2C; 1 &#x5217;----&#13;&#10;&gt;284670" time="0.01" memory="500" score="0"/><testcase status="6" exitcode="3221225477" detail="" time="0" memory="504" score="0"/><testcase status="8" exitcode="0" detail="&#x5728;&#x7B2C; 1 &#x884C;:&#13;&#10;----&#x9009;&#x624B;&#x8F93;&#x51FA;&#x7684;&#x7B2C; 1 &#x5217;----&#13;&#10;&gt;189831...&#13;&#10;----&#x6807;&#x51C6;&#x8F93;&#x51FA;&#x7684;&#x7B2C; 1 &#x5217;----&#13;&#10;&gt;908824" time="0" memory="504" score="0"/><testcase status="6" exitcode="3221225477" detail="" time="0" memory="508" score="0"/><testcase status="8" exitcode="0" detail="&#x5728;&#x7B2C; 1 &#x884C;:&#13;&#10;----&#x9009;&#x624B;&#x8F93;&#x51FA;&#x7684;&#x7B2C; 1 &#x5217;----&#13;&#10;&gt;295528...&#13;&#10;----&#x6807;&#x51C6;&#x8F93;&#x51FA;&#x7684;&#x7B2C; 1 &#x5217;----&#13;&#10;&gt;637100" time="0" memory="500" score="0"/><testcase status="6" exitcode="3221225477" detail="" time="0" memory="500" score="0"/></problem><problem title="&#x6700;&#x5927;&#x5B50;&#x77E9;&#x9635;" filename="matrix.cpp" status="16" hash="2563045175" detail="OOCSTWNA.cpp:5: warning: converting to `int' from `double'&#13;&#10;OOCSTWNA.cpp: In function `int main()':&#13;&#10;OOCSTWNA.cpp:20: error: non-lvalue in assignment&#13;&#10;OOCSTWNA.cpp:32: error: `ans' undeclared (first use this function)&#13;&#10;OOCSTWNA.cpp:32: error: (Each undeclared identifier is reported only once for each function it appears in.)&#13;&#10;OOCSTWNA.cpp:32: error: `Max' undeclared (first use this function)&#13;&#10;OOCSTWNA.cpp:33: error: expected `;' before '}' token&#13;&#10;"><testcase status="16" exitcode="1" detail="" time="0" memory="0" score="0"/><testcase status="16" exitcode="1" detail="" time="0" memory="0" score="0"/><testcase status="16" exitcode="1" detail="" time="0" memory="0" score="0"/><testcase status="16" exitcode="1" detail="" time="0" memory="0" score="0"/><testcase status="16" exitcode="1" detail="" time="0" memory="0" score="0"/><testcase status="16" exitcode="1" detail="" time="0" memory="0" score="0"/><testcase status="16" exitcode="1" detail="" time="0" memory="0" score="0"/><testcase status="16" exitcode="1" detail="" time="0" memory="0" score="0"/><testcase status="16" exitcode="1" detail="" time="0" memory="0" score="0"/><testcase status="16" exitcode="1" detail="" time="0" memory="0" score="0"/></problem><problem title="&#x5403;&#x6843;&#x5B50;" filename="peach.cpp" status="1" hash="3512848237" detail="HYDMFSLS.cpp:5: warning: converting to `int' from `double'&#13;&#10;"><testcase status="7" exitcode="0" detail="" time="0" memory="544" score="10"/><testcase status="7" exitcode="0" detail="" time="0" memory="548" score="10"/><testcase status="7" exitcode="0" detail="" time="0.01" memory="548" score="10"/><testcase status="7" exitcode="0" detail="" time="0" memory="544" score="10"/><testcase status="7" exitcode="0" detail="" time="0.01" memory="548" score="10"/><testcase status="7" exitcode="0" detail="" time="0.01" memory="544" score="10"/><testcase status="7" exitcode="0" detail="" time="0.04" memory="544" score="10"/><testcase status="7" exitcode="0" detail="" time="0.03" memory="548" score="10"/><testcase status="7" exitcode="0" detail="" time="0.01" memory="544" score="10"/><testcase status="7" exitcode="0" detail="" time="0.01" memory="548" score="10"/></problem><problem title="&#x5B57;&#x7B26;&#x4E32;&#x8DDD;&#x79BB;" filename="" status="14" hash="0" detail=""><testcase status="14" exitcode="0" detail="" time="0" memory="0" score="0"/><testcase status="14" exitcode="0" detail="" time="0" memory="0" score="0"/><testcase status="14" exitcode="0" detail="" time="0" memory="0" score="0"/><testcase status="14" exitcode="0" detail="" time="0" memory="0" score="0"/><testcase status="14" exitcode="0" detail="" time="0" memory="0" score="0"/><testcase status="14" exitcode="0" detail="" time="0" memory="0" score="0"/><testcase status="14" exitcode="0" detail="" time="0" memory="0" score="0"/><testcase status="14" exitcode="0" detail="" time="0" memory="0" score="0"/><testcase status="14" exitcode="0" detail="" time="0" memory="0" score="0"/><testcase status="14" exitcode="0" detail="" time="0" memory="0" score="0"/></problem></result></cena>
