<?xml version="1.0"?>
<cena version="0.8.2"><result judgetime="44088.6588279514"><problem title="&#x5B57;&#x7B26;&#x6392;&#x5E8F;" filename="sstr.cpp" status="1" hash="1804754024" detail=""><testcase status="7" exitcode="0" detail="" time="0" memory="496" score="10"/><testcase status="7" exitcode="0" detail="" time="0" memory="496" score="10"/><testcase status="7" exitcode="0" detail="" time="0" memory="496" score="10"/><testcase status="7" exitcode="0" detail="" time="0" memory="496" score="10"/><testcase status="7" exitcode="0" detail="" time="0" memory="496" score="10"/><testcase status="7" exitcode="0" detail="" time="0" memory="496" score="10"/><testcase status="7" exitcode="0" detail="" time="0" memory="500" score="10"/><testcase status="7" exitcode="0" detail="" time="0" memory="500" score="10"/><testcase status="7" exitcode="0" detail="" time="0" memory="496" score="10"/><testcase status="7" exitcode="0" detail="" time="0" memory="496" score="10"/></problem><problem title="&#x7279;&#x6B8A;&#x6392;&#x5E8F;" filename="ssort.cpp" status="1" hash="3344691898" detail=""><testcase status="7" exitcode="0" detail="" time="0" memory="456" score="10"/><testcase status="7" exitcode="0" detail="" time="0" memory="456" score="10"/><testcase status="7" exitcode="0" detail="" time="0" memory="456" score="10"/><testcase status="7" exitcode="0" detail="" time="0.03" memory="456" score="10"/><testcase status="7" exitcode="0" detail="" time="0.04" memory="456" score="10"/><testcase status="7" exitcode="0" detail="" time="0.04" memory="456" score="10"/><testcase status="7" exitcode="0" detail="" time="0.03" memory="456" score="10"/><testcase status="7" exitcode="0" detail="" time="0.09" memory="456" score="10"/><testcase status="7" exitcode="0" detail="" time="0.03" memory="456" score="10"/><testcase status="7" exitcode="0" detail="" time="0.03" memory="456" score="10"/></problem><problem title="EXCEL&#x6392;&#x5E8F;" filename="excel.cpp" status="1" hash="747773857" detail=""><testcase status="7" exitcode="0" detail="" time="0" memory="5544" score="10"/><testcase status="7" exitcode="0" detail="" time="0.01" memory="5544" score="10"/><testcase status="7" exitcode="0" detail="" time="0.01" memory="5544" score="10"/><testcase status="7" exitcode="0" detail="" time="0.01" memory="5540" score="10"/><testcase status="3" exitcode="1" detail="" time="1.0140065" memory="5540" score="0"/><testcase status="7" exitcode="0" detail="" time="0.01" memory="5540" score="10"/><testcase status="8" exitcode="0" detail="&#x5728;&#x7B2C; 1343 &#x884C;:&#13;&#10;----&#x9009;&#x624B;&#x8F93;&#x51FA;&#x7684;&#x7B2C; 3 &#x5217;----&#13;&#10;&gt;...6763 a...&#13;&#10;----&#x6807;&#x51C6;&#x8F93;&#x51FA;&#x7684;&#x7B2C; 3 &#x5217;----&#13;&#10;&gt;...2183 a..." time="0.12" memory="5540" score="0"/><testcase status="7" exitcode="0" detail="" time="0.01" memory="5540" score="10"/><testcase status="7" exitcode="0" detail="" time="0.01" memory="5540" score="10"/><testcase status="3" exitcode="1" detail="" time="1.1544074" memory="5544" score="0"/></problem><problem title="&#x6251;&#x514B;&#x6392;&#x5E8F;" filename="card.cpp" status="1" hash="609715260" detail=""><testcase status="7" exitcode="0" detail="" time="0" memory="456" score="10"/><testcase status="7" exitcode="0" detail="" time="0" memory="460" score="10"/><testcase status="7" exitcode="0" detail="" time="0" memory="456" score="10"/><testcase status="7" exitcode="0" detail="" time="0" memory="456" score="10"/><testcase status="7" exitcode="0" detail="" time="0" memory="456" score="10"/><testcase status="7" exitcode="0" detail="" time="0" memory="456" score="10"/><testcase status="7" exitcode="0" detail="" time="0" memory="456" score="10"/><testcase status="7" exitcode="0" detail="" time="0" memory="456" score="10"/><testcase status="7" exitcode="0" detail="" time="0" memory="456" score="10"/><testcase status="7" exitcode="0" detail="" time="0" memory="456" score="10"/></problem></result></cena>
