<?xml version="1.0"?>
<cena version="0.8.2"><result judgetime="44123.6323592014"><problem title="&#x6C42;&#x6700;&#x957F;&#x516C;&#x5171;&#x5B50;&#x5E8F;&#x5217;LCS" filename="public.cpp" status="1" hash="3759867067" detail=""><testcase status="7" exitcode="0" detail="" time="0" memory="4276" score="10"/><testcase status="7" exitcode="0" detail="" time="0.01" memory="4276" score="10"/><testcase status="7" exitcode="0" detail="" time="0" memory="4272" score="10"/><testcase status="7" exitcode="0" detail="" time="0.01" memory="4276" score="10"/><testcase status="7" exitcode="0" detail="" time="0" memory="4272" score="10"/><testcase status="7" exitcode="0" detail="" time="0" memory="4272" score="10"/><testcase status="7" exitcode="0" detail="" time="0.01" memory="4272" score="10"/><testcase status="7" exitcode="0" detail="" time="0" memory="4276" score="10"/><testcase status="7" exitcode="0" detail="" time="0" memory="4276" score="10"/><testcase status="7" exitcode="0" detail="" time="0.01" memory="4272" score="10"/></problem><problem title="&#x6700;&#x957F;&#x4E0A;&#x5347;&#x5B50;&#x5E8F;&#x5217;" filename="longrise.cpp" status="1" hash="567131611" detail=""><testcase status="7" exitcode="0" detail="" time="0" memory="292" score="10"/><testcase status="7" exitcode="0" detail="" time="0" memory="292" score="10"/><testcase status="7" exitcode="0" detail="" time="0" memory="292" score="10"/><testcase status="7" exitcode="0" detail="" time="0" memory="292" score="10"/><testcase status="7" exitcode="0" detail="" time="0" memory="292" score="10"/><testcase status="7" exitcode="0" detail="" time="0" memory="292" score="10"/><testcase status="7" exitcode="0" detail="" time="0" memory="288" score="10"/><testcase status="7" exitcode="0" detail="" time="0.01" memory="288" score="10"/><testcase status="7" exitcode="0" detail="" time="0" memory="292" score="10"/><testcase status="7" exitcode="0" detail="" time="0" memory="292" score="10"/></problem><problem title="&#x548C;&#x6700;&#x5927;&#x5B50;&#x5E8F;&#x5217;" filename="mlong.cpp" status="1" hash="2729613778" detail=""><testcase status="7" exitcode="0" detail="" time="0" memory="2632" score="10"/><testcase status="7" exitcode="0" detail="" time="0" memory="2628" score="10"/><testcase status="7" exitcode="0" detail="" time="0" memory="2628" score="10"/><testcase status="7" exitcode="0" detail="" time="0" memory="2624" score="10"/><testcase status="7" exitcode="0" detail="" time="0" memory="2624" score="10"/><testcase status="7" exitcode="0" detail="" time="0" memory="2628" score="10"/><testcase status="7" exitcode="0" detail="" time="0" memory="2632" score="10"/><testcase status="7" exitcode="0" detail="" time="0" memory="2632" score="10"/><testcase status="7" exitcode="0" detail="" time="0" memory="2628" score="10"/><testcase status="7" exitcode="0" detail="" time="0.1" memory="2628" score="10"/></problem><problem title="01&#x80CC;&#x5305;" filename="bag.cpp" status="1" hash="2835358223" detail=""><testcase status="7" exitcode="0" detail="" time="0" memory="2628" score="10"/><testcase status="7" exitcode="0" detail="" time="0.01" memory="2628" score="10"/><testcase status="7" exitcode="0" detail="" time="0" memory="2628" score="10"/><testcase status="7" exitcode="0" detail="" time="0.01" memory="2628" score="10"/><testcase status="7" exitcode="0" detail="" time="0" memory="2632" score="10"/><testcase status="7" exitcode="0" detail="" time="0" memory="2628" score="10"/><testcase status="7" exitcode="0" detail="" time="0" memory="2624" score="10"/><testcase status="7" exitcode="0" detail="" time="0" memory="2628" score="10"/><testcase status="7" exitcode="0" detail="" time="0" memory="2628" score="10"/><testcase status="7" exitcode="0" detail="" time="0" memory="2628" score="10"/></problem><problem title="&#x6446;&#x52A8;&#x5E8F;&#x5217;" filename="list.cpp" status="1" hash="1014760476" detail=""><testcase status="7" exitcode="0" detail="" time="0" memory="444" score="10"/><testcase status="7" exitcode="0" detail="" time="0" memory="444" score="10"/><testcase status="7" exitcode="0" detail="" time="0" memory="444" score="10"/><testcase status="7" exitcode="0" detail="" time="0" memory="444" score="10"/><testcase status="7" exitcode="0" detail="" time="0" memory="444" score="10"/><testcase status="7" exitcode="0" detail="" time="0" memory="444" score="10"/><testcase status="7" exitcode="0" detail="" time="0" memory="444" score="10"/><testcase status="7" exitcode="0" detail="" time="0" memory="444" score="10"/><testcase status="7" exitcode="0" detail="" time="0" memory="444" score="10"/><testcase status="7" exitcode="0" detail="" time="0" memory="444" score="10"/></problem><problem title="&#x6446;&#x52A8;&#x5E8F;&#x5217;2" filename="listwo.cpp" status="1" hash="4170843491" detail=""><testcase status="7" exitcode="0" detail="" time="0" memory="444" score="10"/><testcase status="7" exitcode="0" detail="" time="0" memory="444" score="10"/><testcase status="7" exitcode="0" detail="" time="0" memory="444" score="10"/><testcase status="7" exitcode="0" detail="" time="0" memory="444" score="10"/><testcase status="7" exitcode="0" detail="" time="0" memory="444" score="10"/><testcase status="7" exitcode="0" detail="" time="0" memory="444" score="10"/><testcase status="7" exitcode="0" detail="" time="0" memory="444" score="10"/><testcase status="7" exitcode="0" detail="" time="0" memory="444" score="10"/><testcase status="7" exitcode="0" detail="" time="0" memory="444" score="10"/><testcase status="7" exitcode="0" detail="" time="0" memory="444" score="10"/></problem></result></cena>
