<?xml version="1.0"?>
<cena version="0.8.1"><result judgetime="44081.6654485995"><problem title="&#x6570;&#x5217;&#x6392;&#x5E8F;" filename="grop.cpp" status="1" hash="3288451394" detail=""><testcase status="7" exitcode="0" detail="" time="0" memory="1028" score="10"/><testcase status="7" exitcode="0" detail="" time="0" memory="1028" score="10"/><testcase status="7" exitcode="0" detail="" time="0.01" memory="1028" score="10"/><testcase status="7" exitcode="0" detail="" time="0.01" memory="1032" score="10"/><testcase status="7" exitcode="0" detail="" time="0.01" memory="1028" score="10"/><testcase status="7" exitcode="0" detail="" time="0" memory="1028" score="10"/><testcase status="7" exitcode="0" detail="" time="0" memory="1024" score="10"/><testcase status="7" exitcode="0" detail="" time="0" memory="1028" score="10"/><testcase status="7" exitcode="0" detail="" time="0.01" memory="1032" score="10"/><testcase status="7" exitcode="0" detail="" time="0.01" memory="1024" score="10"/></problem><problem title="&#x65E5;&#x671F;&#x6392;&#x5E8F;" filename="date.cpp" status="1" hash="2372003561" detail=""><testcase status="7" exitcode="0" detail="" time="0.01" memory="1020" score="10"/><testcase status="8" exitcode="0" detail="&#x5728;&#x7B2C; 1 &#x884C;:&#13;&#10;----&#x9009;&#x624B;&#x8F93;&#x51FA;&#x7684;&#x7B2C; 1 &#x5217;----&#13;&#10;&gt;06/06/...&#13;&#10;----&#x6807;&#x51C6;&#x8F93;&#x51FA;&#x7684;&#x7B2C; 1 &#x5217;----&#13;&#10;&gt;10/15/..." time="0" memory="1024" score="0"/><testcase status="8" exitcode="0" detail="&#x5728;&#x7B2C; 1 &#x884C;:&#13;&#10;----&#x9009;&#x624B;&#x8F93;&#x51FA;&#x7684;&#x7B2C; 1 &#x5217;----&#13;&#10;&gt;07/18/...&#13;&#10;----&#x6807;&#x51C6;&#x8F93;&#x51FA;&#x7684;&#x7B2C; 1 &#x5217;----&#13;&#10;&gt;10/11/..." time="0.03" memory="1024" score="0"/><testcase status="8" exitcode="0" detail="&#x5728;&#x7B2C; 1 &#x884C;:&#13;&#10;----&#x9009;&#x624B;&#x8F93;&#x51FA;&#x7684;&#x7B2C; 1 &#x5217;----&#13;&#10;&gt;07/18/...&#13;&#10;----&#x6807;&#x51C6;&#x8F93;&#x51FA;&#x7684;&#x7B2C; 1 &#x5217;----&#13;&#10;&gt;10/11/..." time="0.01" memory="1020" score="0"/><testcase status="8" exitcode="0" detail="&#x5728;&#x7B2C; 1 &#x884C;:&#13;&#10;----&#x9009;&#x624B;&#x8F93;&#x51FA;&#x7684;&#x7B2C; 1 &#x5217;----&#13;&#10;&gt;07/18/...&#13;&#10;----&#x6807;&#x51C6;&#x8F93;&#x51FA;&#x7684;&#x7B2C; 1 &#x5217;----&#13;&#10;&gt;10/11/..." time="0" memory="1028" score="0"/><testcase status="8" exitcode="0" detail="&#x5728;&#x7B2C; 1 &#x884C;:&#13;&#10;----&#x9009;&#x624B;&#x8F93;&#x51FA;&#x7684;&#x7B2C; 2 &#x5217;----&#13;&#10;&gt;...6/06/1...&#13;&#10;----&#x6807;&#x51C6;&#x8F93;&#x51FA;&#x7684;&#x7B2C; 2 &#x5217;----&#13;&#10;&gt;...7/15/1..." time="0.01" memory="1024" score="0"/><testcase status="8" exitcode="0" detail="&#x5728;&#x7B2C; 1 &#x884C;:&#13;&#10;----&#x9009;&#x624B;&#x8F93;&#x51FA;&#x7684;&#x7B2C; 2 &#x5217;----&#13;&#10;&gt;...6/06/1...&#13;&#10;----&#x6807;&#x51C6;&#x8F93;&#x51FA;&#x7684;&#x7B2C; 2 &#x5217;----&#13;&#10;&gt;...7/15/1..." time="0" memory="1020" score="0"/><testcase status="8" exitcode="0" detail="&#x5728;&#x7B2C; 1 &#x884C;:&#13;&#10;----&#x9009;&#x624B;&#x8F93;&#x51FA;&#x7684;&#x7B2C; 2 &#x5217;----&#13;&#10;&gt;...6/06/1...&#13;&#10;----&#x6807;&#x51C6;&#x8F93;&#x51FA;&#x7684;&#x7B2C; 2 &#x5217;----&#13;&#10;&gt;...7/15/1..." time="0" memory="1024" score="0"/><testcase status="8" exitcode="0" detail="&#x5728;&#x7B2C; 1 &#x884C;:&#13;&#10;----&#x9009;&#x624B;&#x8F93;&#x51FA;&#x7684;&#x7B2C; 2 &#x5217;----&#13;&#10;&gt;...6/06/1...&#13;&#10;----&#x6807;&#x51C6;&#x8F93;&#x51FA;&#x7684;&#x7B2C; 2 &#x5217;----&#13;&#10;&gt;...7/15/1..." time="0" memory="1024" score="0"/><testcase status="8" exitcode="0" detail="&#x5728;&#x7B2C; 13 &#x884C;:&#13;&#10;----&#x9009;&#x624B;&#x8F93;&#x51FA;&#x7684;&#x7B2C; 1 &#x5217;----&#13;&#10;&gt;03/15/...&#13;&#10;----&#x6807;&#x51C6;&#x8F93;&#x51FA;&#x7684;&#x7B2C; 1 &#x5217;----&#13;&#10;&gt;10/25/..." time="0" memory="1024" score="0"/></problem><problem title="&#x8EAB;&#x4EFD;&#x8BC1;&#x6392;&#x5E8F;" filename="idcard.cpp" status="1" hash="1989271274" detail=""><testcase status="7" exitcode="0" detail="" time="0" memory="1048" score="10"/><testcase status="7" exitcode="0" detail="" time="0.01" memory="1048" score="10"/><testcase status="7" exitcode="0" detail="" time="0" memory="1056" score="10"/><testcase status="7" exitcode="0" detail="" time="0" memory="1052" score="10"/><testcase status="7" exitcode="0" detail="" time="0" memory="1052" score="10"/><testcase status="7" exitcode="0" detail="" time="0.01" memory="1052" score="10"/><testcase status="7" exitcode="0" detail="" time="0.01" memory="1048" score="10"/><testcase status="7" exitcode="0" detail="" time="0" memory="1052" score="10"/><testcase status="7" exitcode="0" detail="" time="0.01" memory="1056" score="10"/><testcase status="7" exitcode="0" detail="" time="0.01" memory="1052" score="10"/></problem><problem title="&#x6210;&#x7EE9;&#x6392;&#x5E8F;" filename="score.cpp" status="16" hash="3582757058" detail="JSFNLLNG.cpp:1:24: bits/stdc++.h: No such file or directory&#13;&#10;JSFNLLNG.cpp: In function `int main()':&#13;&#10;JSFNLLNG.cpp:14: error: `stdin' undeclared (first use this function)&#13;&#10;JSFNLLNG.cpp:14: error: (Each undeclared identifier is reported only once for each function it appears in.)&#13;&#10;JSFNLLNG.cpp:14: error: `freopen' undeclared (first use this function)&#13;&#10;JSFNLLNG.cpp:15: error: `stdout' undeclared (first use this function)&#13;&#10;JSFNLLNG.cpp:16: error: `scanf' undeclared (first use this function)&#13;&#10;JSFNLLNG.cpp:16: error: `EOF' undeclared (first use this function)&#13;&#10;JSFNLLNG.cpp:18: error: `sort' undeclared (first use this function)&#13;&#10;JSFNLLNG.cpp:19: error: `printf' undeclared (first use this function)&#13;&#10;"><testcase status="16" exitcode="1" detail="" time="0" memory="0" score="0"/><testcase status="16" exitcode="1" detail="" time="0" memory="0" score="0"/><testcase status="16" exitcode="1" detail="" time="0" memory="0" score="0"/><testcase status="16" exitcode="1" detail="" time="0" memory="0" score="0"/><testcase status="16" exitcode="1" detail="" time="0" memory="0" score="0"/><testcase status="16" exitcode="1" detail="" time="0" memory="0" score="0"/><testcase status="16" exitcode="1" detail="" time="0" memory="0" score="0"/><testcase status="16" exitcode="1" detail="" time="0" memory="0" score="0"/><testcase status="16" exitcode="1" detail="" time="0" memory="0" score="0"/><testcase status="16" exitcode="1" detail="" time="0" memory="0" score="0"/></problem><problem title="&#x6392;&#x5E8F;" filename="ssort.cpp" status="1" hash="2059579259" detail=""><testcase status="7" exitcode="0" detail="" time="0.01" memory="1024" score="10"/><testcase status="7" exitcode="0" detail="" time="0" memory="1024" score="10"/><testcase status="7" exitcode="0" detail="" time="0" memory="1024" score="10"/><testcase status="7" exitcode="0" detail="" time="0.01" memory="1020" score="10"/><testcase status="7" exitcode="0" detail="" time="0" memory="1024" score="10"/><testcase status="7" exitcode="0" detail="" time="0.01" memory="1024" score="10"/><testcase status="7" exitcode="0" detail="" time="0" memory="1020" score="10"/><testcase status="7" exitcode="0" detail="" time="0.01" memory="1024" score="10"/><testcase status="7" exitcode="0" detail="" time="0.01" memory="1024" score="10"/><testcase status="7" exitcode="0" detail="" time="0" memory="1020" score="10"/></problem><problem title="&#x7EDD;&#x5BF9;&#x503C;&#x6392;&#x5E8F;" filename="absolute.cpp" status="1" hash="1583084938" detail=""><testcase status="7" exitcode="0" detail="" time="0.01" memory="1024" score="10"/><testcase status="7" exitcode="0" detail="" time="0.01" memory="1024" score="10"/><testcase status="7" exitcode="0" detail="" time="0" memory="1024" score="10"/><testcase status="7" exitcode="0" detail="" time="0" memory="1028" score="10"/><testcase status="7" exitcode="0" detail="" time="0.01" memory="1024" score="10"/><testcase status="7" exitcode="0" detail="" time="0" memory="1020" score="10"/><testcase status="7" exitcode="0" detail="" time="0" memory="1020" score="10"/><testcase status="7" exitcode="0" detail="" time="0" memory="1024" score="10"/><testcase status="7" exitcode="0" detail="" time="0.01" memory="1024" score="10"/><testcase status="7" exitcode="0" detail="" time="0" memory="1024" score="10"/></problem></result></cena>
