<?xml version="1.0"?>
<cena version="0.8.2"><result judgetime="44116.6581142593"><problem title="&#x5C0F;&#x660E;&#x5206;&#x7CD6;" filename="xiaoming.cpp" status="1" hash="4206525108" detail=""><testcase status="7" exitcode="0" detail="" time="0" memory="4620" score="10"/><testcase status="7" exitcode="0" detail="" time="0" memory="4620" score="10"/><testcase status="7" exitcode="0" detail="" time="0.01" memory="4620" score="10"/><testcase status="7" exitcode="0" detail="" time="0" memory="4620" score="10"/><testcase status="7" exitcode="0" detail="" time="0" memory="4620" score="10"/><testcase status="7" exitcode="0" detail="" time="0" memory="4620" score="10"/><testcase status="7" exitcode="0" detail="" time="0.01" memory="4616" score="10"/><testcase status="7" exitcode="0" detail="" time="0" memory="4616" score="10"/><testcase status="7" exitcode="0" detail="" time="0" memory="4620" score="10"/><testcase status="7" exitcode="0" detail="" time="0" memory="4616" score="10"/></problem><problem title="&#x6700;&#x5927;&#x5B50;&#x77E9;&#x9635;" filename="matrix.cpp" status="1" hash="3842251117" detail=""><testcase status="7" exitcode="0" detail="" time="0" memory="8184" score="10"/><testcase status="7" exitcode="0" detail="" time="0" memory="8180" score="10"/><testcase status="7" exitcode="0" detail="" time="0" memory="8184" score="10"/><testcase status="7" exitcode="0" detail="" time="0" memory="8176" score="10"/><testcase status="7" exitcode="0" detail="" time="0" memory="8180" score="10"/><testcase status="7" exitcode="0" detail="" time="0" memory="8184" score="10"/><testcase status="7" exitcode="0" detail="" time="0" memory="8184" score="10"/><testcase status="7" exitcode="0" detail="" time="0" memory="8180" score="10"/><testcase status="7" exitcode="0" detail="" time="0.03" memory="8180" score="10"/><testcase status="7" exitcode="0" detail="" time="0.1" memory="8180" score="10"/></problem><problem title="&#x5403;&#x6843;&#x5B50;" filename="peach.cpp" status="1" hash="4244320386" detail=""><testcase status="7" exitcode="0" detail="" time="0" memory="8180" score="10"/><testcase status="7" exitcode="0" detail="" time="0" memory="8180" score="10"/><testcase status="7" exitcode="0" detail="" time="0" memory="8188" score="10"/><testcase status="7" exitcode="0" detail="" time="0.03" memory="8180" score="10"/><testcase status="7" exitcode="0" detail="" time="0.07" memory="8180" score="10"/><testcase status="7" exitcode="0" detail="" time="0.09" memory="8184" score="10"/><testcase status="7" exitcode="0" detail="" time="0.18" memory="8180" score="10"/><testcase status="7" exitcode="0" detail="" time="0.18" memory="8180" score="10"/><testcase status="7" exitcode="0" detail="" time="0.12" memory="8180" score="10"/><testcase status="7" exitcode="0" detail="" time="0.1" memory="8184" score="10"/></problem><problem title="&#x5B57;&#x7B26;&#x4E32;&#x8DDD;&#x79BB;" filename="zifu.cpp" status="1" hash="1931792603" detail=""><testcase status="7" exitcode="0" detail="" time="0" memory="4232" score="10"/><testcase status="7" exitcode="0" detail="" time="0" memory="4232" score="10"/><testcase status="7" exitcode="0" detail="" time="0" memory="4228" score="10"/><testcase status="7" exitcode="0" detail="" time="0.01" memory="4232" score="10"/><testcase status="7" exitcode="0" detail="" time="0.03" memory="4236" score="10"/><testcase status="7" exitcode="0" detail="" time="0.09" memory="4236" score="10"/><testcase status="7" exitcode="0" detail="" time="0.09" memory="4224" score="10"/><testcase status="7" exitcode="0" detail="" time="0.15" memory="4228" score="10"/><testcase status="7" exitcode="0" detail="" time="0.2" memory="4232" score="10"/><testcase status="7" exitcode="0" detail="" time="0.28" memory="4228" score="10"/></problem></result></cena>
