<?xml version="1.0"?>
<cena version="0.8.2"><result judgetime="44095.7380718634"><problem title="notepad" filename="notepad.cpp" status="1" hash="4241674020" detail=""><testcase status="7" exitcode="0" detail="" time="0" memory="564" score="5"/><testcase status="6" exitcode="3221225477" detail="" time="0.17" memory="2308" score="0"/><testcase status="7" exitcode="0" detail="" time="0.45" memory="516" score="5"/><testcase status="8" exitcode="0" detail="&#x6807;&#x51C6;&#x8F93;&#x51FA;&#x6BD4;&#x9009;&#x624B;&#x8F93;&#x51FA;&#x957F;&#x3002;" time="0.96" memory="7552" score="0"/><testcase status="8" exitcode="0" detail="&#x6807;&#x51C6;&#x8F93;&#x51FA;&#x6BD4;&#x9009;&#x624B;&#x8F93;&#x51FA;&#x957F;&#x3002;" time="0" memory="516" score="0"/><testcase status="7" exitcode="0" detail="" time="0" memory="516" score="5"/><testcase status="7" exitcode="0" detail="" time="0" memory="520" score="5"/><testcase status="6" exitcode="3221225477" detail="" time="0.04" memory="900" score="0"/><testcase status="6" exitcode="3221225477" detail="" time="0.04" memory="896" score="0"/><testcase status="6" exitcode="3221225477" detail="" time="0.04" memory="900" score="0"/><testcase status="6" exitcode="3221225477" detail="" time="0.06" memory="900" score="0"/><testcase status="6" exitcode="3221225477" detail="" time="0.04" memory="896" score="0"/><testcase status="7" exitcode="0" detail="" time="0" memory="516" score="10"/><testcase status="8" exitcode="0" detail="&#x6807;&#x51C6;&#x8F93;&#x51FA;&#x6BD4;&#x9009;&#x624B;&#x8F93;&#x51FA;&#x957F;&#x3002;" time="0" memory="516" score="0"/><testcase status="7" exitcode="0" detail="" time="0.18" memory="516" score="10"/></problem><problem title="window" filename="window.cpp" status="1" hash="3101271572" detail=""><testcase status="7" exitcode="0" detail="" time="0" memory="4360" score="10"/><testcase status="7" exitcode="0" detail="" time="0" memory="4360" score="10"/><testcase status="7" exitcode="0" detail="" time="0.09" memory="4360" score="10"/><testcase status="7" exitcode="0" detail="" time="0.09" memory="4360" score="10"/><testcase status="7" exitcode="0" detail="" time="0.03" memory="4360" score="10"/><testcase status="7" exitcode="0" detail="" time="0.43" memory="4360" score="10"/><testcase status="7" exitcode="0" detail="" time="0.49" memory="4360" score="10"/><testcase status="7" exitcode="0" detail="" time="0.82" memory="4360" score="10"/><testcase status="3" exitcode="1" detail="" time="1.0140065" memory="4360" score="0"/><testcase status="7" exitcode="0" detail="" time="0.68" memory="4360" score="10"/></problem><problem title="apples" filename="apples.cpp" status="1" hash="911082674" detail=""><testcase status="7" exitcode="0" detail="" time="0" memory="524" score="10"/><testcase status="7" exitcode="0" detail="" time="0" memory="524" score="10"/><testcase status="8" exitcode="0" detail="&#x5728;&#x7B2C; 1 &#x884C;:&#13;&#10;----&#x9009;&#x624B;&#x8F93;&#x51FA;&#x7684;&#x7B2C; 1 &#x5217;----&#13;&#10;&gt;1&#13;&#10;----&#x6807;&#x51C6;&#x8F93;&#x51FA;&#x7684;&#x7B2C; 1 &#x5217;----&#13;&#10;&gt;6" time="0" memory="524" score="0"/><testcase status="7" exitcode="0" detail="" time="0.01" memory="524" score="10"/><testcase status="7" exitcode="0" detail="" time="0" memory="528" score="10"/><testcase status="7" exitcode="0" detail="" time="0.01" memory="528" score="10"/><testcase status="7" exitcode="0" detail="" time="0.17" memory="524" score="20"/><testcase status="7" exitcode="0" detail="" time="0" memory="524" score="20"/></problem><problem title="zipper" filename="" status="14" hash="0" detail=""><testcase status="14" exitcode="0" detail="" time="0" memory="0" score="0"/><testcase status="14" exitcode="0" detail="" time="0" memory="0" score="0"/><testcase status="14" exitcode="0" detail="" time="0" memory="0" score="0"/><testcase status="14" exitcode="0" detail="" time="0" memory="0" score="0"/><testcase status="14" exitcode="0" detail="" time="0" memory="0" score="0"/><testcase status="14" exitcode="0" detail="" time="0" memory="0" score="0"/><testcase status="14" exitcode="0" detail="" time="0" memory="0" score="0"/><testcase status="14" exitcode="0" detail="" time="0" memory="0" score="0"/><testcase status="14" exitcode="0" detail="" time="0" memory="0" score="0"/><testcase status="14" exitcode="0" detail="" time="0" memory="0" score="0"/></problem></result></cena>
