<?xml version="1.0"?>
<cena version="0.8.1"><result judgetime="44116.6991661227"><problem title="&#x5C0F;&#x660E;&#x5206;&#x7CD6;" filename="xiaoming.cpp" status="1" hash="1225625219" detail=""><testcase status="7" exitcode="0" detail="" time="0" memory="1460" score="10"/><testcase status="7" exitcode="0" detail="" time="0" memory="1464" score="10"/><testcase status="7" exitcode="0" detail="" time="0" memory="1464" score="10"/><testcase status="7" exitcode="0" detail="" time="0" memory="1464" score="10"/><testcase status="7" exitcode="0" detail="" time="0" memory="1468" score="10"/><testcase status="7" exitcode="0" detail="" time="0" memory="1464" score="10"/><testcase status="7" exitcode="0" detail="" time="0" memory="1468" score="10"/><testcase status="7" exitcode="0" detail="" time="0" memory="1468" score="10"/><testcase status="7" exitcode="0" detail="" time="0" memory="1468" score="10"/><testcase status="7" exitcode="0" detail="" time="0" memory="1468" score="10"/></problem><problem title="&#x6700;&#x5927;&#x5B50;&#x77E9;&#x9635;" filename="matrix.cpp" status="1" hash="1922649095" detail="XVUWOJUA.cpp:6: warning: converting to `int' from `double'&#13;&#10;"><testcase status="8" exitcode="0" detail="&#x5728;&#x7B2C; 1 &#x884C;:&#13;&#10;----&#x9009;&#x624B;&#x8F93;&#x51FA;&#x7684;&#x7B2C; 1 &#x5217;----&#13;&#10;&gt;28&#13;&#10;----&#x6807;&#x51C6;&#x8F93;&#x51FA;&#x7684;&#x7B2C; 1 &#x5217;----&#13;&#10;&gt;15" time="0" memory="12324" score="0"/><testcase status="8" exitcode="0" detail="&#x5728;&#x7B2C; 1 &#x884C;:&#13;&#10;----&#x9009;&#x624B;&#x8F93;&#x51FA;&#x7684;&#x7B2C; 1 &#x5217;----&#13;&#10;&gt;1168&#13;&#10;----&#x6807;&#x51C6;&#x8F93;&#x51FA;&#x7684;&#x7B2C; 1 &#x5217;----&#13;&#10;&gt;349" time="0" memory="12328" score="0"/><testcase status="8" exitcode="0" detail="&#x5728;&#x7B2C; 1 &#x884C;:&#13;&#10;----&#x9009;&#x624B;&#x8F93;&#x51FA;&#x7684;&#x7B2C; 2 &#x5217;----&#13;&#10;&gt;...62&#13;&#10;----&#x6807;&#x51C6;&#x8F93;&#x51FA;&#x7684;&#x7B2C; 2 &#x5217;----&#13;&#10;&gt;...22" time="0" memory="12320" score="0"/><testcase status="8" exitcode="0" detail="&#x5728;&#x7B2C; 1 &#x884C;:&#13;&#10;----&#x9009;&#x624B;&#x8F93;&#x51FA;&#x7684;&#x7B2C; 1 &#x5217;----&#13;&#10;&gt;1027&#13;&#10;----&#x6807;&#x51C6;&#x8F93;&#x51FA;&#x7684;&#x7B2C; 1 &#x5217;----&#13;&#10;&gt;923" time="0" memory="12324" score="0"/><testcase status="8" exitcode="0" detail="&#x5728;&#x7B2C; 1 &#x884C;:&#13;&#10;----&#x9009;&#x624B;&#x8F93;&#x51FA;&#x7684;&#x7B2C; 1 &#x5217;----&#13;&#10;&gt;10276&#13;&#10;----&#x6807;&#x51C6;&#x8F93;&#x51FA;&#x7684;&#x7B2C; 1 &#x5217;----&#13;&#10;&gt;2099" time="0" memory="12324" score="0"/><testcase status="8" exitcode="0" detail="&#x5728;&#x7B2C; 1 &#x884C;:&#13;&#10;----&#x9009;&#x624B;&#x8F93;&#x51FA;&#x7684;&#x7B2C; 1 &#x5217;----&#13;&#10;&gt;60321&#13;&#10;----&#x6807;&#x51C6;&#x8F93;&#x51FA;&#x7684;&#x7B2C; 1 &#x5217;----&#13;&#10;&gt;2812" time="0" memory="12320" score="0"/><testcase status="8" exitcode="0" detail="&#x5728;&#x7B2C; 1 &#x884C;:&#13;&#10;----&#x9009;&#x624B;&#x8F93;&#x51FA;&#x7684;&#x7B2C; 1 &#x5217;----&#13;&#10;&gt;151101&#13;&#10;----&#x6807;&#x51C6;&#x8F93;&#x51FA;&#x7684;&#x7B2C; 1 &#x5217;----&#13;&#10;&gt;6438" time="0" memory="12328" score="0"/><testcase status="8" exitcode="0" detail="&#x5728;&#x7B2C; 1 &#x884C;:&#13;&#10;----&#x9009;&#x624B;&#x8F93;&#x51FA;&#x7684;&#x7B2C; 1 &#x5217;----&#13;&#10;&gt;57070&#13;&#10;----&#x6807;&#x51C6;&#x8F93;&#x51FA;&#x7684;&#x7B2C; 1 &#x5217;----&#13;&#10;&gt;2582" time="0" memory="12320" score="0"/><testcase status="8" exitcode="0" detail="&#x5728;&#x7B2C; 1 &#x884C;:&#13;&#10;----&#x9009;&#x624B;&#x8F93;&#x51FA;&#x7684;&#x7B2C; 1 &#x5217;----&#13;&#10;&gt;337383&#13;&#10;----&#x6807;&#x51C6;&#x8F93;&#x51FA;&#x7684;&#x7B2C; 1 &#x5217;----&#13;&#10;&gt;8681" time="0.01" memory="12324" score="0"/><testcase status="8" exitcode="0" detail="&#x5728;&#x7B2C; 1 &#x884C;:&#13;&#10;----&#x9009;&#x624B;&#x8F93;&#x51FA;&#x7684;&#x7B2C; 1 &#x5217;----&#13;&#10;&gt;397961&#13;&#10;----&#x6807;&#x51C6;&#x8F93;&#x51FA;&#x7684;&#x7B2C; 1 &#x5217;----&#13;&#10;&gt;13514" time="0.01" memory="12324" score="0"/></problem><problem title="&#x5403;&#x6843;&#x5B50;" filename="peach.cpp" status="1" hash="1468662514" detail=""><testcase status="7" exitcode="0" detail="" time="0.01" memory="4420" score="10"/><testcase status="7" exitcode="0" detail="" time="0" memory="4424" score="10"/><testcase status="7" exitcode="0" detail="" time="0" memory="4420" score="10"/><testcase status="7" exitcode="0" detail="" time="0.03" memory="4424" score="10"/><testcase status="7" exitcode="0" detail="" time="0.15" memory="4424" score="10"/><testcase status="7" exitcode="0" detail="" time="0.26" memory="4424" score="10"/><testcase status="7" exitcode="0" detail="" time="0.4" memory="4424" score="10"/><testcase status="7" exitcode="0" detail="" time="0.39" memory="4416" score="10"/><testcase status="7" exitcode="0" detail="" time="0.24" memory="4420" score="10"/><testcase status="7" exitcode="0" detail="" time="0.26" memory="4424" score="10"/></problem><problem title="&#x5B57;&#x7B26;&#x4E32;&#x8DDD;&#x79BB;" filename="zifu.cpp" status="1" hash="184858459" detail=""><testcase status="10" exitcode="0" detail="" time="0" memory="4432" score="0"/><testcase status="10" exitcode="0" detail="" time="0" memory="4436" score="0"/><testcase status="10" exitcode="0" detail="" time="0" memory="4436" score="0"/><testcase status="10" exitcode="0" detail="" time="0" memory="4432" score="0"/><testcase status="10" exitcode="0" detail="" time="0" memory="4436" score="0"/><testcase status="10" exitcode="0" detail="" time="0" memory="4432" score="0"/><testcase status="10" exitcode="0" detail="" time="0" memory="4432" score="0"/><testcase status="10" exitcode="0" detail="" time="0" memory="4436" score="0"/><testcase status="10" exitcode="0" detail="" time="0" memory="4432" score="0"/><testcase status="10" exitcode="0" detail="" time="0" memory="4432" score="0"/></problem></result></cena>
