<?xml version="1.0"?>
<cena version="0.8.2"><result judgetime="44098.6552235532"><problem title="maths" filename="maths.cpp" status="1" hash="587822630" detail=""><testcase status="7" exitcode="0" detail="" time="0" memory="1424" score="10"/><testcase status="7" exitcode="0" detail="" time="0" memory="1420" score="10"/><testcase status="7" exitcode="0" detail="" time="0" memory="1420" score="10"/><testcase status="7" exitcode="0" detail="" time="0" memory="1424" score="10"/><testcase status="7" exitcode="0" detail="" time="0" memory="1420" score="10"/><testcase status="7" exitcode="0" detail="" time="0" memory="1420" score="10"/><testcase status="7" exitcode="0" detail="" time="0" memory="1420" score="10"/><testcase status="7" exitcode="0" detail="" time="0" memory="1420" score="10"/><testcase status="7" exitcode="0" detail="" time="0" memory="1424" score="10"/><testcase status="7" exitcode="0" detail="" time="0" memory="1420" score="10"/></problem><problem title="close" filename="close.cpp" status="1" hash="3522852190" detail=""><testcase status="3" exitcode="1" detail="" time="1.0140065" memory="436" score="0"/><testcase status="3" exitcode="1" detail="" time="1.0296066" memory="436" score="0"/><testcase status="3" exitcode="1" detail="" time="1.0140065" memory="436" score="0"/><testcase status="3" exitcode="1" detail="" time="1.2012077" memory="436" score="0"/><testcase status="3" exitcode="1" detail="" time="1.0140065" memory="436" score="0"/><testcase status="3" exitcode="1" detail="" time="1.0140065" memory="436" score="0"/><testcase status="3" exitcode="1" detail="" time="1.0140065" memory="436" score="0"/><testcase status="3" exitcode="1" detail="" time="1.0140065" memory="436" score="0"/><testcase status="3" exitcode="1" detail="" time="1.0140065" memory="436" score="0"/><testcase status="3" exitcode="1" detail="" time="1.0140065" memory="436" score="0"/></problem><problem title="dna" filename="" status="14" hash="0" detail=""><testcase status="14" exitcode="0" detail="" time="0" memory="0" score="0"/><testcase status="14" exitcode="0" detail="" time="0" memory="0" score="0"/><testcase status="14" exitcode="0" detail="" time="0" memory="0" score="0"/><testcase status="14" exitcode="0" detail="" time="0" memory="0" score="0"/><testcase status="14" exitcode="0" detail="" time="0" memory="0" score="0"/><testcase status="14" exitcode="0" detail="" time="0" memory="0" score="0"/><testcase status="14" exitcode="0" detail="" time="0" memory="0" score="0"/><testcase status="14" exitcode="0" detail="" time="0" memory="0" score="0"/><testcase status="14" exitcode="0" detail="" time="0" memory="0" score="0"/><testcase status="14" exitcode="0" detail="" time="0" memory="0" score="0"/></problem><problem title="game" filename="game.cpp" status="1" hash="2250144812" detail=""><testcase status="3" exitcode="1" detail="" time="1.0140065" memory="1644" score="0"/><testcase status="3" exitcode="1" detail="" time="1.0140065" memory="1644" score="0"/><testcase status="3" exitcode="1" detail="" time="1.0140065" memory="1644" score="0"/><testcase status="6" exitcode="3221225725" detail="" time="0.01" memory="3644" score="0"/><testcase status="6" exitcode="3221225725" detail="" time="0.01" memory="3640" score="0"/><testcase status="6" exitcode="3221225725" detail="" time="0.01" memory="3640" score="0"/><testcase status="6" exitcode="3221225725" detail="" time="0" memory="3644" score="0"/><testcase status="6" exitcode="3221225725" detail="" time="0.01" memory="3640" score="0"/><testcase status="6" exitcode="3221225725" detail="" time="0.01" memory="3640" score="0"/><testcase status="6" exitcode="3221225725" detail="" time="0.01" memory="3640" score="0"/></problem></result></cena>
